scholarship_name,provider,field,state,Gender,Community,Religion,Education Qualification,Income,Annual-Percentage,amount,deadline,apply_link,eligible
NSP Central Sector Scheme,Ministry of Education,All,All India,All,All,All,Undergraduate,Upto 4.5L,80-90,"Rs 12,000/year",Oct 31,https://scholarships.gov.in,1
NSP Post Matric SC Scholarship,Ministry of Social Justice,All,All India,All,SC,All,Undergraduate,Upto 2.5L,50-60,"Rs 10,000/year",Nov 30,https://scholarships.gov.in,1
NSP Post Matric ST Scholarship,Ministry of Tribal Affairs,All,All India,All,ST,All,Undergraduate,Upto 2.5L,50-60,"Rs 10,000/year",Nov 30,https://scholarships.gov.in,1
NSP OBC Post Matric,Ministry of Social Justice,All,All India,All,OBC,All,Undergraduate,Upto 1L,50-60,"Rs 8,000/year",Nov 30,https://scholarships.gov.in,1
NSP Merit cum Means Minority,Ministry of Minority Affairs,All,All India,All,Minority,All,Undergraduate,Upto 2.5L,50-60,"Rs 25,000/year",Oct 31,https://scholarships.gov.in,1
NSP Pre Matric Minority,Ministry of Minority Affairs,All,All India,All,Minority,All,Class 10,Upto 1L,50-60,"Rs 5,000/year",Sep 30,https://scholarships.gov.in,1
Begum Hazrat Mahal Scholarship,Maulana Azad Foundation,All,All India,Female,Minority,Muslim,Class 12,Upto 2L,50-60,"Rs 10,000/year",Oct 31,https://scholarships.gov.in,1
Maulana Azad Fellowship,Ministry of Minority Affairs,All,All India,All,Minority,All,PhD,No Limit,Above 75,"Rs 25,000/month",Dec 31,https://scholarships.gov.in,1
National Fellowship SC,UGC,All,All India,All,SC,All,PhD,No Limit,Above 60,"Rs 28,000/month",Dec 31,https://scholarships.gov.in,1
National Fellowship ST,UGC,All,All India,All,ST,All,PhD,No Limit,Above 60,"Rs 28,000/month",Dec 31,https://scholarships.gov.in,1
Pragati Scholarship for Girls,AICTE,Engineering,All India,Female,All,All,Undergraduate,Upto 8L,60-70,"Rs 50,000/year",Nov 30,https://scholarships.gov.in,1
Saksham Scholarship Specially Abled,AICTE,Engineering,All India,All,All,All,Undergraduate,Upto 8L,60-70,"Rs 50,000/year",Nov 30,https://scholarships.gov.in,1
AICTE Swanath Scholarship,AICTE,Engineering,All India,All,All,All,Undergraduate,Upto 8L,60-70,"Rs 50,000/year",Nov 30,https://scholarships.gov.in,1
AICTE Doctoral Fellowship,AICTE,Engineering,All India,All,All,All,PhD,No Limit,Above 75,"Rs 35,000/month",Dec 31,https://scholarships.gov.in,1
AICTE Research Promotion Scheme,AICTE,Engineering/Research,All India,All,All,All,PhD,No Limit,Above 75,"Rs 1,00,000/year",Jan 31,https://scholarships.gov.in,1
AICTE NDF Fellowship,AICTE,All Technical,All India,All,All,All,PhD,No Limit,Above 60,"Rs 25,000/month",Nov 30,https://scholarships.gov.in,1
Indira Gandhi Scholarship Single Girl,UGC,All,All India,Female,All,All,Postgraduate,No Limit,Above 60,"Rs 36,200/year",Dec 31,https://scholarships.gov.in,1
UGC JRF Junior Research Fellowship,UGC,Research,All India,All,All,All,PhD,No Limit,Above 75,"Rs 37,000/month",Dec 31,https://scholarships.gov.in,1
UGC SRF Senior Research Fellowship,UGC,Research,All India,All,All,All,PhD,No Limit,Above 75,"Rs 42,000/month",Dec 31,https://scholarships.gov.in,1
UGC PG Scholarship,UGC,All,All India,All,All,All,Postgraduate,No Limit,Above 60,"Rs 3,100/month",Oct 31,https://scholarships.gov.in,1
Ishan Uday North East Scholarship,UGC,All,All India,All,All,All,Undergraduate,Upto 4.5L,60-70,"Rs 54,000/year",Nov 30,https://scholarships.gov.in,1
Rajiv Gandhi National Fellowship,UGC/Ministry,All,All India,All,SC/ST,All,PhD,No Limit,Above 60,"Rs 28,000/month",Dec 31,https://scholarships.gov.in,1
INSPIRE Scholarship SHE,DST India,Science,All India,All,All,All,Undergraduate,No Limit,90-100,"Rs 80,000/year",Dec 15,https://scholarships.gov.in,1
INSPIRE Fellowship PhD,DST India,Science/Research,All India,All,All,All,PhD,No Limit,Above 75,"Rs 35,000/month",Dec 31,https://scholarships.gov.in,1
KVPY Scholarship,DST India,Science,All India,All,All,All,Undergraduate,No Limit,80-90,"Rs 80,000/year",Nov 30,https://scholarships.gov.in,1
DST SERB National Science Fellowship,DST India,Science/Engineering,All India,All,All,All,PhD,No Limit,Above 75,"Rs 2,00,000/year",Dec 31,https://scholarships.gov.in,1
Women Scientist Scheme DST,DST India,Science/Engineering,All India,Female,All,All,Postgraduate,No Limit,Above 60,"Rs 25,000/month",Mar 31,https://scholarships.gov.in,1
ICMR Junior Research Fellowship,ICMR,Medical/Biomedical,All India,All,All,All,PhD,No Limit,Above 75,"Rs 37,000/month",Dec 31,https://scholarships.gov.in,1
ICMR Senior Research Fellowship,ICMR,Medical,All India,All,All,All,PhD,No Limit,Above 75,"Rs 43,000/month",Dec 31,https://scholarships.gov.in,1
DBT JRF Biotechnology,DBT India,Biotechnology/Medical,All India,All,All,All,PhD,No Limit,Above 75,"Rs 37,000/month",Dec 31,https://scholarships.gov.in,1
CSIR JRF Research Fellowship,CSIR,Science/Medical,All India,All,All,All,PhD,No Limit,Above 75,"Rs 37,000/month",Dec 31,https://scholarships.gov.in,1
WHO India Fellowship,WHO India,Public Health/Medical,All India,All,All,All,Postgraduate,No Limit,Above 75,"Rs 60,000/year",Sep 30,https://scholarships.gov.in,1
AIIMS Research Fellowship,AIIMS,Medical,All India,All,All,All,PhD,No Limit,Above 75,"Rs 40,000/month",Mar 31,https://scholarships.gov.in,1
ICMR Extramural Research,ICMR,Medical Research,All India,All,All,All,PhD,No Limit,Above 75,"Rs 30,000/month",Dec 31,https://scholarships.gov.in,1
Government Medical Scholarship SC ST,State Medical Council,Medical,All India,All,SC/ST,All,Undergraduate,Upto 2.5L,60-70,Full Fee Waiver,Oct 31,https://scholarships.gov.in,1
NHM Health Workforce Scholarship,NHM,Medical/Nursing,All India,All,All,All,Undergraduate,Upto 3L,60-70,"Rs 60,000/year",Nov 30,https://scholarships.gov.in,1
Healthcare Scholarship for Girls,Ministry of Health,Medical/Nursing,All India,Female,All,All,Undergraduate,Upto 5L,60-70,"Rs 40,000/year",Nov 30,https://scholarships.gov.in,1
Nursing Excellence Award Scholarship,INC,Nursing,All India,All,All,All,Undergraduate,No Limit,80-90,"Rs 25,000/year",Dec 31,https://scholarships.gov.in,1
Paramedical Science Scholarship,AICTE,Medical Allied,All India,All,All,All,Diploma,Upto 5L,60-70,"Rs 30,000/year",Nov 30,https://scholarships.gov.in,1
Google Generation Scholarship India,Google,Technology/Engineering,All India,All,All,All,Undergraduate,No Limit,Above 75,"Rs 1,00,000/year",Mar 31,https://buildyourfuture.withgoogle.com,1
Microsoft Research Fellowship,Microsoft Research,Technology/CS,All India,All,All,All,PhD,No Limit,Above 75,"Rs 2,50,000/year",Dec 31,https://www.microsoft.com/en-us/research,1
Adobe Research Fellowship,Adobe Systems,Technology/Design,All India,All,All,All,PhD,No Limit,Above 75,"Rs 1,00,000/year",Nov 30,https://scholarships.gov.in,1
Tata Trusts Engineering Scholarship,Tata Trusts,Engineering,All India,All,All,All,Undergraduate,Upto 3L,70-80,"Rs 60,000/year",Oct 31,https://scholarships.gov.in,1
Reliance Foundation Scholarship,Reliance Foundation,Engineering/Technology,All India,All,All,All,Undergraduate,Upto 2.5L,70-80,"Rs 2,00,000/year",Nov 30,https://rf.foundation/scholarships,1
L&T Build India Scholarship,L&T ECC,Engineering,All India,All,All,All,Undergraduate,Upto 2L,70-80,"Rs 25,000/year",Sep 30,https://scholarships.gov.in,1
NTPC Scholarship for SC ST,NTPC,Engineering,All India,All,SC/ST,All,Undergraduate,Upto 1.5L,60-70,"Rs 10,000/year",Oct 31,https://scholarships.gov.in,1
ONGC Scholarship,ONGC Foundation,Engineering/Technical,All India,All,All,All,Undergraduate,Upto 2L,60-70,"Rs 48,000/year",Sep 30,https://scholarships.gov.in,1
BPCL Scholarship,BPCL,Engineering/Technical,All India,All,All,All,Undergraduate,Upto 2L,60-70,"Rs 25,000/year",Oct 31,https://scholarships.gov.in,1
IOCL Scholarship,IOCL,Engineering,All India,All,SC/ST,All,Undergraduate,Upto 1.5L,60-70,"Rs 20,000/year",Oct 31,https://scholarships.gov.in,1
Intel Fellowship India,Intel Corp,CS/Engineering,All India,All,All,All,PhD,No Limit,Above 75,"Rs 3,00,000/year",Nov 30,https://scholarships.gov.in,1
Infosys Foundation Scholarship,Infosys Foundation,Technology,All India,All,All,All,Undergraduate,Upto 2.5L,70-80,"Rs 50,000/year",Nov 30,https://scholarships.gov.in,1
Wipro Applying Thought Scholarship,Wipro Ltd,Engineering/CS,All India,All,All,All,Undergraduate,No Limit,80-90,"Rs 30,000/year",Oct 31,https://scholarships.gov.in,1
TCS Digital Scholarship,TCS,Technology,All India,All,All,All,Undergraduate,Upto 3L,70-80,"Rs 50,000/year",Nov 30,https://scholarships.gov.in,1
HCL Grant,HCL Technologies,Technology,All India,All,All,All,Undergraduate,Upto 2L,70-80,"Rs 50,000/year",Nov 30,https://scholarships.gov.in,1
Cognizant Foundation Scholarship,Cognizant Foundation,Technology,All India,All,All,All,Undergraduate,Upto 2.5L,60-70,"Rs 50,000/year",Nov 30,https://scholarships.gov.in,1
Qualcomm India Scholarship,Qualcomm India,Electrical/CS,All India,Female,All,All,Undergraduate,No Limit,Above 75,"Rs 1,00,000/year",Dec 31,https://scholarships.gov.in,1
Texas Instruments India Scholarship,Texas Instruments,Electronics/CS,All India,Female,All,All,Undergraduate,No Limit,Above 75,"Rs 50,000/year",Nov 30,https://scholarships.gov.in,1
Siemens India Scholarship,Siemens,Engineering,All India,All,All,All,Undergraduate,Upto 3L,70-80,"Rs 60,000/year",Oct 31,https://scholarships.gov.in,1
Bosch Scholarship,Bosch India,Engineering,All India,All,All,All,Undergraduate,Upto 3L,70-80,"Rs 40,000/year",Oct 31,https://scholarships.gov.in,1
Bar Council of India Scholarship,Bar Council of India,Law,All India,All,All,All,Undergraduate,Upto 3L,60-70,"Rs 20,000/year",Nov 30,https://scholarships.gov.in,1
National Law School Scholarship,NLS Bangalore,Law,All India,All,SC/ST/OBC,All,Undergraduate,Upto 2L,Above 75,Full Fee Waiver,Jul 31,https://scholarships.gov.in,1
Trilegal Scholarship,Trilegal Law Firm,Law,All India,All,All,All,Undergraduate,No Limit,Above 75,"Rs 1,00,000/year",Dec 31,https://scholarships.gov.in,1
AZB & Partners Scholarship,AZB Partners,Law,All India,Female,All,All,Undergraduate,No Limit,Above 75,"Rs 75,000/year",Dec 31,https://scholarships.gov.in,1
CLAT Legal Aid Scholarship,CLAT Consortium,Law,All India,All,SC/ST,All,Undergraduate,Upto 2.5L,Above 60,Full Fee Waiver,Jul 31,https://scholarships.gov.in,1
Law Alumni Scholarship NLU Delhi,NLU Delhi,Law,All India,All,All,All,Postgraduate,No Limit,Above 75,"Rs 50,000/year",Oct 31,https://scholarships.gov.in,1
Human Rights Scholarship NHRC,NHRC India,Law/Human Rights,All India,All,All,All,Postgraduate,No Limit,Above 70,"Rs 30,000/year",Dec 31,https://scholarships.gov.in,1
Women in Law Scholarship,ILAW Foundation,Law,All India,Female,All,All,Undergraduate,Upto 5L,Above 60,"Rs 40,000/year",Nov 30,https://scholarships.gov.in,1
IIM Scholarship SC ST,IIM Ahmedabad/Bangalore/Calcutta,Management,All India,All,SC/ST,All,Postgraduate,Upto 3L,Above 60,Full Tuition Fee,Jul 31,https://scholarships.gov.in,1
Narotam Sekhsaria Foundation,NSF,Management/Law/Medicine,All India,All,All,All,Postgraduate,No Limit,Above 75,"Rs 4,00,000/year",Mar 31,https://scholarships.gov.in,1
KC Mahindra Scholarship,KC Mahindra Trust,Management,All India,All,All,All,Postgraduate,Upto 3L,Above 60,"Rs 1,50,000/year",Nov 30,https://scholarships.gov.in,1
HDFC Badhte Kadam Scholarship,HDFC Bank,Commerce/Management,All India,All,All,All,Undergraduate,Upto 2.5L,70-80,"Rs 15,000/year",Nov 30,https://www.hdfcbank.com,1
Axis Bank Foundation Scholarship,Axis Bank,Commerce/Finance,All India,All,All,All,Undergraduate,Upto 2.5L,60-70,"Rs 30,000/year",Oct 31,https://scholarships.gov.in,1
ICICI Foundation Scholarship,ICICI Foundation,Commerce/Finance,All India,All,All,All,Undergraduate,Upto 2L,60-70,"Rs 25,000/year",Nov 30,https://scholarships.gov.in,1
Kotak Kanya Scholarship,Kotak Education Foundation,Commerce,All India,Female,All,All,Undergraduate,Upto 3.5L,70-80,"Rs 1,50,000/year",Nov 30,https://scholarships.gov.in,1
Bajaj Capital Scholarship,Bajaj Capital,Finance/Commerce,All India,All,All,All,Undergraduate,Upto 3L,60-70,"Rs 20,000/year",Oct 31,https://scholarships.gov.in,1
Deloitte Foundation Scholarship,Deloitte India,Finance/CA,All India,All,All,All,Undergraduate,No Limit,Above 75,"Rs 50,000/year",Nov 30,https://scholarships.gov.in,1
KPMG India Scholarship,KPMG India,Finance/CA,All India,All,All,All,Undergraduate,No Limit,Above 75,"Rs 75,000/year",Dec 31,https://scholarships.gov.in,1
NID Scholarship,National Institute of Design,Design,All India,All,SC/ST/OBC,All,Undergraduate,Upto 2.5L,Above 60,"Rs 60,000/year",Jul 31,https://scholarships.gov.in,1
NIFT Scholarship,National Institute of Fashion Technology,Design/Fashion,All India,All,SC/ST/OBC,All,Undergraduate,Upto 2.5L,Above 60,"Rs 45,000/year",Jul 31,https://scholarships.gov.in,1
Sangeet Natak Akademi Award,SNA,Performing Arts,All India,All,All,All,Undergraduate,No Limit,Above 60,"Rs 25,000/year",Dec 31,https://scholarships.gov.in,1
Lalit Kala Akademi Fellowship,Lalit Kala Akademi,Fine Arts,All India,All,All,All,Postgraduate,No Limit,Above 60,"Rs 1,00,000/year",Dec 31,https://scholarships.gov.in,1
FTII Scholarship,Film and TV Institute India,Filmmaking/Media,All India,All,SC/ST/OBC,All,Diploma,Upto 2L,60-70,"Rs 40,000/year",Aug 31,https://scholarships.gov.in,1
Doordarshan Training Scholarship,Prasar Bharati,Media/Journalism,All India,All,All,All,Postgraduate,Upto 3L,Above 60,"Rs 20,000/year",Oct 31,https://scholarships.gov.in,1
Press Institute Scholarship,PIJ Chennai,Journalism,All India,All,SC/ST,All,Postgraduate,Upto 2L,Above 60,"Rs 25,000/year",Sep 30,https://scholarships.gov.in,1
Animation Industry Scholarship,ASIFA India,Animation/Design,All India,All,All,All,Diploma,Upto 3L,60-70,"Rs 30,000/year",Nov 30,https://scholarships.gov.in,1
Photography Grant,Indian Photography Foundation,Photography,All India,All,All,All,Diploma,No Limit,Above 60,"Rs 20,000/year",Dec 31,https://scholarships.gov.in,1
Content Creator Scholarship,Digital India Foundation,Digital Media,All India,All,All,All,Undergraduate,Upto 3L,Above 60,"Rs 25,000/year",Nov 30,https://scholarships.gov.in,1
AAI Sports Scholarship,Airports Authority India,Sports,All India,All,All,All,Undergraduate,No Limit,50-60,"Rs 25,000/year",Sep 30,https://scholarships.gov.in,1
ONGC Sports Scholarship,ONGC Foundation,Sports,All India,All,All,All,Undergraduate,No Limit,50-60,"Rs 48,000/year",Sep 30,https://scholarships.gov.in,1
SAI Excellence Scholarship,Sports Authority India,Sports,All India,All,All,All,Undergraduate,No Limit,50-60,"Rs 1,00,000/year",Dec 31,https://scholarships.gov.in,1
TOPS Olympic Scholarship,Sports Ministry India,Sports,All India,All,All,All,Undergraduate,No Limit,50-60,"Upto Rs 5,00,000",Ongoing,https://scholarships.gov.in,1
National Sports Talent Contest,SAI,Sports,All India,All,All,All,Class 10,No Limit,Above 60,"Rs 1,500/month",Ongoing,https://scholarships.gov.in,1
Railway Sports Quota Scholarship,Indian Railways,Sports,All India,All,All,All,Undergraduate,No Limit,50-60,"Rs 20,000/year",Oct 31,https://scholarships.gov.in,1
Army Sports Scholarship,Indian Army,Sports,All India,All,All,All,Undergraduate,No Limit,50-60,"Rs 30,000/year",Oct 31,https://scholarships.gov.in,1
Cricket Scholarship BCCI,BCCI Foundation,Cricket,All India,All,All,All,Undergraduate,No Limit,50-60,"Rs 1,50,000/year",Nov 30,https://scholarships.gov.in,1
Khelo India Scholarship,Ministry of Youth Affairs,Sports,All India,All,All,All,Undergraduate,No Limit,50-60,"Rs 5,00,000/year",Dec 31,https://scholarships.gov.in,1
Para Sports Scholarship,Paralympic Comm India,Para Sports,All India,All,All,All,Undergraduate,No Limit,50-60,"Rs 75,000/year",Dec 31,https://scholarships.gov.in,1
Wrestling Federation Scholarship,WFI India,Sports,All India,All,All,All,Undergraduate,No Limit,50-60,"Rs 50,000/year",Nov 30,https://scholarships.gov.in,1
Badminton Scholarship BAI,BAI India,Sports,All India,All,All,All,Undergraduate,No Limit,50-60,"Rs 60,000/year",Nov 30,https://scholarships.gov.in,1
Bhabha Atomic Research Scholarship,BARC,Physics/Nuclear,All India,All,All,All,Undergraduate,No Limit,Above 75,"Rs 15,000/month",Dec 31,https://scholarships.gov.in,1
ISRO Young Scientist Scholarship,ISRO,Space Science/Engineering,All India,All,All,All,Undergraduate,No Limit,Above 75,"Rs 20,000/year",Dec 31,https://scholarships.gov.in,1
IISc Research Fellowship,IISc Bangalore,Science/Engineering,All India,All,All,All,Postgraduate,No Limit,Above 75,"Rs 35,000/month",Jun 30,https://scholarships.gov.in,1
JNCASR Fellowship,JNCASR,Science Research,All India,All,All,All,PhD,No Limit,Above 75,"Rs 35,000/month",Jun 30,https://scholarships.gov.in,1
NCBS Fellowship,NCBS Bangalore,Biological Sciences,All India,All,All,All,PhD,No Limit,Above 75,"Rs 35,000/month",Jun 30,https://scholarships.gov.in,1
TIFR Graduate Fellowship,TIFR Mumbai,Science/Mathematics,All India,All,All,All,PhD,No Limit,Above 75,"Rs 37,000/month",Jun 30,https://scholarships.gov.in,1
IMSc Fellowship,IMSc Chennai,Mathematics,All India,All,All,All,PhD,No Limit,Above 75,"Rs 35,000/month",Jun 30,https://scholarships.gov.in,1
IIT Research Scholarship,IIT Bombay/Delhi/Madras,Engineering/Science,All India,All,All,All,PhD,No Limit,Above 75,"Rs 37,000/month",Dec 31,https://scholarships.gov.in,1
Ramanujan Fellowship,SERB,Mathematics,All India,All,All,All,PhD,No Limit,Above 75,"Rs 1,35,000/month",Mar 31,https://scholarships.gov.in,1
Swarna Jayanti Fellowship,DST,Science/Engineering,All India,All,All,All,PhD,No Limit,Above 75,"Rs 25,000/month",Dec 31,https://scholarships.gov.in,1
Young Scientist Award DST,DST,Science,All India,All,All,All,Postgraduate,No Limit,Above 75,"Rs 30,000/year",Dec 31,https://scholarships.gov.in,1
NASI Young Scientist Scholarship,NASI Allahabad,Science,All India,All,All,All,Postgraduate,No Limit,Above 75,"Rs 25,000/year",Dec 31,https://scholarships.gov.in,1
National Teacher Fellowship NCTE,NCTE India,Education/B.Ed,All India,All,All,All,Postgraduate,No Limit,Above 60,"Rs 15,000/year",Nov 30,https://scholarships.gov.in,1
NCERT Scholarship,NCERT India,Education/Research,All India,All,All,All,Postgraduate,No Limit,Above 60,"Rs 20,000/year",Dec 31,https://scholarships.gov.in,1
NIEPA Fellowship,NIEPA,Education Administration,All India,All,All,All,PhD,No Limit,Above 70,"Rs 28,000/month",Dec 31,https://scholarships.gov.in,1
Fulbright Teaching Excellence Award,USIEF India,Teaching,All India,All,All,All,Postgraduate,No Limit,Above 60,Full Scholarship,Dec 31,https://scholarships.gov.in,1
RIE Scholarship,RIE NCERT,Teacher Education,All India,All,SC/ST,All,Undergraduate,Upto 2L,Above 60,"Rs 10,000/year",Oct 31,https://scholarships.gov.in,1
DIET Faculty Scholarship,SCERT India,Teacher Training,All India,All,All,All,Undergraduate,Upto 3L,Above 60,"Rs 15,000/year",Nov 30,https://scholarships.gov.in,1
Primary Teacher Scholarship,State SSA,Primary Education,All India,Female,All,All,Undergraduate,Upto 2.5L,50-60,"Rs 12,000/year",Oct 31,https://scholarships.gov.in,1
NIMHANS Research Fellowship,NIMHANS Bangalore,Psychology/Psychiatry,All India,All,All,All,PhD,No Limit,Above 75,"Rs 35,000/month",Jun 30,https://scholarships.gov.in,1
IPA Young Psychologist Award,Indian Psychological Assn,Psychology,All India,All,All,All,Postgraduate,No Limit,Above 70,"Rs 25,000/year",Dec 31,https://scholarships.gov.in,1
ICMR Mental Health Fellowship,ICMR,Mental Health,All India,All,All,All,PhD,No Limit,Above 75,"Rs 37,000/month",Dec 31,https://scholarships.gov.in,1
RCI Scholarship for Disabled,Rehabilitation Council India,Psychology/Special Ed,All India,All,SC/ST/OBC,All,Postgraduate,Upto 3L,Above 60,"Rs 20,000/year",Oct 31,https://scholarships.gov.in,1
WHO Mental Health Grant,WHO India,Public Mental Health,All India,All,All,All,Postgraduate,No Limit,Above 70,"Rs 40,000/year",Sep 30,https://scholarships.gov.in,1
TISS Fellowship,TISS Mumbai,Social Work/Psychology,All India,All,SC/ST,All,Postgraduate,Upto 2L,Above 60,Full Fee Waiver,Mar 31,https://scholarships.gov.in,1
MahaDBT VJNT Scholarship,MahaDBT / Maharashtra,All,Maharashtra,All,VJNT,All,Undergraduate,Upto 2.5L,50-60,Tuition + Maintenance,Nov 30,https://mahadbt.maharashtra.gov.in,1
MahaDBT SBC Scholarship,MahaDBT / Maharashtra,All,Maharashtra,All,SBC,All,Undergraduate,Upto 2.5L,50-60,Tuition + Maintenance,Nov 30,https://mahadbt.maharashtra.gov.in,1
MahaDBT OBC Post Matric,MahaDBT / Maharashtra,All,Maharashtra,All,OBC,All,Undergraduate,Upto 1L,50-60,"Rs 10,000/year",Nov 30,https://mahadbt.maharashtra.gov.in,1
MahaDBT EBC Scholarship,MahaDBT / Maharashtra,All,Maharashtra,All,EBC,All,Undergraduate,Upto 1L,50-60,"Rs 8,000/year",Nov 30,https://mahadbt.maharashtra.gov.in,1
MahaDBT NT-B Scholarship,MahaDBT / Maharashtra,All,Maharashtra,All,NT-B,All,Undergraduate,Upto 2.5L,50-60,Tuition Fee,Nov 30,https://mahadbt.maharashtra.gov.in,1
MahaDBT NT-C Scholarship,MahaDBT / Maharashtra,All,Maharashtra,All,NT-C,All,Undergraduate,Upto 2.5L,50-60,Tuition Fee,Nov 30,https://mahadbt.maharashtra.gov.in,1
MahaDBT NT-D Scholarship,MahaDBT / Maharashtra,All,Maharashtra,All,NT-D,All,Undergraduate,Upto 2.5L,50-60,Tuition Fee,Nov 30,https://mahadbt.maharashtra.gov.in,1
MahaDBT SC Post Matric,MahaDBT / Maharashtra,All,Maharashtra,All,SC,All,Undergraduate,Upto 2.5L,50-60,Tuition + Exam Fee,Nov 30,https://mahadbt.maharashtra.gov.in,1
MahaDBT ST Post Matric,MahaDBT / Maharashtra,All,Maharashtra,All,ST,All,Undergraduate,Upto 2.5L,50-60,Tuition + Exam Fee,Nov 30,https://mahadbt.maharashtra.gov.in,1
Rajarshi Chhatrapati Shahu Maharaj Merit Scholarship,Maharashtra Govt,All,Maharashtra,All,All,All,Undergraduate,No Limit,90-100,"Rs 15,000/year",Nov 30,https://mahadbt.maharashtra.gov.in,1
Swadhar Greh Scheme,Maharashtra Social Welfare,All,Maharashtra,All,SC,All,Undergraduate,Upto 2.5L,50-60,"Rs 51,000/year",Oct 31,https://sjsa.maharashtra.gov.in,1
Pandit Din Dayal Upadhyay Scholarship,Maharashtra,All,Maharashtra,All,EWS,All,Undergraduate,Upto 1.5L,60-70,"Rs 10,000/year",Nov 30,https://scholarships.gov.in,1
Mahatma Jyotiba Phule Scholarship,Maharashtra Govt,All,Maharashtra,All,OBC,All,Undergraduate,Upto 2L,60-70,"Rs 12,000/year",Nov 30,https://mahadbt.maharashtra.gov.in,1
Dr Babasaheb Ambedkar Swadhaar Yojana,Maharashtra,All,Maharashtra,All,SC/NavBoudh,All,Undergraduate,No Limit,50-60,"Rs 51,000/year",Oct 31,https://scholarships.gov.in,1
Panjabrao Deshmukh Agriculture Scholarship,Maharashtra Agri Dept,Agriculture,Maharashtra,All,All,All,Undergraduate,Upto 2.5L,50-60,"Rs 25,000/year",Oct 31,https://scholarships.gov.in,1
VJNT Free Hostel Facility,Maharashtra Govt,All,Maharashtra,All,VJNT,All,Undergraduate,Upto 1L,50-60,Free Hostel,Nov 30,https://scholarships.gov.in,1
MahaDBT Minority Post Matric,MahaDBT / Maharashtra,All,Maharashtra,All,Minority,All,Undergraduate,Upto 2L,50-60,"Rs 15,000/year",Nov 30,https://mahadbt.maharashtra.gov.in,1
Maharashtra Engineering Entrance Scholarship,DTE Maharashtra,Engineering,Maharashtra,All,All,All,Undergraduate,No Limit,Above 75,"Rs 20,000/year",Nov 30,https://scholarships.gov.in,1
Savitribai Phule Girls Scholarship,Maharashtra Govt,All,Maharashtra,Female,All,All,Undergraduate,Upto 3L,50-60,"Rs 20,000/year",Nov 30,https://scholarships.gov.in,1
Dr Panjabrao Deshmukh Vasatigruh Scholarship,Maharashtra,All,Maharashtra,All,OBC,All,Undergraduate,Upto 2L,50-60,"Rs 38,000/year",Nov 30,https://mahadbt.maharashtra.gov.in,1
Eklavya Scholarship Maharashtra,Maharashtra Tribal,All,Maharashtra,All,ST,All,Undergraduate,Upto 2L,50-60,"Rs 15,000/year",Nov 30,https://scholarships.gov.in,1
MahaDBT Research Fellowship,MahaDBT,Research/PhD,Maharashtra,All,All,All,PhD,No Limit,Above 70,"Rs 25,000/month",Dec 31,https://mahadbt.maharashtra.gov.in,1
Maharashtra Science Academy Fellowship,MSA,Science,Maharashtra,All,All,All,Postgraduate,No Limit,Above 75,"Rs 15,000/year",Dec 31,https://scholarships.gov.in,1
MHRD Scholarship Maharashtra Toppers,Maharashtra Education,All,Maharashtra,All,All,All,Undergraduate,No Limit,90-100,"Rs 12,000/year",Nov 30,https://scholarships.gov.in,1
Chhatrapati Shivaji Maharaj Scholarship,Maharashtra,All,Maharashtra,All,All,All,Undergraduate,Upto 1L,80-90,"Rs 5,000/year",Nov 30,https://scholarships.gov.in,1
Maharashtra Minority Welfare Scholarship,MMSW,All,Maharashtra,All,Minority,Muslim,Undergraduate,Upto 2.5L,50-60,"Rs 15,000/year",Oct 31,https://scholarships.gov.in,1
DTE Maharashtra Technical Scholarship,DTE Maharashtra,Engineering/Pharmacy,Maharashtra,All,All,All,Undergraduate,No Limit,Above 75,"Rs 10,000/year",Oct 31,https://scholarships.gov.in,1
Chhava Scholarship Maharashtra,Maharashtra Govt,All,Maharashtra,All,SC/ST/OBC,All,Class 12,No Limit,Above 60,"Rs 5,000/year",Oct 31,https://scholarships.gov.in,1
Pune Municipal Corporation Scholarship,PMC Pune,All,Maharashtra,All,All,All,Undergraduate,Upto 3L,60-70,"Rs 10,000/year",Oct 31,https://scholarships.gov.in,1
Mumbai University Excellence Scholarship,University of Mumbai,All,Maharashtra,All,All,All,Undergraduate,No Limit,90-100,"Rs 25,000/year",Oct 31,https://scholarships.gov.in,1
Nashik Scholars Programme,Nashik District,All,Maharashtra,All,All,All,Undergraduate,Upto 2.5L,80-90,"Rs 15,000/year",Nov 30,https://scholarships.gov.in,1
Nagpur University Merit Award,RTM Nagpur University,All,Maharashtra,All,All,All,Undergraduate,No Limit,90-100,"Rs 10,000/year",Nov 30,https://scholarships.gov.in,1
Aurangabad Divisional Scholarship,Govt of Maharashtra,All,Maharashtra,All,All,All,Undergraduate,Upto 2L,70-80,"Rs 12,000/year",Nov 30,https://scholarships.gov.in,1
Kolhapur Shahu Memorial Scholarship,Maharashtra,All,Maharashtra,All,OBC/SC,All,Undergraduate,Upto 2L,60-70,"Rs 15,000/year",Nov 30,https://scholarships.gov.in,1
Maharashtra Cultural Scholarship,Directorate of Cultural Affairs,Arts/Culture,Maharashtra,All,All,All,Undergraduate,No Limit,Above 60,"Rs 10,000/year",Dec 31,https://scholarships.gov.in,1
MAHADBT Higher Education Loan,MAHADBT,All,Maharashtra,All,All,All,Undergraduate,Upto 5L,50-60,"Rs 1,00,000 loan at 4%",Ongoing,https://mahadbt.maharashtra.gov.in,1
Maharashtra Pharmacy Scholarship,PCI Maharashtra,Pharmacy,Maharashtra,All,All,All,Undergraduate,Upto 3L,60-70,"Rs 20,000/year",Nov 30,https://scholarships.gov.in,1
Maharashtra Medical Scholarship,MUHS,Medical,Maharashtra,All,SC/ST,All,Undergraduate,Upto 2.5L,60-70,Full Fee Waiver,Aug 31,https://scholarships.gov.in,1
Jai Bhim Scholarship Maharashtra,Social Justice Dept,All,Maharashtra,All,SC,All,Undergraduate,Upto 2.5L,50-60,"Rs 20,000/year",Nov 30,https://scholarships.gov.in,1
Maharashtra Tribal Research Scholarship,TRI Maharashtra,Research,Maharashtra,All,ST,All,PhD,No Limit,Above 60,"Rs 15,000/month",Dec 31,https://scholarships.gov.in,1
Rotary Club Pune Scholarship,Rotary Club Pune,All,Maharashtra,All,All,All,Undergraduate,Upto 3L,70-80,"Rs 20,000/year",Oct 31,https://scholarships.gov.in,1
CII Pune Scholarship,CII Western Region,Engineering,Maharashtra,All,All,All,Undergraduate,Upto 3L,70-80,"Rs 30,000/year",Nov 30,https://scholarships.gov.in,1
Maharashtra Nurses Scholarship,Maharashtra Nursing Council,Nursing,Maharashtra,Female,All,All,Undergraduate,Upto 3L,60-70,"Rs 25,000/year",Oct 31,https://scholarships.gov.in,1
BARC Mumbai Stipend,BARC Mumbai,Physics/Nuclear Eng,Maharashtra,All,All,All,Undergraduate,No Limit,Above 80,"Rs 12,000/month",Dec 31,https://scholarships.gov.in,1
TIFR Research Studentship,TIFR Mumbai,Science,Maharashtra,All,All,All,PhD,No Limit,Above 75,"Rs 37,000/month",Jun 30,https://scholarships.gov.in,1
JN Tata Endowment Loan Scholarship,JN Tata Endowment,All,All India,All,All,All,Postgraduate,No Limit,Above 75,"Rs 10,00,000 loan",Mar 31,https://jntataendowment.org,1
Aditya Birla Scholarship,Aditya Birla Group,All,All India,All,All,All,Undergraduate,No Limit,Above 90,"Rs 65,000/year",Aug 31,https://scholarships.gov.in,1
Kishore Vaigyanik Protsahan Yojana,DST India,Science,All India,All,All,All,Undergraduate,No Limit,Above 75,"Rs 80,000/year",Nov 30,https://scholarships.gov.in,1
Sitaram Jindal Foundation,Sitaram Jindal Foundation,All,All India,All,All,All,Undergraduate,Upto 2.5L,60-70,"Rs 24,000/year",Nov 30,https://scholarships.gov.in,1
Vidyasaarathi Scholarship,Vidyasaarathi,All,All India,All,All,All,Undergraduate,Upto 2.5L,60-70,"Rs 30,000/year",Oct 31,https://www.vidyasaarathi.co.in,1
Swami Vivekanand Scholarship,MP Govt,All,Madhya Pradesh,All,All,All,Undergraduate,Upto 6L,Above 75,"Rs 1,00,000+/year",Nov 30,https://scholarships.gov.in,1
Srinidhi Trust Scholarship,Srinidhi Trust,All,All India,All,All,All,Undergraduate,Upto 2L,70-80,"Rs 20,000/year",Oct 31,https://scholarships.gov.in,1
Azim Premji Foundation,Azim Premji Foundation,All,All India,All,All,All,Undergraduate,Upto 3L,60-70,Full Fee Waiver,Oct 31,https://scholarships.gov.in,1
Dream India Scholarship,Tata Trusts,All,All India,All,SC/ST,All,Undergraduate,Upto 2.5L,60-70,"Rs 50,000/year",Nov 30,https://scholarships.gov.in,1
HDFC Educational Crisis Scholarship,HDFC Bank,All,All India,All,All,All,Undergraduate,Upto 2.5L,50-60,"Rs 25,000/year",Nov 30,https://scholarships.gov.in,1
Central Bank of India Scholar,Central Bank India,All,All India,All,All,All,Undergraduate,Upto 3L,60-70,"Rs 10,000/year",Oct 31,https://scholarships.gov.in,1
SBI Scholar,SBI Foundation,All,All India,All,All,All,Undergraduate,Upto 3L,60-70,"Rs 15,000/year",Oct 31,https://scholarships.gov.in,1
Sarveshwar Education Fund,Sarveshwar Group,All,All India,All,All,All,Undergraduate,Upto 2L,60-70,"Rs 15,000/year",Nov 30,https://scholarships.gov.in,1
Ambuja Cement Foundation,Ambuja Cements,Engineering/Management,All India,All,All,All,Undergraduate,Upto 2.5L,60-70,"Rs 25,000/year",Oct 31,https://scholarships.gov.in,1
Hero MotoCorp Scholarship,Hero MotoCorp,Engineering,All India,All,All,All,Undergraduate,Upto 2.5L,60-70,"Rs 25,000/year",Oct 31,https://scholarships.gov.in,1
Mahindra Pride Scholarship,Mahindra Group,All,All India,All,SC/ST,All,Undergraduate,Upto 2.5L,60-70,"Rs 1,25,000/year",Nov 30,https://scholarships.gov.in,1
Cipla Foundation Scholarship,Cipla Foundation,Medical/Pharmacy,All India,All,All,All,Undergraduate,Upto 2.5L,60-70,"Rs 30,000/year",Nov 30,https://scholarships.gov.in,1
SunPharma Scholarship,Sun Pharmaceutical,Pharmacy/Medical,All India,All,All,All,Undergraduate,Upto 2.5L,60-70,"Rs 28,000/year",Nov 30,https://scholarships.gov.in,1
Biocon Foundation Scholarship,Biocon,Biotechnology/Medical,All India,Female,All,All,Undergraduate,Upto 3L,70-80,"Rs 50,000/year",Nov 30,https://scholarships.gov.in,1
ITC Scholarship,ITC Limited,Engineering/Management,All India,All,All,All,Undergraduate,Upto 2.5L,70-80,"Rs 30,000/year",Oct 31,https://scholarships.gov.in,1
Asian Paints Scholarship,Asian Paints,Engineering/Design,All India,All,All,All,Undergraduate,Upto 2.5L,70-80,"Rs 25,000/year",Oct 31,https://scholarships.gov.in,1
Godrej Scholarship,Godrej Industries,Engineering,All India,Female,All,All,Undergraduate,Upto 3L,70-80,"Rs 50,000/year",Nov 30,https://scholarships.gov.in,1
3M STEM Scholarship,3M India,STEM/Engineering,All India,Female,All,All,Undergraduate,No Limit,Above 75,"Rs 1,00,000/year",Dec 31,https://scholarships.gov.in,1
Unilever Scholarship,HUL India,Engineering/Management,All India,All,All,All,Undergraduate,No Limit,Above 75,"Rs 60,000/year",Nov 30,https://scholarships.gov.in,1
P&G Scholarship,Procter & Gamble,Engineering/Management,All India,Female,All,All,Undergraduate,No Limit,Above 75,"Rs 75,000/year",Nov 30,https://scholarships.gov.in,1
Flipkart Grid Scholarship,Flipkart,CS/Engineering,All India,All,All,All,Undergraduate,No Limit,Above 75,"Rs 1,50,000/year",Dec 31,https://scholarships.gov.in,1
Swiggy Scholarship Initiative,Swiggy,All,All India,All,All,All,Undergraduate,Upto 3L,60-70,"Rs 30,000/year",Nov 30,https://scholarships.gov.in,1
Paytm Foundation Scholarship,Paytm/One97,Technology,All India,All,All,All,Undergraduate,Upto 2.5L,70-80,"Rs 50,000/year",Dec 31,https://scholarships.gov.in,1
Zomato CSR Scholarship,Zomato Foundation,All,All India,All,All,All,Undergraduate,Upto 2.5L,60-70,"Rs 25,000/year",Nov 30,https://scholarships.gov.in,1
BYJU Foundation Scholarship,BYJU,All,All India,All,All,All,Undergraduate,Upto 2L,70-80,"Free Courses + Rs 20,000",Nov 30,https://scholarships.gov.in,1
National Overseas Scholarship SC,Ministry of Social Justice,All,All India,All,SC,All,Postgraduate,Upto 6L,Above 60,Full Funding,Mar 31,https://scholarships.gov.in,1
National Overseas Scholarship ST,Ministry of Tribal Affairs,All,All India,All,ST,All,Postgraduate,Upto 6L,Above 60,Full Funding,Mar 31,https://scholarships.gov.in,1
National Fellowship for Disabled,Dept of Empowerment,All,All India,All,All,All,PhD,No Limit,Above 55,"Rs 20,000/month",Nov 30,https://scholarships.gov.in,1
Mane Scholarship Deaf,National Assn Deaf,All,All India,All,All,All,Undergraduate,Upto 2L,50-60,"Rs 15,000/year",Oct 31,https://scholarships.gov.in,1
Blind Students Scholarship,NAB India,All,All India,All,All,All,Undergraduate,Upto 2L,50-60,"Rs 15,000/year",Oct 31,https://scholarships.gov.in,1
Ek Prayas for War Widows,KSB Ministry,All,All India,Female,All,All,Undergraduate,No Limit,50-60,"Rs 25,000/year",Oct 31,https://scholarships.gov.in,1
Ex-Servicemen Scholarship,KSB India,All,All India,All,All,All,Undergraduate,No Limit,50-60,"Rs 20,000/year",Oct 31,https://scholarships.gov.in,1
Central Armed Police Forces Scholarship,MHA India,All,All India,All,All,All,Undergraduate,No Limit,50-60,"Rs 12,000/year",Oct 31,https://scholarships.gov.in,1
PM Scholarship Scheme CAPF,MHA India,All,All India,All,All,All,Undergraduate,No Limit,60-70,"Rs 36,000/year",Oct 31,https://scholarships.gov.in,1
PM Scholarship for Railway Children,Indian Railways,All,All India,All,All,All,Undergraduate,No Limit,60-70,"Rs 24,000/year",Oct 31,https://scholarships.gov.in,1
Andhra Pradesh State Merit Scholarship,State Education Dept,Arts/Commerce,Andhra Pradesh,All,All,All,Undergraduate,Upto 3L,Above 60,"Rs 12,000/year",Nov 30,https://scholarships.gov.in,1
Andhra Pradesh Girl Empowerment Scholarship,State Women Welfare,Management,Andhra Pradesh,Female,All,All,Undergraduate,Upto 2.5L,60-70,"Rs 1,000/year",Nov 30,https://scholarships.gov.in,1
Andhra Pradesh SC/ST Excellence Award,State Social Welfare,Medical,Andhra Pradesh,All,SC/ST,All,Undergraduate,Upto 2.5L,60-70,"Rs 40,000/year",Oct 31,https://scholarships.gov.in,1
Andhra Pradesh Technical Scholarship,State Technical Ed,Arts/Commerce,Andhra Pradesh,All,All,All,Undergraduate,Upto 3L,70-80,"Rs 3,000/year",Nov 30,https://scholarships.gov.in,1
Andhra Pradesh Research Fellowship,State Univ,Science,Andhra Pradesh,All,All,All,PhD,No Limit,Above 70,"Rs 15,000/month",Dec 31,https://scholarships.gov.in,1
Andhra Pradesh Postgraduate Award,State Govt,Design,Andhra Pradesh,All,All,All,Postgraduate,Upto 4L,Above 60,"Rs 50,000/year",Oct 31,https://scholarships.gov.in,1
Arunachal Pradesh State Merit Scholarship,State Education Dept,Arts/Commerce,Arunachal Pradesh,All,All,All,Undergraduate,Upto 3L,Above 60,"Rs 60,000/year",Nov 30,https://scholarships.gov.in,1
Arunachal Pradesh Girl Empowerment Scholarship,State Women Welfare,Law,Arunachal Pradesh,Female,All,All,Undergraduate,Upto 2.5L,60-70,"Rs 18,000/year",Nov 30,https://scholarships.gov.in,1
Arunachal Pradesh SC/ST Excellence Award,State Social Welfare,Education,Arunachal Pradesh,All,SC/ST,All,Undergraduate,Upto 2.5L,60-70,"Rs 50,000/year",Oct 31,https://scholarships.gov.in,1
Arunachal Pradesh Technical Scholarship,State Technical Ed,Management,Arunachal Pradesh,All,All,All,Undergraduate,Upto 3L,70-80,"Rs 30,000/year",Nov 30,https://scholarships.gov.in,1
Arunachal Pradesh Research Fellowship,State Univ,Engineering,Arunachal Pradesh,All,All,All,PhD,No Limit,Above 70,"Rs 60,000/month",Dec 31,https://scholarships.gov.in,1
Arunachal Pradesh Postgraduate Award,State Govt,Science,Arunachal Pradesh,All,All,All,Postgraduate,Upto 4L,Above 60,"Rs 50,000/year",Oct 31,https://scholarships.gov.in,1
Assam State Merit Scholarship,State Education Dept,Pharmacy,Assam,All,All,All,Undergraduate,Upto 3L,Above 60,"Rs 10,000/year",Nov 30,https://scholarships.gov.in,1
Assam Girl Empowerment Scholarship,State Women Welfare,Biotechnology,Assam,Female,All,All,Undergraduate,Upto 2.5L,60-70,"Rs 30,000/year",Nov 30,https://scholarships.gov.in,1
Assam SC/ST Excellence Award,State Social Welfare,Biotechnology,Assam,All,SC/ST,All,Undergraduate,Upto 2.5L,60-70,"Rs 25,000/year",Oct 31,https://scholarships.gov.in,1
Assam Technical Scholarship,State Technical Ed,Design,Assam,All,All,All,Undergraduate,Upto 3L,70-80,"Rs 5,000/year",Nov 30,https://scholarships.gov.in,1
Assam Research Fellowship,State Univ,Science,Assam,All,All,All,PhD,No Limit,Above 70,"Rs 15,000/month",Dec 31,https://scholarships.gov.in,1
Assam Postgraduate Award,State Govt,Medical,Assam,All,All,All,Postgraduate,Upto 4L,Above 60,"Rs 18,000/year",Oct 31,https://scholarships.gov.in,1
Bihar State Merit Scholarship,State Education Dept,Journalism,Bihar,All,All,All,Undergraduate,Upto 3L,Above 60,"Rs 1,500/year",Nov 30,https://scholarships.gov.in,1
Bihar Girl Empowerment Scholarship,State Women Welfare,Medical,Bihar,Female,All,All,Undergraduate,Upto 2.5L,60-70,"Rs 40,000/year",Nov 30,https://scholarships.gov.in,1
Bihar SC/ST Excellence Award,State Social Welfare,Engineering,Bihar,All,SC/ST,All,Undergraduate,Upto 2.5L,60-70,"Rs 50,000/year",Oct 31,https://scholarships.gov.in,1
Bihar Technical Scholarship,State Technical Ed,All,Bihar,All,All,All,Undergraduate,Upto 3L,70-80,"Rs 25,000/year",Nov 30,https://scholarships.gov.in,1
Bihar Research Fellowship,State Univ,Agriculture,Bihar,All,All,All,PhD,No Limit,Above 70,"Rs 8,000/month",Dec 31,https://scholarships.gov.in,1
Bihar Postgraduate Award,State Govt,Pharmacy,Bihar,All,All,All,Postgraduate,Upto 4L,Above 60,"Rs 2,500/year",Oct 31,https://scholarships.gov.in,1
Chhattisgarh State Merit Scholarship,State Education Dept,Law,Chhattisgarh,All,All,All,Undergraduate,Upto 3L,Above 60,"Rs 10,000/year",Nov 30,https://scholarships.gov.in,1
Chhattisgarh Girl Empowerment Scholarship,State Women Welfare,Pharmacy,Chhattisgarh,Female,All,All,Undergraduate,Upto 2.5L,60-70,"Rs 2,000/year",Nov 30,https://scholarships.gov.in,1
Chhattisgarh SC/ST Excellence Award,State Social Welfare,Agriculture,Chhattisgarh,All,SC/ST,All,Undergraduate,Upto 2.5L,60-70,"Rs 2,500/year",Oct 31,https://scholarships.gov.in,1
Chhattisgarh Technical Scholarship,State Technical Ed,Management,Chhattisgarh,All,All,All,Undergraduate,Upto 3L,70-80,"Rs 3,000/year",Nov 30,https://scholarships.gov.in,1
Chhattisgarh Research Fellowship,State Univ,Agriculture,Chhattisgarh,All,All,All,PhD,No Limit,Above 70,"Rs 2,500/month",Dec 31,https://scholarships.gov.in,1
Chhattisgarh Postgraduate Award,State Govt,Science,Chhattisgarh,All,All,All,Postgraduate,Upto 4L,Above 60,"Rs 60,000/year",Oct 31,https://scholarships.gov.in,1
Goa State Merit Scholarship,State Education Dept,Education,Goa,All,All,All,Undergraduate,Upto 3L,Above 60,"Rs 35,000/year",Nov 30,https://scholarships.gov.in,1
Goa Girl Empowerment Scholarship,State Women Welfare,Biotechnology,Goa,Female,All,All,Undergraduate,Upto 2.5L,60-70,"Rs 50,000/year",Nov 30,https://scholarships.gov.in,1
Goa SC/ST Excellence Award,State Social Welfare,Architecture,Goa,All,SC/ST,All,Undergraduate,Upto 2.5L,60-70,"Rs 25,000/year",Oct 31,https://scholarships.gov.in,1
Goa Technical Scholarship,State Technical Ed,Architecture,Goa,All,All,All,Undergraduate,Upto 3L,70-80,"Rs 1,000/year",Nov 30,https://scholarships.gov.in,1
Goa Research Fellowship,State Univ,Engineering,Goa,All,All,All,PhD,No Limit,Above 70,"Rs 2,000/month",Dec 31,https://scholarships.gov.in,1
Goa Postgraduate Award,State Govt,Journalism,Goa,All,All,All,Postgraduate,Upto 4L,Above 60,"Rs 2,500/year",Oct 31,https://scholarships.gov.in,1
Gujarat State Merit Scholarship,State Education Dept,Computer Science,Gujarat,All,All,All,Undergraduate,Upto 3L,Above 60,"Rs 5,000/year",Nov 30,https://scholarships.gov.in,1
Gujarat Girl Empowerment Scholarship,State Women Welfare,Pharmacy,Gujarat,Female,All,All,Undergraduate,Upto 2.5L,60-70,"Rs 5,000/year",Nov 30,https://scholarships.gov.in,1
Gujarat SC/ST Excellence Award,State Social Welfare,Engineering,Gujarat,All,SC/ST,All,Undergraduate,Upto 2.5L,60-70,"Rs 20,000/year",Oct 31,https://scholarships.gov.in,1
Gujarat Technical Scholarship,State Technical Ed,Medical,Gujarat,All,All,All,Undergraduate,Upto 3L,70-80,"Rs 15,000/year",Nov 30,https://scholarships.gov.in,1
Gujarat Research Fellowship,State Univ,Arts/Commerce,Gujarat,All,All,All,PhD,No Limit,Above 70,"Rs 2,000/month",Dec 31,https://scholarships.gov.in,1
Gujarat Postgraduate Award,State Govt,Journalism,Gujarat,All,All,All,Postgraduate,Upto 4L,Above 60,"Rs 30,000/year",Oct 31,https://scholarships.gov.in,1
Haryana State Merit Scholarship,State Education Dept,Biotechnology,Haryana,All,All,All,Undergraduate,Upto 3L,Above 60,"Rs 6,000/year",Nov 30,https://scholarships.gov.in,1
Haryana Girl Empowerment Scholarship,State Women Welfare,Management,Haryana,Female,All,All,Undergraduate,Upto 2.5L,60-70,"Rs 2,000/year",Nov 30,https://scholarships.gov.in,1
Haryana SC/ST Excellence Award,State Social Welfare,Arts/Commerce,Haryana,All,SC/ST,All,Undergraduate,Upto 2.5L,60-70,"Rs 1,000/year",Oct 31,https://scholarships.gov.in,1
Haryana Technical Scholarship,State Technical Ed,Computer Science,Haryana,All,All,All,Undergraduate,Upto 3L,70-80,"Rs 20,000/year",Nov 30,https://scholarships.gov.in,1
Haryana Research Fellowship,State Univ,Agriculture,Haryana,All,All,All,PhD,No Limit,Above 70,"Rs 40,000/month",Dec 31,https://scholarships.gov.in,1
Haryana Postgraduate Award,State Govt,Law,Haryana,All,All,All,Postgraduate,Upto 4L,Above 60,"Rs 30,000/year",Oct 31,https://scholarships.gov.in,1
Himachal Pradesh State Merit Scholarship,State Education Dept,Biotechnology,Himachal Pradesh,All,All,All,Undergraduate,Upto 3L,Above 60,"Rs 75,000/year",Nov 30,https://scholarships.gov.in,1
Himachal Pradesh Girl Empowerment Scholarship,State Women Welfare,Management,Himachal Pradesh,Female,All,All,Undergraduate,Upto 2.5L,60-70,"Rs 35,000/year",Nov 30,https://scholarships.gov.in,1
Himachal Pradesh SC/ST Excellence Award,State Social Welfare,Arts/Commerce,Himachal Pradesh,All,SC/ST,All,Undergraduate,Upto 2.5L,60-70,"Rs 1,000/year",Oct 31,https://scholarships.gov.in,1
Himachal Pradesh Technical Scholarship,State Technical Ed,All,Himachal Pradesh,All,All,All,Undergraduate,Upto 3L,70-80,"Rs 2,000/year",Nov 30,https://scholarships.gov.in,1
Himachal Pradesh Research Fellowship,State Univ,Management,Himachal Pradesh,All,All,All,PhD,No Limit,Above 70,"Rs 2,000/month",Dec 31,https://scholarships.gov.in,1
Himachal Pradesh Postgraduate Award,State Govt,Agriculture,Himachal Pradesh,All,All,All,Postgraduate,Upto 4L,Above 60,"Rs 2,000/year",Oct 31,https://scholarships.gov.in,1
Jharkhand State Merit Scholarship,State Education Dept,All,Jharkhand,All,All,All,Undergraduate,Upto 3L,Above 60,"Rs 15,000/year",Nov 30,https://scholarships.gov.in,1
Jharkhand Girl Empowerment Scholarship,State Women Welfare,Law,Jharkhand,Female,All,All,Undergraduate,Upto 2.5L,60-70,"Rs 8,000/year",Nov 30,https://scholarships.gov.in,1
Jharkhand SC/ST Excellence Award,State Social Welfare,Biotechnology,Jharkhand,All,SC/ST,All,Undergraduate,Upto 2.5L,60-70,"Rs 6,000/year",Oct 31,https://scholarships.gov.in,1
Jharkhand Technical Scholarship,State Technical Ed,Computer Science,Jharkhand,All,All,All,Undergraduate,Upto 3L,70-80,"Rs 1,500/year",Nov 30,https://scholarships.gov.in,1
Jharkhand Research Fellowship,State Univ,Management,Jharkhand,All,All,All,PhD,No Limit,Above 70,"Rs 1,000/month",Dec 31,https://scholarships.gov.in,1
Jharkhand Postgraduate Award,State Govt,All,Jharkhand,All,All,All,Postgraduate,Upto 4L,Above 60,"Rs 3,000/year",Oct 31,https://scholarships.gov.in,1
Karnataka State Merit Scholarship,State Education Dept,Arts/Commerce,Karnataka,All,All,All,Undergraduate,Upto 3L,Above 60,"Rs 1,000/year",Nov 30,https://scholarships.gov.in,1
Karnataka Girl Empowerment Scholarship,State Women Welfare,Pharmacy,Karnataka,Female,All,All,Undergraduate,Upto 2.5L,60-70,"Rs 18,000/year",Nov 30,https://scholarships.gov.in,1
Karnataka SC/ST Excellence Award,State Social Welfare,Computer Science,Karnataka,All,SC/ST,All,Undergraduate,Upto 2.5L,60-70,"Rs 1,000/year",Oct 31,https://scholarships.gov.in,1
Karnataka Technical Scholarship,State Technical Ed,Management,Karnataka,All,All,All,Undergraduate,Upto 3L,70-80,"Rs 3,000/year",Nov 30,https://scholarships.gov.in,1
Karnataka Research Fellowship,State Univ,Computer Science,Karnataka,All,All,All,PhD,No Limit,Above 70,"Rs 75,000/month",Dec 31,https://scholarships.gov.in,1
Karnataka Postgraduate Award,State Govt,Management,Karnataka,All,All,All,Postgraduate,Upto 4L,Above 60,"Rs 1,000/year",Oct 31,https://scholarships.gov.in,1
Kerala State Merit Scholarship,State Education Dept,Agriculture,Kerala,All,All,All,Undergraduate,Upto 3L,Above 60,"Rs 10,000/year",Nov 30,https://scholarships.gov.in,1
Kerala Girl Empowerment Scholarship,State Women Welfare,Engineering,Kerala,Female,All,All,Undergraduate,Upto 2.5L,60-70,"Rs 18,000/year",Nov 30,https://scholarships.gov.in,1
Kerala SC/ST Excellence Award,State Social Welfare,Architecture,Kerala,All,SC/ST,All,Undergraduate,Upto 2.5L,60-70,"Rs 2,000/year",Oct 31,https://scholarships.gov.in,1
Kerala Technical Scholarship,State Technical Ed,Medical,Kerala,All,All,All,Undergraduate,Upto 3L,70-80,"Rs 12,000/year",Nov 30,https://scholarships.gov.in,1
Kerala Research Fellowship,State Univ,Biotechnology,Kerala,All,All,All,PhD,No Limit,Above 70,"Rs 50,000/month",Dec 31,https://scholarships.gov.in,1
Kerala Postgraduate Award,State Govt,Journalism,Kerala,All,All,All,Postgraduate,Upto 4L,Above 60,"Rs 35,000/year",Oct 31,https://scholarships.gov.in,1
Madhya Pradesh State Merit Scholarship,State Education Dept,Engineering,Madhya Pradesh,All,All,All,Undergraduate,Upto 3L,Above 60,"Rs 6,000/year",Nov 30,https://scholarships.gov.in,1
Madhya Pradesh Girl Empowerment Scholarship,State Women Welfare,Computer Science,Madhya Pradesh,Female,All,All,Undergraduate,Upto 2.5L,60-70,"Rs 1,000/year",Nov 30,https://scholarships.gov.in,1
Madhya Pradesh SC/ST Excellence Award,State Social Welfare,Law,Madhya Pradesh,All,SC/ST,All,Undergraduate,Upto 2.5L,60-70,"Rs 10,000/year",Oct 31,https://scholarships.gov.in,1
Madhya Pradesh Technical Scholarship,State Technical Ed,Medical,Madhya Pradesh,All,All,All,Undergraduate,Upto 3L,70-80,"Rs 6,000/year",Nov 30,https://scholarships.gov.in,1
Madhya Pradesh Research Fellowship,State Univ,Medical,Madhya Pradesh,All,All,All,PhD,No Limit,Above 70,"Rs 3,000/month",Dec 31,https://scholarships.gov.in,1
Madhya Pradesh Postgraduate Award,State Govt,Design,Madhya Pradesh,All,All,All,Postgraduate,Upto 4L,Above 60,"Rs 30,000/year",Oct 31,https://scholarships.gov.in,1
Maharashtra State Merit Scholarship,State Education Dept,Architecture,Maharashtra,All,All,All,Undergraduate,Upto 3L,Above 60,"Rs 75,000/year",Nov 30,https://scholarships.gov.in,1
Maharashtra Girl Empowerment Scholarship,State Women Welfare,All,Maharashtra,Female,All,All,Undergraduate,Upto 2.5L,60-70,"Rs 40,000/year",Nov 30,https://scholarships.gov.in,1
Maharashtra SC/ST Excellence Award,State Social Welfare,Biotechnology,Maharashtra,All,SC/ST,All,Undergraduate,Upto 2.5L,60-70,"Rs 50,000/year",Oct 31,https://scholarships.gov.in,1
Maharashtra Technical Scholarship,State Technical Ed,Arts/Commerce,Maharashtra,All,All,All,Undergraduate,Upto 3L,70-80,"Rs 50,000/year",Nov 30,https://scholarships.gov.in,1
Maharashtra Research Fellowship,State Univ,Agriculture,Maharashtra,All,All,All,PhD,No Limit,Above 70,"Rs 50,000/month",Dec 31,https://scholarships.gov.in,1
Maharashtra Postgraduate Award,State Govt,Computer Science,Maharashtra,All,All,All,Postgraduate,Upto 4L,Above 60,"Rs 6,000/year",Oct 31,https://scholarships.gov.in,1
Manipur State Merit Scholarship,State Education Dept,Biotechnology,Manipur,All,All,All,Undergraduate,Upto 3L,Above 60,"Rs 2,500/year",Nov 30,https://scholarships.gov.in,1
Manipur Girl Empowerment Scholarship,State Women Welfare,Arts/Commerce,Manipur,Female,All,All,Undergraduate,Upto 2.5L,60-70,"Rs 35,000/year",Nov 30,https://scholarships.gov.in,1
Manipur SC/ST Excellence Award,State Social Welfare,Medical,Manipur,All,SC/ST,All,Undergraduate,Upto 2.5L,60-70,"Rs 10,000/year",Oct 31,https://scholarships.gov.in,1
Manipur Technical Scholarship,State Technical Ed,Pharmacy,Manipur,All,All,All,Undergraduate,Upto 3L,70-80,"Rs 2,000/year",Nov 30,https://scholarships.gov.in,1
Manipur Research Fellowship,State Univ,Medical,Manipur,All,All,All,PhD,No Limit,Above 70,"Rs 40,000/month",Dec 31,https://scholarships.gov.in,1
Manipur Postgraduate Award,State Govt,Design,Manipur,All,All,All,Postgraduate,Upto 4L,Above 60,"Rs 3,000/year",Oct 31,https://scholarships.gov.in,1
Meghalaya State Merit Scholarship,State Education Dept,Arts/Commerce,Meghalaya,All,All,All,Undergraduate,Upto 3L,Above 60,"Rs 75,000/year",Nov 30,https://scholarships.gov.in,1
Meghalaya Girl Empowerment Scholarship,State Women Welfare,All,Meghalaya,Female,All,All,Undergraduate,Upto 2.5L,60-70,"Rs 8,000/year",Nov 30,https://scholarships.gov.in,1
Meghalaya SC/ST Excellence Award,State Social Welfare,Agriculture,Meghalaya,All,SC/ST,All,Undergraduate,Upto 2.5L,60-70,"Rs 10,000/year",Oct 31,https://scholarships.gov.in,1
Meghalaya Technical Scholarship,State Technical Ed,Biotechnology,Meghalaya,All,All,All,Undergraduate,Upto 3L,70-80,"Rs 2,000/year",Nov 30,https://scholarships.gov.in,1
Meghalaya Research Fellowship,State Univ,Pharmacy,Meghalaya,All,All,All,PhD,No Limit,Above 70,"Rs 40,000/month",Dec 31,https://scholarships.gov.in,1
Meghalaya Postgraduate Award,State Govt,Engineering,Meghalaya,All,All,All,Postgraduate,Upto 4L,Above 60,"Rs 75,000/year",Oct 31,https://scholarships.gov.in,1
Mizoram State Merit Scholarship,State Education Dept,Medical,Mizoram,All,All,All,Undergraduate,Upto 3L,Above 60,"Rs 6,000/year",Nov 30,https://scholarships.gov.in,1
Mizoram Girl Empowerment Scholarship,State Women Welfare,Arts/Commerce,Mizoram,Female,All,All,Undergraduate,Upto 2.5L,60-70,"Rs 6,000/year",Nov 30,https://scholarships.gov.in,1
Mizoram SC/ST Excellence Award,State Social Welfare,Design,Mizoram,All,SC/ST,All,Undergraduate,Upto 2.5L,60-70,"Rs 8,000/year",Oct 31,https://scholarships.gov.in,1
Mizoram Technical Scholarship,State Technical Ed,All,Mizoram,All,All,All,Undergraduate,Upto 3L,70-80,"Rs 75,000/year",Nov 30,https://scholarships.gov.in,1
Mizoram Research Fellowship,State Univ,Law,Mizoram,All,All,All,PhD,No Limit,Above 70,"Rs 35,000/month",Dec 31,https://scholarships.gov.in,1
Mizoram Postgraduate Award,State Govt,Journalism,Mizoram,All,All,All,Postgraduate,Upto 4L,Above 60,"Rs 5,000/year",Oct 31,https://scholarships.gov.in,1
Nagaland State Merit Scholarship,State Education Dept,Agriculture,Nagaland,All,All,All,Undergraduate,Upto 3L,Above 60,"Rs 6,000/year",Nov 30,https://scholarships.gov.in,1
Nagaland Girl Empowerment Scholarship,State Women Welfare,Biotechnology,Nagaland,Female,All,All,Undergraduate,Upto 2.5L,60-70,"Rs 35,000/year",Nov 30,https://scholarships.gov.in,1
Nagaland SC/ST Excellence Award,State Social Welfare,Pharmacy,Nagaland,All,SC/ST,All,Undergraduate,Upto 2.5L,60-70,"Rs 3,000/year",Oct 31,https://scholarships.gov.in,1
Nagaland Technical Scholarship,State Technical Ed,Education,Nagaland,All,All,All,Undergraduate,Upto 3L,70-80,"Rs 40,000/year",Nov 30,https://scholarships.gov.in,1
Nagaland Research Fellowship,State Univ,Journalism,Nagaland,All,All,All,PhD,No Limit,Above 70,"Rs 6,000/month",Dec 31,https://scholarships.gov.in,1
Nagaland Postgraduate Award,State Govt,Journalism,Nagaland,All,All,All,Postgraduate,Upto 4L,Above 60,"Rs 5,000/year",Oct 31,https://scholarships.gov.in,1
Odisha State Merit Scholarship,State Education Dept,All,Odisha,All,All,All,Undergraduate,Upto 3L,Above 60,"Rs 1,500/year",Nov 30,https://scholarships.gov.in,1
Odisha Girl Empowerment Scholarship,State Women Welfare,Agriculture,Odisha,Female,All,All,Undergraduate,Upto 2.5L,60-70,"Rs 1,500/year",Nov 30,https://scholarships.gov.in,1
Odisha SC/ST Excellence Award,State Social Welfare,Computer Science,Odisha,All,SC/ST,All,Undergraduate,Upto 2.5L,60-70,"Rs 50,000/year",Oct 31,https://scholarships.gov.in,1
Odisha Technical Scholarship,State Technical Ed,Biotechnology,Odisha,All,All,All,Undergraduate,Upto 3L,70-80,"Rs 75,000/year",Nov 30,https://scholarships.gov.in,1
Odisha Research Fellowship,State Univ,Education,Odisha,All,All,All,PhD,No Limit,Above 70,"Rs 5,000/month",Dec 31,https://scholarships.gov.in,1
Odisha Postgraduate Award,State Govt,Architecture,Odisha,All,All,All,Postgraduate,Upto 4L,Above 60,"Rs 30,000/year",Oct 31,https://scholarships.gov.in,1
Punjab State Merit Scholarship,State Education Dept,Engineering,Punjab,All,All,All,Undergraduate,Upto 3L,Above 60,"Rs 30,000/year",Nov 30,https://scholarships.gov.in,1
Punjab Girl Empowerment Scholarship,State Women Welfare,Agriculture,Punjab,Female,All,All,Undergraduate,Upto 2.5L,60-70,"Rs 5,000/year",Nov 30,https://scholarships.gov.in,1
Punjab SC/ST Excellence Award,State Social Welfare,Biotechnology,Punjab,All,SC/ST,All,Undergraduate,Upto 2.5L,60-70,"Rs 12,000/year",Oct 31,https://scholarships.gov.in,1
Punjab Technical Scholarship,State Technical Ed,Architecture,Punjab,All,All,All,Undergraduate,Upto 3L,70-80,"Rs 2,500/year",Nov 30,https://scholarships.gov.in,1
Punjab Research Fellowship,State Univ,Biotechnology,Punjab,All,All,All,PhD,No Limit,Above 70,"Rs 8,000/month",Dec 31,https://scholarships.gov.in,1
Punjab Postgraduate Award,State Govt,Arts/Commerce,Punjab,All,All,All,Postgraduate,Upto 4L,Above 60,"Rs 25,000/year",Oct 31,https://scholarships.gov.in,1
Rajasthan State Merit Scholarship,State Education Dept,Management,Rajasthan,All,All,All,Undergraduate,Upto 3L,Above 60,"Rs 15,000/year",Nov 30,https://scholarships.gov.in,1
Rajasthan Girl Empowerment Scholarship,State Women Welfare,Science,Rajasthan,Female,All,All,Undergraduate,Upto 2.5L,60-70,"Rs 60,000/year",Nov 30,https://scholarships.gov.in,1
Rajasthan SC/ST Excellence Award,State Social Welfare,Journalism,Rajasthan,All,SC/ST,All,Undergraduate,Upto 2.5L,60-70,"Rs 30,000/year",Oct 31,https://scholarships.gov.in,1
Rajasthan Technical Scholarship,State Technical Ed,Agriculture,Rajasthan,All,All,All,Undergraduate,Upto 3L,70-80,"Rs 2,000/year",Nov 30,https://scholarships.gov.in,1
Rajasthan Research Fellowship,State Univ,Computer Science,Rajasthan,All,All,All,PhD,No Limit,Above 70,"Rs 1,500/month",Dec 31,https://scholarships.gov.in,1
Rajasthan Postgraduate Award,State Govt,Architecture,Rajasthan,All,All,All,Postgraduate,Upto 4L,Above 60,"Rs 35,000/year",Oct 31,https://scholarships.gov.in,1
Sikkim State Merit Scholarship,State Education Dept,Management,Sikkim,All,All,All,Undergraduate,Upto 3L,Above 60,"Rs 2,500/year",Nov 30,https://scholarships.gov.in,1
Sikkim Girl Empowerment Scholarship,State Women Welfare,Computer Science,Sikkim,Female,All,All,Undergraduate,Upto 2.5L,60-70,"Rs 2,500/year",Nov 30,https://scholarships.gov.in,1
Sikkim SC/ST Excellence Award,State Social Welfare,Agriculture,Sikkim,All,SC/ST,All,Undergraduate,Upto 2.5L,60-70,"Rs 2,500/year",Oct 31,https://scholarships.gov.in,1
Sikkim Technical Scholarship,State Technical Ed,Architecture,Sikkim,All,All,All,Undergraduate,Upto 3L,70-80,"Rs 8,000/year",Nov 30,https://scholarships.gov.in,1
Sikkim Research Fellowship,State Univ,Design,Sikkim,All,All,All,PhD,No Limit,Above 70,"Rs 18,000/month",Dec 31,https://scholarships.gov.in,1
Sikkim Postgraduate Award,State Govt,All,Sikkim,All,All,All,Postgraduate,Upto 4L,Above 60,"Rs 25,000/year",Oct 31,https://scholarships.gov.in,1
Tamil Nadu State Merit Scholarship,State Education Dept,Journalism,Tamil Nadu,All,All,All,Undergraduate,Upto 3L,Above 60,"Rs 60,000/year",Nov 30,https://scholarships.gov.in,1
Tamil Nadu Girl Empowerment Scholarship,State Women Welfare,Arts/Commerce,Tamil Nadu,Female,All,All,Undergraduate,Upto 2.5L,60-70,"Rs 30,000/year",Nov 30,https://scholarships.gov.in,1
Tamil Nadu SC/ST Excellence Award,State Social Welfare,Education,Tamil Nadu,All,SC/ST,All,Undergraduate,Upto 2.5L,60-70,"Rs 25,000/year",Oct 31,https://scholarships.gov.in,1
Tamil Nadu Technical Scholarship,State Technical Ed,Arts/Commerce,Tamil Nadu,All,All,All,Undergraduate,Upto 3L,70-80,"Rs 35,000/year",Nov 30,https://scholarships.gov.in,1
Tamil Nadu Research Fellowship,State Univ,Journalism,Tamil Nadu,All,All,All,PhD,No Limit,Above 70,"Rs 10,000/month",Dec 31,https://scholarships.gov.in,1
Tamil Nadu Postgraduate Award,State Govt,Management,Tamil Nadu,All,All,All,Postgraduate,Upto 4L,Above 60,"Rs 25,000/year",Oct 31,https://scholarships.gov.in,1
Telangana State Merit Scholarship,State Education Dept,Management,Telangana,All,All,All,Undergraduate,Upto 3L,Above 60,"Rs 60,000/year",Nov 30,https://scholarships.gov.in,1
Telangana Girl Empowerment Scholarship,State Women Welfare,Education,Telangana,Female,All,All,Undergraduate,Upto 2.5L,60-70,"Rs 18,000/year",Nov 30,https://scholarships.gov.in,1
Telangana SC/ST Excellence Award,State Social Welfare,Science,Telangana,All,SC/ST,All,Undergraduate,Upto 2.5L,60-70,"Rs 2,000/year",Oct 31,https://scholarships.gov.in,1
Telangana Technical Scholarship,State Technical Ed,Agriculture,Telangana,All,All,All,Undergraduate,Upto 3L,70-80,"Rs 5,000/year",Nov 30,https://scholarships.gov.in,1
Telangana Research Fellowship,State Univ,Computer Science,Telangana,All,All,All,PhD,No Limit,Above 70,"Rs 25,000/month",Dec 31,https://scholarships.gov.in,1
Telangana Postgraduate Award,State Govt,Medical,Telangana,All,All,All,Postgraduate,Upto 4L,Above 60,"Rs 25,000/year",Oct 31,https://scholarships.gov.in,1
Tripura State Merit Scholarship,State Education Dept,Pharmacy,Tripura,All,All,All,Undergraduate,Upto 3L,Above 60,"Rs 15,000/year",Nov 30,https://scholarships.gov.in,1
Tripura Girl Empowerment Scholarship,State Women Welfare,Agriculture,Tripura,Female,All,All,Undergraduate,Upto 2.5L,60-70,"Rs 5,000/year",Nov 30,https://scholarships.gov.in,1
Tripura SC/ST Excellence Award,State Social Welfare,Law,Tripura,All,SC/ST,All,Undergraduate,Upto 2.5L,60-70,"Rs 1,000/year",Oct 31,https://scholarships.gov.in,1
Tripura Technical Scholarship,State Technical Ed,Arts/Commerce,Tripura,All,All,All,Undergraduate,Upto 3L,70-80,"Rs 20,000/year",Nov 30,https://scholarships.gov.in,1
Tripura Research Fellowship,State Univ,Science,Tripura,All,All,All,PhD,No Limit,Above 70,"Rs 35,000/month",Dec 31,https://scholarships.gov.in,1
Tripura Postgraduate Award,State Govt,Science,Tripura,All,All,All,Postgraduate,Upto 4L,Above 60,"Rs 2,000/year",Oct 31,https://scholarships.gov.in,1
Uttar Pradesh State Merit Scholarship,State Education Dept,Arts/Commerce,Uttar Pradesh,All,All,All,Undergraduate,Upto 3L,Above 60,"Rs 30,000/year",Nov 30,https://scholarships.gov.in,1
Uttar Pradesh Girl Empowerment Scholarship,State Women Welfare,Medical,Uttar Pradesh,Female,All,All,Undergraduate,Upto 2.5L,60-70,"Rs 1,000/year",Nov 30,https://scholarships.gov.in,1
Uttar Pradesh SC/ST Excellence Award,State Social Welfare,Medical,Uttar Pradesh,All,SC/ST,All,Undergraduate,Upto 2.5L,60-70,"Rs 20,000/year",Oct 31,https://scholarships.gov.in,1
Uttar Pradesh Technical Scholarship,State Technical Ed,Agriculture,Uttar Pradesh,All,All,All,Undergraduate,Upto 3L,70-80,"Rs 3,000/year",Nov 30,https://scholarships.gov.in,1
Uttar Pradesh Research Fellowship,State Univ,Law,Uttar Pradesh,All,All,All,PhD,No Limit,Above 70,"Rs 50,000/month",Dec 31,https://scholarships.gov.in,1
Uttar Pradesh Postgraduate Award,State Govt,Architecture,Uttar Pradesh,All,All,All,Postgraduate,Upto 4L,Above 60,"Rs 15,000/year",Oct 31,https://scholarships.gov.in,1
Uttarakhand State Merit Scholarship,State Education Dept,Medical,Uttarakhand,All,All,All,Undergraduate,Upto 3L,Above 60,"Rs 40,000/year",Nov 30,https://scholarships.gov.in,1
Uttarakhand Girl Empowerment Scholarship,State Women Welfare,Science,Uttarakhand,Female,All,All,Undergraduate,Upto 2.5L,60-70,"Rs 12,000/year",Nov 30,https://scholarships.gov.in,1
Uttarakhand SC/ST Excellence Award,State Social Welfare,Arts/Commerce,Uttarakhand,All,SC/ST,All,Undergraduate,Upto 2.5L,60-70,"Rs 40,000/year",Oct 31,https://scholarships.gov.in,1
Uttarakhand Technical Scholarship,State Technical Ed,Law,Uttarakhand,All,All,All,Undergraduate,Upto 3L,70-80,"Rs 1,500/year",Nov 30,https://scholarships.gov.in,1
Uttarakhand Research Fellowship,State Univ,Computer Science,Uttarakhand,All,All,All,PhD,No Limit,Above 70,"Rs 2,500/month",Dec 31,https://scholarships.gov.in,1
Uttarakhand Postgraduate Award,State Govt,Law,Uttarakhand,All,All,All,Postgraduate,Upto 4L,Above 60,"Rs 35,000/year",Oct 31,https://scholarships.gov.in,1
West Bengal State Merit Scholarship,State Education Dept,Science,West Bengal,All,All,All,Undergraduate,Upto 3L,Above 60,"Rs 18,000/year",Nov 30,https://scholarships.gov.in,1
West Bengal Girl Empowerment Scholarship,State Women Welfare,Engineering,West Bengal,Female,All,All,Undergraduate,Upto 2.5L,60-70,"Rs 1,000/year",Nov 30,https://scholarships.gov.in,1
West Bengal SC/ST Excellence Award,State Social Welfare,Law,West Bengal,All,SC/ST,All,Undergraduate,Upto 2.5L,60-70,"Rs 75,000/year",Oct 31,https://scholarships.gov.in,1
West Bengal Technical Scholarship,State Technical Ed,Biotechnology,West Bengal,All,All,All,Undergraduate,Upto 3L,70-80,"Rs 2,500/year",Nov 30,https://scholarships.gov.in,1
West Bengal Research Fellowship,State Univ,Engineering,West Bengal,All,All,All,PhD,No Limit,Above 70,"Rs 10,000/month",Dec 31,https://scholarships.gov.in,1
West Bengal Postgraduate Award,State Govt,Medical,West Bengal,All,All,All,Postgraduate,Upto 4L,Above 60,"Rs 18,000/year",Oct 31,https://scholarships.gov.in,1
Delhi State Merit Scholarship,State Education Dept,Medical,Delhi,All,All,All,Undergraduate,Upto 3L,Above 60,"Rs 5,000/year",Nov 30,https://scholarships.gov.in,1
Delhi Girl Empowerment Scholarship,State Women Welfare,Design,Delhi,Female,All,All,Undergraduate,Upto 2.5L,60-70,"Rs 40,000/year",Nov 30,https://scholarships.gov.in,1
Delhi SC/ST Excellence Award,State Social Welfare,Management,Delhi,All,SC/ST,All,Undergraduate,Upto 2.5L,60-70,"Rs 5,000/year",Oct 31,https://scholarships.gov.in,1
Delhi Technical Scholarship,State Technical Ed,Education,Delhi,All,All,All,Undergraduate,Upto 3L,70-80,"Rs 6,000/year",Nov 30,https://scholarships.gov.in,1
Delhi Research Fellowship,State Univ,Education,Delhi,All,All,All,PhD,No Limit,Above 70,"Rs 12,000/month",Dec 31,https://scholarships.gov.in,1
Delhi Postgraduate Award,State Govt,Pharmacy,Delhi,All,All,All,Postgraduate,Upto 4L,Above 60,"Rs 10,000/year",Oct 31,https://scholarships.gov.in,1
Jammu & Kashmir State Merit Scholarship,State Education Dept,Architecture,Jammu & Kashmir,All,All,All,Undergraduate,Upto 3L,Above 60,"Rs 5,000/year",Nov 30,https://scholarships.gov.in,1
Jammu & Kashmir Girl Empowerment Scholarship,State Women Welfare,All,Jammu & Kashmir,Female,All,All,Undergraduate,Upto 2.5L,60-70,"Rs 25,000/year",Nov 30,https://scholarships.gov.in,1
Jammu & Kashmir SC/ST Excellence Award,State Social Welfare,Computer Science,Jammu & Kashmir,All,SC/ST,All,Undergraduate,Upto 2.5L,60-70,"Rs 35,000/year",Oct 31,https://scholarships.gov.in,1
Jammu & Kashmir Technical Scholarship,State Technical Ed,Medical,Jammu & Kashmir,All,All,All,Undergraduate,Upto 3L,70-80,"Rs 10,000/year",Nov 30,https://scholarships.gov.in,1
Jammu & Kashmir Research Fellowship,State Univ,Science,Jammu & Kashmir,All,All,All,PhD,No Limit,Above 70,"Rs 18,000/month",Dec 31,https://scholarships.gov.in,1
Jammu & Kashmir Postgraduate Award,State Govt,Design,Jammu & Kashmir,All,All,All,Postgraduate,Upto 4L,Above 60,"Rs 6,000/year",Oct 31,https://scholarships.gov.in,1
Best Student Award Scholarship 390,Trust Fund,Science,Andhra Pradesh,Female,SC,Jain,Class 10,No Limit,80-90,"Rs 2,000/year",12/30,https://scholarships.gov.in,1
Best Student Award Scholarship 391,District Collector Office,Arts/Commerce,Himachal Pradesh,All,OBC,Jain,Undergraduate,Upto 8L,Above 75,"Rs 60,000/year",9/30,https://scholarships.gov.in,1
Women in STEM Scholarship 392,Trust Fund,Pharmacy,Madhya Pradesh,Female,SC,Hindu,Diploma,Upto 3.5L,Above 75,"Rs 30,000/year",9/30,https://scholarships.gov.in,1
Best Student Award Scholarship 393,District Collector Office,Management,Punjab,Male,All,Jain,PhD,Upto 2.5L,90-100,"Rs 60,000/year",11/28,https://scholarships.gov.in,1
BPL Student Aid 394,Trust Fund,Pharmacy,Nagaland,Female,ST,Muslim,Postgraduate,Upto 3.5L,Above 60,"Rs 1,000/year",10/31,https://scholarships.gov.in,1
Backward Class Merit Award 395,District Collector Office,All,Jammu & Kashmir,All,All,Buddhist,Undergraduate,Upto 1L,90-100,"Rs 3,000/year",11/28,https://scholarships.gov.in,1
Best Student Award Scholarship 396,Zilla Parishad,All,Uttar Pradesh,All,General,Hindu,Postgraduate,Upto 5L,Above 75,"Rs 50,000/year",9/30,https://scholarships.gov.in,1
Sports & Academics Scholarship 397,District Collector Office,Law,Chhattisgarh,Male,EWS,Muslim,Diploma,No Limit,60-70,"Rs 25,000/year",10/29,https://scholarships.gov.in,1
Best Student Award Scholarship 398,NGO Foundation,Education,Telangana,Female,ST,Christian,PhD,Upto 8L,80-90,"Rs 18,000/year",11/30,https://scholarships.gov.in,1
Best Student Award Scholarship 399,NGO Foundation,Law,Uttarakhand,All,All,Jain,Class 10,Upto 5L,80-90,"Rs 2,500/year",9/31,https://scholarships.gov.in,1
First Generation Learner Award 400,NGO Foundation,Arts/Commerce,Rajasthan,Female,All,Muslim,Undergraduate,Upto 5L,90-100,"Rs 1,000/year",9/30,https://scholarships.gov.in,1
Sports & Academics Scholarship 401,State Education Board,Pharmacy,Arunachal Pradesh,Male,ST,Hindu,Class 12,Upto 1L,70-80,"Rs 50,000/year",12/31,https://scholarships.gov.in,1
Rural Student Scholarship 402,Trust Fund,Design,Odisha,Female,Minority,Muslim,PhD,No Limit,90-100,"Rs 3,000/year",10/31,https://scholarships.gov.in,1
Backward Class Merit Award 403,State Education Board,Agriculture,Manipur,Male,OBC,Hindu,Diploma,Upto 3.5L,80-90,"Rs 60,000/year",12/30,https://scholarships.gov.in,1
Women in STEM Scholarship 404,NGO Foundation,Science,Meghalaya,All,General,Jain,Class 10,Upto 5L,90-100,"Rs 12,000/year",10/29,https://scholarships.gov.in,1
Academic Excellence Grant 405,State Education Board,Science,Andhra Pradesh,All,EWS,All,Diploma,Upto 2.5L,90-100,"Rs 5,000/year",12/28,https://scholarships.gov.in,1
Sports & Academics Scholarship 406,State Education Board,Science,Odisha,Female,EWS,Sikh,PhD,No Limit,60-70,"Rs 2,000/year",10/29,https://scholarships.gov.in,1
Best Student Award Scholarship 407,NGO Foundation,Agriculture,Haryana,All,All,Jain,Undergraduate,Upto 5L,80-90,"Rs 2,500/year",11/28,https://scholarships.gov.in,1
Academic Excellence Grant 408,Trust Fund,Journalism,Punjab,All,SC,Buddhist,Class 12,Upto 2.5L,90-100,"Rs 6,000/year",9/28,https://scholarships.gov.in,1
Single Parent Child Scholarship 409,Zilla Parishad,Law,Bihar,All,Minority,Christian,Class 10,Upto 1L,Above 75,"Rs 2,000/year",11/31,https://scholarships.gov.in,1
Sports & Academics Scholarship 410,District Collector Office,Medical,Andhra Pradesh,Male,OBC,Jain,Class 12,Upto 1L,Above 60,"Rs 2,500/year",12/29,https://scholarships.gov.in,1
Rural Student Scholarship 411,NGO Foundation,Computer Science,Punjab,Female,Minority,Jain,Diploma,Upto 2.5L,60-70,"Rs 8,000/year",11/31,https://scholarships.gov.in,1
Academic Excellence Grant 412,NGO Foundation,Computer Science,Andhra Pradesh,Female,General,Buddhist,Postgraduate,Upto 2.5L,70-80,"Rs 2,000/year",9/31,https://scholarships.gov.in,1
Sports & Academics Scholarship 413,Zilla Parishad,Science,Punjab,Female,EWS,Christian,Class 10,Upto 2.5L,90-100,"Rs 15,000/year",11/28,https://scholarships.gov.in,1
Rural Student Scholarship 414,NGO Foundation,Education,Himachal Pradesh,Female,ST,Hindu,Undergraduate,Upto 5L,Above 60,"Rs 10,000/year",12/30,https://scholarships.gov.in,1
Women in STEM Scholarship 415,NGO Foundation,Arts/Commerce,Chhattisgarh,All,ST,Buddhist,Diploma,Upto 8L,80-90,"Rs 10,000/year",9/31,https://scholarships.gov.in,1
Backward Class Merit Award 416,Zilla Parishad,Management,Sikkim,Female,General,Muslim,Class 12,Upto 1L,Above 75,"Rs 8,000/year",11/31,https://scholarships.gov.in,1
Academic Excellence Grant 417,State Education Board,Computer Science,Telangana,Male,General,Jain,Class 10,Upto 2.5L,80-90,"Rs 50,000/year",10/31,https://scholarships.gov.in,1
Rural Student Scholarship 418,State Education Board,Engineering,Kerala,All,SC,All,Diploma,Upto 5L,80-90,"Rs 12,000/year",10/30,https://scholarships.gov.in,1
Rural Student Scholarship 419,Zilla Parishad,Biotechnology,Manipur,Male,EWS,Sikh,Class 12,No Limit,70-80,"Rs 18,000/year",11/28,https://scholarships.gov.in,1
Rural Student Scholarship 420,District Collector Office,All,Arunachal Pradesh,Female,SC,Buddhist,Postgraduate,No Limit,Above 75,"Rs 3,000/year",11/31,https://scholarships.gov.in,1
Best Student Award Scholarship 421,State Education Board,Agriculture,Jammu & Kashmir,All,ST,Buddhist,PhD,No Limit,Above 60,"Rs 60,000/year",12/31,https://scholarships.gov.in,1
BPL Student Aid 422,Trust Fund,Engineering,West Bengal,Female,All,Jain,PhD,Upto 3.5L,70-80,"Rs 20,000/year",11/30,https://scholarships.gov.in,1
Rural Student Scholarship 423,Trust Fund,Law,Andhra Pradesh,Male,OBC,Buddhist,PhD,Upto 8L,Above 60,"Rs 40,000/year",10/31,https://scholarships.gov.in,1
First Generation Learner Award 424,District Collector Office,Architecture,Andhra Pradesh,Female,All,Hindu,Undergraduate,No Limit,80-90,"Rs 75,000/year",9/28,https://scholarships.gov.in,1
Best Student Award Scholarship 425,State Education Board,Computer Science,Jammu & Kashmir,Female,General,Christian,Class 10,Upto 3.5L,Above 60,"Rs 6,000/year",11/29,https://scholarships.gov.in,1
Best Student Award Scholarship 426,District Collector Office,Engineering,Tripura,All,ST,Hindu,Class 10,No Limit,50-60,"Rs 15,000/year",10/28,https://scholarships.gov.in,1
Sports & Academics Scholarship 427,Zilla Parishad,Engineering,Odisha,Male,All,Sikh,Undergraduate,Upto 3.5L,90-100,"Rs 5,000/year",10/28,https://scholarships.gov.in,1
Rural Student Scholarship 428,Trust Fund,Biotechnology,Uttarakhand,Female,SC,Muslim,PhD,Upto 8L,Above 60,"Rs 50,000/year",11/30,https://scholarships.gov.in,1
Women in STEM Scholarship 429,Trust Fund,Education,Odisha,Male,SC,Sikh,Undergraduate,Upto 2.5L,50-60,"Rs 20,000/year",10/29,https://scholarships.gov.in,1
Academic Excellence Grant 430,State Education Board,Pharmacy,West Bengal,Male,General,Muslim,Class 10,No Limit,Above 75,"Rs 10,000/year",11/29,https://scholarships.gov.in,1
District Topper Scholarship 431,Trust Fund,Agriculture,West Bengal,All,All,Buddhist,Diploma,Upto 1L,70-80,"Rs 10,000/year",10/30,https://scholarships.gov.in,1
Backward Class Merit Award 432,NGO Foundation,Engineering,Meghalaya,All,Minority,Jain,PhD,Upto 8L,50-60,"Rs 18,000/year",12/31,https://scholarships.gov.in,1
First Generation Learner Award 433,District Collector Office,Education,Uttar Pradesh,All,ST,Christian,Class 12,No Limit,80-90,"Rs 30,000/year",10/30,https://scholarships.gov.in,1
Backward Class Merit Award 434,District Collector Office,Science,Uttar Pradesh,All,General,All,Postgraduate,No Limit,Above 60,"Rs 5,000/year",9/29,https://scholarships.gov.in,1
BPL Student Aid 435,District Collector Office,Law,Bihar,Female,EWS,Hindu,Diploma,No Limit,70-80,"Rs 1,000/year",11/28,https://scholarships.gov.in,1
Women in STEM Scholarship 436,State Education Board,Law,Andhra Pradesh,Male,SC,Buddhist,Postgraduate,Upto 8L,70-80,"Rs 20,000/year",12/28,https://scholarships.gov.in,1
District Topper Scholarship 437,Trust Fund,Science,Mizoram,All,All,Hindu,Class 12,Upto 8L,80-90,"Rs 35,000/year",12/30,https://scholarships.gov.in,1
Sports & Academics Scholarship 438,District Collector Office,Education,Sikkim,All,OBC,Sikh,Class 10,Upto 5L,Above 60,"Rs 40,000/year",12/28,https://scholarships.gov.in,1
Rural Student Scholarship 439,Trust Fund,Engineering,Uttarakhand,Female,Minority,Hindu,Diploma,Upto 3.5L,80-90,"Rs 18,000/year",12/31,https://scholarships.gov.in,1
Best Student Award Scholarship 440,State Education Board,Design,Nagaland,Female,General,Buddhist,Diploma,Upto 3.5L,50-60,"Rs 18,000/year",11/30,https://scholarships.gov.in,1
BPL Student Aid 441,NGO Foundation,Pharmacy,Meghalaya,All,General,All,Class 10,Upto 2.5L,50-60,"Rs 5,000/year",12/28,https://scholarships.gov.in,1
Single Parent Child Scholarship 442,Trust Fund,Arts/Commerce,Madhya Pradesh,Female,SC,Christian,Postgraduate,No Limit,Above 60,"Rs 15,000/year",9/28,https://scholarships.gov.in,1
District Topper Scholarship 443,Zilla Parishad,Science,Andhra Pradesh,All,EWS,All,PhD,No Limit,50-60,"Rs 5,000/year",9/30,https://scholarships.gov.in,1
Best Student Award Scholarship 444,State Education Board,Architecture,Karnataka,Female,SC,All,Diploma,No Limit,Above 60,"Rs 60,000/year",10/29,https://scholarships.gov.in,1
Sports & Academics Scholarship 445,District Collector Office,Science,Delhi,Female,Minority,Hindu,Class 12,Upto 1L,80-90,"Rs 12,000/year",9/31,https://scholarships.gov.in,1
Single Parent Child Scholarship 446,Zilla Parishad,Management,Maharashtra,Female,General,Christian,Diploma,Upto 1L,50-60,"Rs 40,000/year",12/28,https://scholarships.gov.in,1
Backward Class Merit Award 447,State Education Board,Management,Chhattisgarh,All,SC,Muslim,Class 10,Upto 8L,60-70,"Rs 20,000/year",10/31,https://scholarships.gov.in,1
Rural Student Scholarship 448,Trust Fund,Management,Haryana,Female,Minority,Christian,Diploma,No Limit,70-80,"Rs 1,500/year",12/28,https://scholarships.gov.in,1
Single Parent Child Scholarship 449,District Collector Office,Engineering,Sikkim,Female,General,Buddhist,Class 10,Upto 5L,60-70,"Rs 3,000/year",10/29,https://scholarships.gov.in,1
First Generation Learner Award 450,Zilla Parishad,Journalism,Sikkim,All,EWS,Buddhist,Undergraduate,No Limit,80-90,"Rs 12,000/year",11/30,https://scholarships.gov.in,1
Single Parent Child Scholarship 451,NGO Foundation,All,Kerala,Female,All,Sikh,Diploma,Upto 3.5L,Above 75,"Rs 2,000/year",12/30,https://scholarships.gov.in,1
Academic Excellence Grant 452,Zilla Parishad,Medical,Nagaland,Male,OBC,Sikh,Undergraduate,Upto 2.5L,Above 75,"Rs 1,000/year",10/28,https://scholarships.gov.in,1
Rural Student Scholarship 453,Trust Fund,Education,Uttarakhand,Male,EWS,Christian,Postgraduate,Upto 5L,50-60,"Rs 18,000/year",9/29,https://scholarships.gov.in,1
Academic Excellence Grant 454,District Collector Office,Design,Nagaland,Female,All,Muslim,Class 12,No Limit,90-100,"Rs 1,500/year",10/31,https://scholarships.gov.in,1
District Topper Scholarship 455,NGO Foundation,Architecture,Arunachal Pradesh,Male,All,Hindu,Postgraduate,Upto 2.5L,Above 75,"Rs 25,000/year",9/31,https://scholarships.gov.in,1
Academic Excellence Grant 456,District Collector Office,All,Mizoram,All,Minority,Christian,PhD,No Limit,60-70,"Rs 15,000/year",10/31,https://scholarships.gov.in,1
First Generation Learner Award 457,NGO Foundation,Journalism,Uttarakhand,Male,SC,Jain,Postgraduate,No Limit,Above 60,"Rs 8,000/year",12/31,https://scholarships.gov.in,1
BPL Student Aid 458,Zilla Parishad,Agriculture,Goa,All,General,Hindu,Class 12,Upto 5L,70-80,"Rs 12,000/year",11/28,https://scholarships.gov.in,1
Single Parent Child Scholarship 459,NGO Foundation,Pharmacy,Uttarakhand,All,General,All,Diploma,Upto 5L,70-80,"Rs 10,000/year",10/29,https://scholarships.gov.in,1
District Topper Scholarship 460,District Collector Office,All,Odisha,Female,All,Sikh,Diploma,Upto 3.5L,Above 75,"Rs 60,000/year",12/30,https://scholarships.gov.in,1
BPL Student Aid 461,Trust Fund,Biotechnology,Karnataka,Male,EWS,Muslim,Diploma,No Limit,50-60,"Rs 5,000/year",10/31,https://scholarships.gov.in,1
Women in STEM Scholarship 462,District Collector Office,Arts/Commerce,Sikkim,Male,Minority,Muslim,Class 12,No Limit,60-70,"Rs 2,000/year",9/30,https://scholarships.gov.in,1
District Topper Scholarship 463,Trust Fund,Arts/Commerce,Uttar Pradesh,All,General,Jain,Undergraduate,Upto 1L,50-60,"Rs 10,000/year",9/29,https://scholarships.gov.in,1
BPL Student Aid 464,State Education Board,Medical,Arunachal Pradesh,Female,OBC,Buddhist,PhD,Upto 5L,50-60,"Rs 75,000/year",10/31,https://scholarships.gov.in,1
District Topper Scholarship 465,NGO Foundation,Science,Madhya Pradesh,Female,EWS,All,Postgraduate,Upto 5L,90-100,"Rs 5,000/year",10/28,https://scholarships.gov.in,1
First Generation Learner Award 466,State Education Board,Journalism,Meghalaya,Male,All,Christian,PhD,Upto 1L,50-60,"Rs 25,000/year",12/31,https://scholarships.gov.in,1
Single Parent Child Scholarship 467,Trust Fund,Pharmacy,Jharkhand,Male,OBC,All,Diploma,Upto 8L,Above 60,"Rs 5,000/year",10/30,https://scholarships.gov.in,1
Sports & Academics Scholarship 468,District Collector Office,Education,Jammu & Kashmir,All,EWS,Buddhist,Diploma,Upto 5L,60-70,"Rs 25,000/year",10/31,https://scholarships.gov.in,1
Best Student Award Scholarship 469,NGO Foundation,Management,Uttarakhand,All,All,Jain,PhD,Upto 5L,80-90,"Rs 1,500/year",9/28,https://scholarships.gov.in,1
Best Student Award Scholarship 470,Trust Fund,Biotechnology,Tamil Nadu,Female,OBC,Muslim,Postgraduate,No Limit,70-80,"Rs 25,000/year",9/28,https://scholarships.gov.in,1
Backward Class Merit Award 471,NGO Foundation,Pharmacy,West Bengal,All,All,All,Postgraduate,No Limit,50-60,"Rs 3,000/year",12/29,https://scholarships.gov.in,1
Backward Class Merit Award 472,District Collector Office,Education,Jharkhand,Male,Minority,Christian,Class 10,Upto 2.5L,50-60,"Rs 12,000/year",11/28,https://scholarships.gov.in,1
Women in STEM Scholarship 473,State Education Board,Arts/Commerce,Gujarat,All,EWS,Christian,Postgraduate,Upto 5L,50-60,"Rs 30,000/year",12/29,https://scholarships.gov.in,1
First Generation Learner Award 474,State Education Board,Management,West Bengal,Female,EWS,All,Postgraduate,Upto 8L,80-90,"Rs 30,000/year",11/29,https://scholarships.gov.in,1
First Generation Learner Award 475,NGO Foundation,Law,Jammu & Kashmir,Female,SC,Buddhist,Class 10,Upto 3.5L,50-60,"Rs 5,000/year",9/30,https://scholarships.gov.in,1
First Generation Learner Award 476,NGO Foundation,Computer Science,Sikkim,Female,EWS,Muslim,Postgraduate,Upto 8L,70-80,"Rs 40,000/year",11/31,https://scholarships.gov.in,1
Single Parent Child Scholarship 477,NGO Foundation,All,West Bengal,Female,General,Sikh,PhD,Upto 8L,Above 75,"Rs 1,500/year",10/29,https://scholarships.gov.in,1
Backward Class Merit Award 478,District Collector Office,Science,Chhattisgarh,Male,OBC,All,Class 10,Upto 5L,Above 75,"Rs 2,000/year",9/28,https://scholarships.gov.in,1
Backward Class Merit Award 479,NGO Foundation,Biotechnology,West Bengal,Male,Minority,Hindu,Class 10,Upto 5L,50-60,"Rs 8,000/year",9/29,https://scholarships.gov.in,1
Rural Student Scholarship 480,Trust Fund,Agriculture,Andhra Pradesh,All,OBC,Hindu,PhD,Upto 5L,90-100,"Rs 1,500/year",9/30,https://scholarships.gov.in,1
Single Parent Child Scholarship 481,District Collector Office,Pharmacy,Gujarat,All,Minority,Christian,PhD,Upto 5L,Above 60,"Rs 20,000/year",12/30,https://scholarships.gov.in,1
Sports & Academics Scholarship 482,NGO Foundation,Pharmacy,Kerala,Female,ST,Hindu,Class 12,Upto 8L,Above 75,"Rs 20,000/year",10/31,https://scholarships.gov.in,1
Backward Class Merit Award 483,District Collector Office,Design,Delhi,Female,OBC,Hindu,Undergraduate,Upto 1L,Above 75,"Rs 1,000/year",11/29,https://scholarships.gov.in,1
Women in STEM Scholarship 484,NGO Foundation,Management,Telangana,Male,General,Jain,Class 12,Upto 8L,80-90,"Rs 15,000/year",12/30,https://scholarships.gov.in,1
Academic Excellence Grant 485,Zilla Parishad,All,Assam,Female,Minority,Sikh,PhD,No Limit,80-90,"Rs 3,000/year",9/29,https://scholarships.gov.in,1
Best Student Award Scholarship 486,Trust Fund,Journalism,Chhattisgarh,Female,OBC,All,Class 12,Upto 5L,Above 75,"Rs 1,500/year",12/31,https://scholarships.gov.in,1
Sports & Academics Scholarship 487,Trust Fund,All,Meghalaya,All,EWS,Buddhist,Diploma,Upto 1L,90-100,"Rs 35,000/year",12/30,https://scholarships.gov.in,1
First Generation Learner Award 488,Zilla Parishad,Science,West Bengal,Male,SC,Hindu,Class 10,Upto 2.5L,70-80,"Rs 18,000/year",9/30,https://scholarships.gov.in,1
BPL Student Aid 489,Trust Fund,Science,Odisha,All,Minority,Buddhist,Postgraduate,No Limit,70-80,"Rs 6,000/year",10/30,https://scholarships.gov.in,1
Backward Class Merit Award 490,NGO Foundation,Architecture,Bihar,All,General,Hindu,Undergraduate,No Limit,80-90,"Rs 18,000/year",12/31,https://scholarships.gov.in,1
Backward Class Merit Award 491,District Collector Office,Engineering,Rajasthan,All,ST,Muslim,Class 12,Upto 8L,80-90,"Rs 6,000/year",11/28,https://scholarships.gov.in,1
Academic Excellence Grant 492,NGO Foundation,Law,Kerala,Male,ST,Christian,Undergraduate,No Limit,50-60,"Rs 1,500/year",9/31,https://scholarships.gov.in,1
BPL Student Aid 493,Zilla Parishad,Biotechnology,Telangana,Female,SC,Muslim,Undergraduate,Upto 8L,70-80,"Rs 25,000/year",11/29,https://scholarships.gov.in,1
District Topper Scholarship 494,NGO Foundation,Law,Tripura,Male,SC,Sikh,Undergraduate,Upto 1L,Above 60,"Rs 8,000/year",12/28,https://scholarships.gov.in,1
District Topper Scholarship 495,State Education Board,Pharmacy,Nagaland,All,ST,Christian,Undergraduate,Upto 5L,90-100,"Rs 6,000/year",9/31,https://scholarships.gov.in,1
Single Parent Child Scholarship 496,NGO Foundation,Journalism,Goa,Female,OBC,All,Postgraduate,Upto 1L,80-90,"Rs 8,000/year",12/30,https://scholarships.gov.in,1
Backward Class Merit Award 497,Trust Fund,Design,Tripura,All,EWS,Christian,Undergraduate,Upto 5L,90-100,"Rs 40,000/year",10/28,https://scholarships.gov.in,1
District Topper Scholarship 498,District Collector Office,Computer Science,Sikkim,Female,EWS,Jain,Undergraduate,Upto 2.5L,Above 60,"Rs 25,000/year",10/30,https://scholarships.gov.in,1
Single Parent Child Scholarship 499,NGO Foundation,Pharmacy,Mizoram,Male,OBC,Muslim,Class 10,Upto 1L,90-100,"Rs 50,000/year",12/29,https://scholarships.gov.in,1
Single Parent Child Scholarship 500,District Collector Office,Architecture,Odisha,All,General,Jain,Diploma,No Limit,80-90,"Rs 2,500/year",10/31,https://scholarships.gov.in,1
Single Parent Child Scholarship 501,Trust Fund,Computer Science,Goa,Female,EWS,All,PhD,Upto 2.5L,80-90,"Rs 60,000/year",12/31,https://scholarships.gov.in,1
Rural Student Scholarship 502,NGO Foundation,Medical,Uttarakhand,All,All,Muslim,Class 10,Upto 3.5L,60-70,"Rs 8,000/year",12/31,https://scholarships.gov.in,1
Single Parent Child Scholarship 503,Trust Fund,Engineering,Maharashtra,All,All,Hindu,PhD,Upto 8L,70-80,"Rs 10,000/year",12/28,https://scholarships.gov.in,1
Rural Student Scholarship 504,Zilla Parishad,Computer Science,Himachal Pradesh,Female,EWS,Christian,Class 12,Upto 3.5L,Above 75,"Rs 30,000/year",10/30,https://scholarships.gov.in,1
Backward Class Merit Award 505,District Collector Office,All,Maharashtra,Male,OBC,Muslim,Class 12,Upto 2.5L,70-80,"Rs 2,000/year",9/29,https://scholarships.gov.in,1
Rural Student Scholarship 506,NGO Foundation,Management,Gujarat,Male,Minority,Buddhist,Class 12,Upto 8L,60-70,"Rs 2,500/year",9/29,https://scholarships.gov.in,1
Academic Excellence Grant 507,NGO Foundation,Management,Nagaland,All,SC,Christian,Diploma,Upto 3.5L,70-80,"Rs 18,000/year",11/31,https://scholarships.gov.in,1
BPL Student Aid 508,State Education Board,Medical,Odisha,Male,SC,Hindu,PhD,Upto 2.5L,Above 60,"Rs 2,500/year",11/30,https://scholarships.gov.in,1
Backward Class Merit Award 509,State Education Board,Pharmacy,Kerala,Male,ST,Jain,PhD,No Limit,50-60,"Rs 1,500/year",10/31,https://scholarships.gov.in,1
Best Student Award Scholarship 510,State Education Board,Journalism,Maharashtra,All,General,Muslim,Diploma,Upto 1L,70-80,"Rs 35,000/year",10/28,https://scholarships.gov.in,1
District Topper Scholarship 511,NGO Foundation,Law,Karnataka,Male,SC,Jain,Undergraduate,No Limit,60-70,"Rs 20,000/year",9/28,https://scholarships.gov.in,1
BPL Student Aid 512,Trust Fund,Education,Manipur,Female,All,All,Class 12,Upto 2.5L,Above 60,"Rs 1,500/year",12/30,https://scholarships.gov.in,1
Academic Excellence Grant 513,District Collector Office,Science,Punjab,All,ST,Hindu,Class 12,Upto 3.5L,60-70,"Rs 75,000/year",9/28,https://scholarships.gov.in,1
First Generation Learner Award 514,Trust Fund,Design,Manipur,Female,ST,Buddhist,Class 10,Upto 5L,Above 75,"Rs 15,000/year",10/30,https://scholarships.gov.in,1
Single Parent Child Scholarship 515,NGO Foundation,Pharmacy,Kerala,Female,OBC,All,Class 10,Upto 2.5L,Above 75,"Rs 3,000/year",11/28,https://scholarships.gov.in,1
Single Parent Child Scholarship 516,State Education Board,Arts/Commerce,Arunachal Pradesh,All,OBC,Christian,Diploma,Upto 8L,70-80,"Rs 8,000/year",12/31,https://scholarships.gov.in,1
Single Parent Child Scholarship 517,District Collector Office,Architecture,Telangana,Female,All,Buddhist,Postgraduate,Upto 2.5L,Above 60,"Rs 1,000/year",11/29,https://scholarships.gov.in,1
Rural Student Scholarship 518,Trust Fund,Design,West Bengal,Female,Minority,Buddhist,Postgraduate,No Limit,80-90,"Rs 18,000/year",12/29,https://scholarships.gov.in,1
Sports & Academics Scholarship 519,State Education Board,Agriculture,Manipur,All,EWS,Buddhist,Class 12,Upto 1L,Above 60,"Rs 3,000/year",12/29,https://scholarships.gov.in,1
Backward Class Merit Award 520,NGO Foundation,Biotechnology,Jammu & Kashmir,All,Minority,Hindu,Undergraduate,No Limit,90-100,"Rs 30,000/year",10/31,https://scholarships.gov.in,1
Backward Class Merit Award 521,State Education Board,Journalism,Gujarat,All,All,Christian,Diploma,No Limit,50-60,"Rs 18,000/year",10/28,https://scholarships.gov.in,1
BPL Student Aid 522,NGO Foundation,Pharmacy,Goa,Male,ST,Muslim,Undergraduate,No Limit,80-90,"Rs 60,000/year",10/30,https://scholarships.gov.in,1
District Topper Scholarship 523,State Education Board,Pharmacy,Delhi,All,EWS,All,Undergraduate,Upto 2.5L,80-90,"Rs 50,000/year",10/30,https://scholarships.gov.in,1
Best Student Award Scholarship 524,State Education Board,Pharmacy,Telangana,Female,ST,Buddhist,Undergraduate,No Limit,90-100,"Rs 2,000/year",12/29,https://scholarships.gov.in,1
Backward Class Merit Award 525,NGO Foundation,Architecture,West Bengal,All,SC,Jain,Postgraduate,No Limit,Above 75,"Rs 10,000/year",12/29,https://scholarships.gov.in,1
First Generation Learner Award 526,Trust Fund,Agriculture,West Bengal,Male,EWS,Hindu,Diploma,Upto 2.5L,70-80,"Rs 2,500/year",10/30,https://scholarships.gov.in,1
Women in STEM Scholarship 527,Trust Fund,Medical,Punjab,Female,Minority,Hindu,Class 10,Upto 8L,Above 75,"Rs 12,000/year",11/31,https://scholarships.gov.in,1
Women in STEM Scholarship 528,Zilla Parishad,Education,Sikkim,All,All,Christian,Diploma,Upto 8L,50-60,"Rs 20,000/year",12/29,https://scholarships.gov.in,1
BPL Student Aid 529,Trust Fund,Architecture,Sikkim,Male,Minority,Muslim,PhD,No Limit,Above 75,"Rs 18,000/year",12/30,https://scholarships.gov.in,1
Backward Class Merit Award 530,District Collector Office,Pharmacy,Madhya Pradesh,All,OBC,Sikh,Postgraduate,No Limit,70-80,"Rs 75,000/year",9/29,https://scholarships.gov.in,1
Backward Class Merit Award 531,State Education Board,Journalism,Rajasthan,Male,EWS,Christian,Class 10,Upto 5L,Above 75,"Rs 40,000/year",11/31,https://scholarships.gov.in,1
Single Parent Child Scholarship 532,District Collector Office,Agriculture,Telangana,Female,ST,Muslim,PhD,Upto 3.5L,80-90,"Rs 15,000/year",10/31,https://scholarships.gov.in,1
BPL Student Aid 533,District Collector Office,Science,Andhra Pradesh,Female,All,Muslim,PhD,Upto 1L,50-60,"Rs 5,000/year",9/30,https://scholarships.gov.in,1
Best Student Award Scholarship 534,District Collector Office,Management,Goa,Male,All,Christian,Diploma,Upto 5L,70-80,"Rs 35,000/year",12/31,https://scholarships.gov.in,1
Rural Student Scholarship 535,Zilla Parishad,Journalism,Tripura,Female,All,Jain,Diploma,Upto 5L,80-90,"Rs 40,000/year",9/29,https://scholarships.gov.in,1
Backward Class Merit Award 536,NGO Foundation,Agriculture,Delhi,Male,OBC,Sikh,Diploma,Upto 2.5L,50-60,"Rs 2,500/year",12/31,https://scholarships.gov.in,1
Single Parent Child Scholarship 537,NGO Foundation,Management,Rajasthan,Female,Minority,All,Class 12,Upto 3.5L,Above 60,"Rs 12,000/year",11/28,https://scholarships.gov.in,1
Rural Student Scholarship 538,Trust Fund,Arts/Commerce,Goa,Male,Minority,Christian,PhD,No Limit,60-70,"Rs 20,000/year",9/28,https://scholarships.gov.in,1
Rural Student Scholarship 539,NGO Foundation,Management,Punjab,All,OBC,Muslim,Postgraduate,Upto 1L,90-100,"Rs 30,000/year",9/31,https://scholarships.gov.in,1
District Topper Scholarship 540,State Education Board,All,Chhattisgarh,Male,General,Buddhist,Class 10,Upto 2.5L,80-90,"Rs 1,000/year",12/31,https://scholarships.gov.in,1
District Topper Scholarship 541,NGO Foundation,Design,Jammu & Kashmir,All,Minority,Sikh,PhD,Upto 5L,70-80,"Rs 10,000/year",9/30,https://scholarships.gov.in,1
Rural Student Scholarship 542,NGO Foundation,Architecture,Karnataka,Male,All,Sikh,Class 10,No Limit,80-90,"Rs 5,000/year",11/31,https://scholarships.gov.in,1
First Generation Learner Award 543,Trust Fund,Science,Bihar,Female,OBC,Hindu,Class 12,Upto 1L,Above 60,"Rs 6,000/year",10/28,https://scholarships.gov.in,1
Rural Student Scholarship 544,District Collector Office,Medical,Jammu & Kashmir,All,General,Sikh,Class 10,Upto 5L,70-80,"Rs 10,000/year",9/31,https://scholarships.gov.in,1
Rural Student Scholarship 545,District Collector Office,Journalism,Mizoram,Male,General,Muslim,Undergraduate,Upto 5L,90-100,"Rs 8,000/year",12/29,https://scholarships.gov.in,1
District Topper Scholarship 546,State Education Board,Agriculture,Gujarat,Female,Minority,Muslim,Class 10,Upto 1L,60-70,"Rs 6,000/year",9/31,https://scholarships.gov.in,1
Single Parent Child Scholarship 547,Zilla Parishad,Medical,Tamil Nadu,All,All,All,Class 12,Upto 1L,Above 60,"Rs 75,000/year",9/28,https://scholarships.gov.in,1
Single Parent Child Scholarship 548,NGO Foundation,Design,West Bengal,All,EWS,Christian,PhD,Upto 1L,60-70,"Rs 10,000/year",10/30,https://scholarships.gov.in,1
Single Parent Child Scholarship 549,State Education Board,Engineering,Gujarat,Female,SC,Buddhist,Undergraduate,Upto 2.5L,90-100,"Rs 2,000/year",10/30,https://scholarships.gov.in,1
Rural Student Scholarship 550,State Education Board,Computer Science,Andhra Pradesh,Female,General,Hindu,PhD,Upto 2.5L,70-80,"Rs 10,000/year",12/29,https://scholarships.gov.in,1
Single Parent Child Scholarship 551,Zilla Parishad,All,Arunachal Pradesh,Female,ST,Jain,Postgraduate,Upto 8L,50-60,"Rs 5,000/year",11/29,https://scholarships.gov.in,1
Single Parent Child Scholarship 552,Zilla Parishad,Pharmacy,Rajasthan,All,General,Jain,Postgraduate,Upto 8L,90-100,"Rs 50,000/year",11/28,https://scholarships.gov.in,1
Best Student Award Scholarship 553,Trust Fund,Computer Science,Tripura,Male,SC,All,PhD,Upto 8L,50-60,"Rs 20,000/year",12/30,https://scholarships.gov.in,1
Women in STEM Scholarship 554,NGO Foundation,All,Assam,Male,General,Sikh,Postgraduate,Upto 8L,90-100,"Rs 25,000/year",12/28,https://scholarships.gov.in,1
First Generation Learner Award 555,Trust Fund,Management,Karnataka,Male,Minority,Christian,Undergraduate,Upto 3.5L,80-90,"Rs 12,000/year",9/28,https://scholarships.gov.in,1
District Topper Scholarship 556,State Education Board,Medical,Sikkim,Male,General,Hindu,Undergraduate,No Limit,70-80,"Rs 15,000/year",9/28,https://scholarships.gov.in,1
Backward Class Merit Award 557,Trust Fund,Pharmacy,Haryana,All,All,All,PhD,Upto 2.5L,60-70,"Rs 25,000/year",11/29,https://scholarships.gov.in,1
Single Parent Child Scholarship 558,District Collector Office,Management,Manipur,Male,EWS,Hindu,Diploma,No Limit,50-60,"Rs 6,000/year",12/31,https://scholarships.gov.in,1
Best Student Award Scholarship 559,Trust Fund,Pharmacy,Himachal Pradesh,Male,All,Jain,Postgraduate,Upto 5L,60-70,"Rs 40,000/year",12/30,https://scholarships.gov.in,1
BPL Student Aid 560,State Education Board,Medical,Jammu & Kashmir,Male,OBC,Christian,Class 12,No Limit,80-90,"Rs 30,000/year",10/28,https://scholarships.gov.in,1
District Topper Scholarship 561,Zilla Parishad,Pharmacy,Maharashtra,Female,ST,All,Class 10,Upto 5L,90-100,"Rs 50,000/year",10/31,https://scholarships.gov.in,1
Sports & Academics Scholarship 562,Zilla Parishad,Biotechnology,Uttarakhand,Female,Minority,Christian,PhD,No Limit,80-90,"Rs 1,000/year",11/31,https://scholarships.gov.in,1
Academic Excellence Grant 563,State Education Board,Education,Telangana,Female,All,All,Undergraduate,Upto 3.5L,70-80,"Rs 10,000/year",9/28,https://scholarships.gov.in,1
Sports & Academics Scholarship 564,NGO Foundation,Computer Science,Manipur,Male,OBC,Muslim,Diploma,No Limit,Above 75,"Rs 10,000/year",12/30,https://scholarships.gov.in,1
Sports & Academics Scholarship 565,District Collector Office,Architecture,Assam,All,EWS,Muslim,Class 12,Upto 3.5L,50-60,"Rs 2,000/year",12/29,https://scholarships.gov.in,1
Single Parent Child Scholarship 566,Zilla Parishad,Management,Uttar Pradesh,All,All,Sikh,Class 12,Upto 5L,70-80,"Rs 15,000/year",12/31,https://scholarships.gov.in,1
BPL Student Aid 567,Trust Fund,Arts/Commerce,Chhattisgarh,Female,All,Jain,Class 10,Upto 1L,60-70,"Rs 5,000/year",12/28,https://scholarships.gov.in,1
Sports & Academics Scholarship 568,District Collector Office,Education,Haryana,All,SC,Sikh,Class 10,Upto 8L,90-100,"Rs 30,000/year",12/28,https://scholarships.gov.in,1
Backward Class Merit Award 569,District Collector Office,Design,Odisha,Male,General,Hindu,PhD,Upto 1L,Above 75,"Rs 25,000/year",11/30,https://scholarships.gov.in,1
Backward Class Merit Award 570,District Collector Office,Arts/Commerce,Rajasthan,Female,ST,Hindu,PhD,Upto 1L,Above 60,"Rs 8,000/year",9/30,https://scholarships.gov.in,1
Women in STEM Scholarship 571,District Collector Office,Journalism,Assam,All,Minority,Muslim,PhD,Upto 1L,Above 60,"Rs 8,000/year",11/29,https://scholarships.gov.in,1
Single Parent Child Scholarship 572,State Education Board,Agriculture,Odisha,Female,Minority,All,Undergraduate,Upto 1L,60-70,"Rs 35,000/year",11/29,https://scholarships.gov.in,1
Women in STEM Scholarship 573,State Education Board,Science,Karnataka,Female,SC,Muslim,PhD,Upto 5L,80-90,"Rs 15,000/year",11/31,https://scholarships.gov.in,1
Women in STEM Scholarship 574,NGO Foundation,Management,Arunachal Pradesh,Male,EWS,Christian,Class 10,Upto 3.5L,70-80,"Rs 30,000/year",9/29,https://scholarships.gov.in,1
Women in STEM Scholarship 575,Zilla Parishad,Science,Jammu & Kashmir,Male,EWS,All,Class 10,Upto 3.5L,Above 75,"Rs 15,000/year",9/31,https://scholarships.gov.in,1
Backward Class Merit Award 576,State Education Board,Law,Bihar,All,Minority,Jain,Diploma,Upto 5L,70-80,"Rs 15,000/year",12/29,https://scholarships.gov.in,1
Single Parent Child Scholarship 577,State Education Board,Architecture,Madhya Pradesh,Male,ST,Hindu,Class 12,Upto 3.5L,80-90,"Rs 10,000/year",12/30,https://scholarships.gov.in,1
District Topper Scholarship 578,Zilla Parishad,Design,Delhi,Male,Minority,Jain,PhD,Upto 1L,60-70,"Rs 75,000/year",12/29,https://scholarships.gov.in,1
Sports & Academics Scholarship 579,District Collector Office,Pharmacy,Chhattisgarh,All,All,Sikh,Class 12,Upto 3.5L,60-70,"Rs 18,000/year",12/31,https://scholarships.gov.in,1
Single Parent Child Scholarship 580,State Education Board,Biotechnology,Uttarakhand,All,All,Muslim,Diploma,Upto 2.5L,70-80,"Rs 18,000/year",12/28,https://scholarships.gov.in,1
BPL Student Aid 581,Trust Fund,Computer Science,Tripura,Female,ST,Muslim,Class 12,Upto 1L,Above 60,"Rs 5,000/year",9/31,https://scholarships.gov.in,1
Academic Excellence Grant 582,State Education Board,Journalism,West Bengal,Male,OBC,Hindu,Postgraduate,Upto 1L,90-100,"Rs 2,000/year",10/28,https://scholarships.gov.in,1
Single Parent Child Scholarship 583,Trust Fund,Biotechnology,Kerala,Male,Minority,Jain,PhD,Upto 1L,50-60,"Rs 35,000/year",9/28,https://scholarships.gov.in,1
Best Student Award Scholarship 584,Trust Fund,Journalism,Odisha,All,General,Muslim,Class 10,Upto 8L,Above 75,"Rs 75,000/year",9/29,https://scholarships.gov.in,1
Single Parent Child Scholarship 585,District Collector Office,Engineering,Himachal Pradesh,All,OBC,Hindu,Class 12,Upto 3.5L,80-90,"Rs 15,000/year",11/30,https://scholarships.gov.in,1
District Topper Scholarship 586,Trust Fund,Science,Mizoram,Male,SC,All,Undergraduate,Upto 5L,50-60,"Rs 1,500/year",9/30,https://scholarships.gov.in,1
Women in STEM Scholarship 587,Trust Fund,Computer Science,Uttar Pradesh,Female,Minority,Buddhist,Class 10,Upto 8L,Above 75,"Rs 1,000/year",12/29,https://scholarships.gov.in,1
Rural Student Scholarship 588,District Collector Office,Architecture,Madhya Pradesh,Male,ST,Sikh,PhD,Upto 2.5L,50-60,"Rs 2,500/year",10/31,https://scholarships.gov.in,1
Academic Excellence Grant 589,Trust Fund,Science,Tamil Nadu,Male,OBC,Christian,Postgraduate,Upto 2.5L,70-80,"Rs 8,000/year",12/30,https://scholarships.gov.in,1
Academic Excellence Grant 590,District Collector Office,Biotechnology,Karnataka,All,EWS,All,Class 10,Upto 2.5L,50-60,"Rs 75,000/year",12/30,https://scholarships.gov.in,1
District Topper Scholarship 591,State Education Board,Agriculture,Haryana,Male,All,Muslim,Class 12,Upto 1L,80-90,"Rs 50,000/year",9/30,https://scholarships.gov.in,1
First Generation Learner Award 592,NGO Foundation,Architecture,Nagaland,Female,General,Christian,Class 12,No Limit,60-70,"Rs 5,000/year",11/31,https://scholarships.gov.in,1
First Generation Learner Award 593,State Education Board,Science,Tripura,Male,ST,Sikh,Diploma,No Limit,50-60,"Rs 18,000/year",9/30,https://scholarships.gov.in,1
First Generation Learner Award 594,Zilla Parishad,Law,Rajasthan,Female,All,All,Postgraduate,Upto 5L,60-70,"Rs 40,000/year",11/31,https://scholarships.gov.in,1
District Topper Scholarship 595,Zilla Parishad,Engineering,Delhi,Male,ST,Hindu,Class 10,Upto 1L,Above 75,"Rs 30,000/year",11/28,https://scholarships.gov.in,1
Backward Class Merit Award 596,State Education Board,Arts/Commerce,Odisha,Male,Minority,Christian,Class 10,Upto 8L,50-60,"Rs 2,000/year",10/28,https://scholarships.gov.in,1
First Generation Learner Award 597,State Education Board,Education,Haryana,Male,EWS,Jain,Class 10,Upto 8L,50-60,"Rs 1,000/year",11/30,https://scholarships.gov.in,1
Best Student Award Scholarship 598,State Education Board,Science,Tripura,Female,General,Buddhist,Postgraduate,Upto 2.5L,60-70,"Rs 50,000/year",10/30,https://scholarships.gov.in,1
Women in STEM Scholarship 599,State Education Board,Law,Kerala,All,All,Jain,Diploma,Upto 5L,Above 60,"Rs 60,000/year",10/30,https://scholarships.gov.in,1
Best Student Award Scholarship 600,NGO Foundation,Computer Science,Punjab,All,OBC,All,Undergraduate,Upto 5L,80-90,"Rs 2,500/year",11/29,https://scholarships.gov.in,1
Backward Class Merit Award 601,Trust Fund,Biotechnology,Jammu & Kashmir,Male,ST,Sikh,Class 10,Upto 2.5L,Above 75,"Rs 12,000/year",12/29,https://scholarships.gov.in,1
Backward Class Merit Award 602,State Education Board,Medical,Tripura,All,OBC,Buddhist,Postgraduate,Upto 8L,90-100,"Rs 5,000/year",9/29,https://scholarships.gov.in,1
Backward Class Merit Award 603,State Education Board,Architecture,Chhattisgarh,Male,OBC,Muslim,PhD,Upto 1L,60-70,"Rs 1,000/year",12/29,https://scholarships.gov.in,1
Academic Excellence Grant 604,Trust Fund,Computer Science,Mizoram,All,All,Sikh,Class 12,Upto 5L,90-100,"Rs 30,000/year",9/30,https://scholarships.gov.in,1
Backward Class Merit Award 605,NGO Foundation,Law,Gujarat,Female,EWS,Hindu,Postgraduate,Upto 3.5L,60-70,"Rs 75,000/year",9/31,https://scholarships.gov.in,1
Backward Class Merit Award 606,State Education Board,Management,Maharashtra,Female,SC,Hindu,PhD,Upto 8L,50-60,"Rs 1,500/year",12/28,https://scholarships.gov.in,1
District Topper Scholarship 607,NGO Foundation,Agriculture,Meghalaya,Male,Minority,Sikh,Undergraduate,Upto 5L,Above 75,"Rs 1,000/year",12/28,https://scholarships.gov.in,1
Best Student Award Scholarship 608,Zilla Parishad,All,Uttarakhand,Female,ST,Buddhist,Undergraduate,Upto 5L,70-80,"Rs 15,000/year",9/28,https://scholarships.gov.in,1
Women in STEM Scholarship 609,NGO Foundation,Medical,Meghalaya,All,OBC,Sikh,Class 12,Upto 1L,50-60,"Rs 25,000/year",12/29,https://scholarships.gov.in,1
BPL Student Aid 610,Zilla Parishad,Agriculture,Sikkim,All,General,Christian,Diploma,Upto 1L,80-90,"Rs 3,000/year",9/31,https://scholarships.gov.in,1
First Generation Learner Award 611,District Collector Office,Biotechnology,Jharkhand,Male,EWS,All,Postgraduate,Upto 3.5L,Above 60,"Rs 8,000/year",9/31,https://scholarships.gov.in,1
Academic Excellence Grant 612,District Collector Office,Arts/Commerce,Haryana,Female,General,Christian,Class 12,Upto 8L,60-70,"Rs 10,000/year",9/28,https://scholarships.gov.in,1
First Generation Learner Award 613,NGO Foundation,Agriculture,Andhra Pradesh,All,EWS,Buddhist,Class 12,Upto 3.5L,50-60,"Rs 2,500/year",11/30,https://scholarships.gov.in,1
Women in STEM Scholarship 614,Zilla Parishad,Design,Uttarakhand,Male,Minority,Hindu,PhD,No Limit,Above 75,"Rs 8,000/year",12/30,https://scholarships.gov.in,1
Backward Class Merit Award 615,NGO Foundation,Design,Meghalaya,All,OBC,Christian,Class 12,Upto 3.5L,60-70,"Rs 75,000/year",11/31,https://scholarships.gov.in,1
Rural Student Scholarship 616,Trust Fund,Management,Manipur,Male,Minority,Hindu,PhD,Upto 1L,80-90,"Rs 1,000/year",11/28,https://scholarships.gov.in,1
Single Parent Child Scholarship 617,State Education Board,Design,Sikkim,Male,ST,Hindu,Undergraduate,Upto 5L,50-60,"Rs 30,000/year",11/28,https://scholarships.gov.in,1
Women in STEM Scholarship 618,District Collector Office,Law,Maharashtra,Male,Minority,All,Undergraduate,Upto 8L,80-90,"Rs 5,000/year",11/30,https://scholarships.gov.in,1
First Generation Learner Award 619,Trust Fund,Journalism,Himachal Pradesh,All,EWS,Jain,Undergraduate,Upto 3.5L,90-100,"Rs 12,000/year",9/28,https://scholarships.gov.in,1
First Generation Learner Award 620,NGO Foundation,Management,Uttar Pradesh,Female,OBC,Hindu,Diploma,Upto 1L,60-70,"Rs 50,000/year",12/29,https://scholarships.gov.in,1
Best Student Award Scholarship 621,Zilla Parishad,Pharmacy,Arunachal Pradesh,Male,General,Jain,Diploma,Upto 8L,80-90,"Rs 15,000/year",11/29,https://scholarships.gov.in,1
BPL Student Aid 622,District Collector Office,Journalism,Nagaland,All,Minority,Buddhist,Diploma,Upto 2.5L,60-70,"Rs 5,000/year",10/28,https://scholarships.gov.in,1
Single Parent Child Scholarship 623,District Collector Office,Biotechnology,Manipur,All,EWS,Hindu,Diploma,Upto 1L,80-90,"Rs 75,000/year",12/30,https://scholarships.gov.in,1
Single Parent Child Scholarship 624,Zilla Parishad,Architecture,Jharkhand,All,OBC,Muslim,Class 12,Upto 1L,Above 60,"Rs 3,000/year",11/29,https://scholarships.gov.in,1
Best Student Award Scholarship 625,State Education Board,All,Andhra Pradesh,All,OBC,Christian,Postgraduate,Upto 1L,90-100,"Rs 75,000/year",10/31,https://scholarships.gov.in,1
Single Parent Child Scholarship 626,Trust Fund,Management,Chhattisgarh,Female,General,Hindu,Diploma,Upto 8L,Above 60,"Rs 18,000/year",11/31,https://scholarships.gov.in,1
BPL Student Aid 627,State Education Board,Medical,Sikkim,Female,General,Christian,Postgraduate,Upto 3.5L,60-70,"Rs 50,000/year",10/28,https://scholarships.gov.in,1
First Generation Learner Award 628,NGO Foundation,Education,Bihar,Male,SC,Sikh,Postgraduate,Upto 8L,70-80,"Rs 2,000/year",12/29,https://scholarships.gov.in,1
District Topper Scholarship 629,NGO Foundation,Education,Mizoram,All,Minority,Christian,Class 10,No Limit,90-100,"Rs 15,000/year",11/28,https://scholarships.gov.in,1
Sports & Academics Scholarship 630,State Education Board,Pharmacy,Arunachal Pradesh,Male,All,Hindu,Class 10,No Limit,90-100,"Rs 30,000/year",10/29,https://scholarships.gov.in,1
Sports & Academics Scholarship 631,NGO Foundation,Design,Bihar,Male,SC,Buddhist,Class 12,Upto 8L,Above 60,"Rs 15,000/year",11/30,https://scholarships.gov.in,1
Best Student Award Scholarship 632,NGO Foundation,All,Bihar,All,OBC,Jain,PhD,Upto 5L,Above 60,"Rs 20,000/year",12/28,https://scholarships.gov.in,1
District Topper Scholarship 633,NGO Foundation,Architecture,Mizoram,Female,SC,Muslim,Postgraduate,Upto 2.5L,70-80,"Rs 60,000/year",12/30,https://scholarships.gov.in,1
First Generation Learner Award 634,Trust Fund,Agriculture,Karnataka,All,EWS,Christian,PhD,No Limit,70-80,"Rs 20,000/year",9/28,https://scholarships.gov.in,1
Women in STEM Scholarship 635,NGO Foundation,Engineering,Mizoram,Female,General,Hindu,Diploma,Upto 2.5L,50-60,"Rs 18,000/year",10/30,https://scholarships.gov.in,1
Sports & Academics Scholarship 636,NGO Foundation,Computer Science,Goa,Male,General,Jain,PhD,Upto 8L,70-80,"Rs 10,000/year",11/30,https://scholarships.gov.in,1
District Topper Scholarship 637,District Collector Office,Medical,Uttarakhand,All,OBC,Christian,Undergraduate,No Limit,50-60,"Rs 1,000/year",12/30,https://scholarships.gov.in,1
Rural Student Scholarship 638,District Collector Office,Education,Telangana,All,All,All,Class 10,Upto 3.5L,50-60,"Rs 18,000/year",11/30,https://scholarships.gov.in,1
Women in STEM Scholarship 639,Trust Fund,Engineering,Kerala,Male,General,Christian,PhD,Upto 3.5L,70-80,"Rs 3,000/year",9/30,https://scholarships.gov.in,1
Backward Class Merit Award 640,NGO Foundation,Biotechnology,Goa,Female,OBC,Sikh,Postgraduate,Upto 1L,Above 60,"Rs 6,000/year",11/28,https://scholarships.gov.in,1
District Topper Scholarship 641,Trust Fund,Science,Andhra Pradesh,All,All,Buddhist,Postgraduate,Upto 5L,Above 75,"Rs 75,000/year",9/28,https://scholarships.gov.in,1
Academic Excellence Grant 642,State Education Board,Design,Mizoram,All,Minority,All,Diploma,Upto 1L,70-80,"Rs 12,000/year",9/29,https://scholarships.gov.in,1
BPL Student Aid 643,NGO Foundation,Medical,Assam,Male,EWS,Muslim,PhD,Upto 3.5L,80-90,"Rs 25,000/year",9/31,https://scholarships.gov.in,1
Sports & Academics Scholarship 644,Trust Fund,Medical,Tripura,All,EWS,All,PhD,No Limit,50-60,"Rs 25,000/year",11/30,https://scholarships.gov.in,1
Backward Class Merit Award 645,NGO Foundation,All,Jammu & Kashmir,Male,SC,All,Diploma,Upto 5L,80-90,"Rs 12,000/year",9/30,https://scholarships.gov.in,1
Women in STEM Scholarship 646,NGO Foundation,Design,Andhra Pradesh,All,General,Muslim,Undergraduate,Upto 5L,90-100,"Rs 18,000/year",11/28,https://scholarships.gov.in,1
District Topper Scholarship 647,State Education Board,Agriculture,Jharkhand,All,All,All,Diploma,Upto 2.5L,90-100,"Rs 10,000/year",11/28,https://scholarships.gov.in,1
BPL Student Aid 648,Trust Fund,Science,Delhi,Female,Minority,Christian,Class 12,Upto 5L,80-90,"Rs 8,000/year",12/29,https://scholarships.gov.in,1
Single Parent Child Scholarship 649,NGO Foundation,Science,Sikkim,Female,General,Jain,Class 10,Upto 5L,80-90,"Rs 60,000/year",10/29,https://scholarships.gov.in,1
Women in STEM Scholarship 650,State Education Board,Arts/Commerce,Mizoram,Male,General,Christian,PhD,Upto 3.5L,Above 60,"Rs 15,000/year",9/29,https://scholarships.gov.in,1
BPL Student Aid 651,NGO Foundation,Engineering,Andhra Pradesh,Male,General,Jain,PhD,Upto 1L,Above 60,"Rs 35,000/year",9/30,https://scholarships.gov.in,1
Single Parent Child Scholarship 652,Trust Fund,Management,Delhi,Female,All,Sikh,PhD,Upto 5L,Above 75,"Rs 8,000/year",9/31,https://scholarships.gov.in,1
Backward Class Merit Award 653,District Collector Office,Engineering,Tamil Nadu,Male,All,Hindu,PhD,Upto 1L,80-90,"Rs 10,000/year",12/30,https://scholarships.gov.in,1
Sports & Academics Scholarship 654,State Education Board,All,Andhra Pradesh,Male,EWS,Jain,Diploma,Upto 2.5L,90-100,"Rs 8,000/year",9/31,https://scholarships.gov.in,1
Backward Class Merit Award 655,District Collector Office,Agriculture,Nagaland,All,Minority,Sikh,Postgraduate,Upto 2.5L,80-90,"Rs 1,500/year",9/31,https://scholarships.gov.in,1
Single Parent Child Scholarship 656,District Collector Office,Law,Uttar Pradesh,Female,All,Buddhist,Class 12,Upto 2.5L,50-60,"Rs 1,500/year",10/30,https://scholarships.gov.in,1
Single Parent Child Scholarship 657,Zilla Parishad,Law,Nagaland,Male,EWS,Hindu,Postgraduate,Upto 3.5L,60-70,"Rs 40,000/year",11/29,https://scholarships.gov.in,1
Sports & Academics Scholarship 658,NGO Foundation,Education,Assam,All,ST,Sikh,Class 12,Upto 8L,70-80,"Rs 5,000/year",12/29,https://scholarships.gov.in,1
Backward Class Merit Award 659,Zilla Parishad,Education,Himachal Pradesh,All,All,Jain,PhD,Upto 5L,60-70,"Rs 30,000/year",9/29,https://scholarships.gov.in,1
Best Student Award Scholarship 660,Zilla Parishad,All,Goa,All,ST,Muslim,Undergraduate,Upto 3.5L,70-80,"Rs 3,000/year",11/30,https://scholarships.gov.in,1
District Topper Scholarship 661,District Collector Office,All,Manipur,Male,All,All,Class 10,Upto 1L,Above 75,"Rs 1,500/year",11/28,https://scholarships.gov.in,1
Best Student Award Scholarship 662,District Collector Office,Arts/Commerce,Rajasthan,All,EWS,Buddhist,Class 12,Upto 2.5L,60-70,"Rs 5,000/year",11/30,https://scholarships.gov.in,1
Women in STEM Scholarship 663,District Collector Office,Architecture,West Bengal,Female,Minority,Buddhist,Class 12,No Limit,Above 75,"Rs 1,500/year",9/30,https://scholarships.gov.in,1
BPL Student Aid 664,State Education Board,Architecture,Maharashtra,Female,General,All,Undergraduate,Upto 1L,90-100,"Rs 60,000/year",12/28,https://scholarships.gov.in,1
BPL Student Aid 665,State Education Board,Education,Mizoram,All,ST,Muslim,Undergraduate,Upto 1L,50-60,"Rs 20,000/year",9/31,https://scholarships.gov.in,1
Best Student Award Scholarship 666,NGO Foundation,Engineering,Uttar Pradesh,Female,EWS,Sikh,Postgraduate,Upto 1L,Above 60,"Rs 20,000/year",10/31,https://scholarships.gov.in,1
Academic Excellence Grant 667,Trust Fund,Agriculture,Nagaland,Male,Minority,Hindu,Diploma,No Limit,60-70,"Rs 75,000/year",10/29,https://scholarships.gov.in,1
Single Parent Child Scholarship 668,Zilla Parishad,Education,Rajasthan,Female,Minority,Muslim,Postgraduate,Upto 2.5L,60-70,"Rs 6,000/year",10/30,https://scholarships.gov.in,1
Academic Excellence Grant 669,NGO Foundation,Education,Meghalaya,All,OBC,Buddhist,Undergraduate,Upto 1L,50-60,"Rs 30,000/year",9/29,https://scholarships.gov.in,1
Best Student Award Scholarship 670,District Collector Office,Science,Rajasthan,Male,SC,Buddhist,Postgraduate,Upto 1L,80-90,"Rs 30,000/year",9/30,https://scholarships.gov.in,1
Women in STEM Scholarship 671,Zilla Parishad,All,Bihar,Male,OBC,Hindu,Undergraduate,Upto 2.5L,Above 75,"Rs 8,000/year",11/28,https://scholarships.gov.in,1
Single Parent Child Scholarship 672,District Collector Office,All,Mizoram,All,Minority,Muslim,Undergraduate,Upto 1L,90-100,"Rs 35,000/year",11/28,https://scholarships.gov.in,1
Women in STEM Scholarship 673,State Education Board,Architecture,Rajasthan,Female,All,Sikh,Postgraduate,Upto 8L,60-70,"Rs 35,000/year",10/31,https://scholarships.gov.in,1
First Generation Learner Award 674,Trust Fund,Design,Rajasthan,All,All,All,Diploma,Upto 1L,90-100,"Rs 2,000/year",12/30,https://scholarships.gov.in,1
Single Parent Child Scholarship 675,NGO Foundation,Law,Uttarakhand,Male,EWS,Buddhist,Diploma,Upto 2.5L,Above 60,"Rs 15,000/year",11/30,https://scholarships.gov.in,1
Rural Student Scholarship 676,Zilla Parishad,Computer Science,Bihar,Female,OBC,Buddhist,Diploma,Upto 8L,90-100,"Rs 8,000/year",9/29,https://scholarships.gov.in,1
Best Student Award Scholarship 677,Trust Fund,Design,Jammu & Kashmir,All,General,Muslim,Undergraduate,Upto 3.5L,Above 60,"Rs 60,000/year",10/28,https://scholarships.gov.in,1
Women in STEM Scholarship 678,NGO Foundation,Engineering,Sikkim,All,Minority,Hindu,Class 10,Upto 5L,50-60,"Rs 1,000/year",12/28,https://scholarships.gov.in,1
Sports & Academics Scholarship 679,Trust Fund,Biotechnology,West Bengal,Male,All,Muslim,PhD,Upto 3.5L,90-100,"Rs 12,000/year",12/31,https://scholarships.gov.in,1
District Topper Scholarship 680,Trust Fund,Science,Rajasthan,Male,EWS,Christian,Class 10,No Limit,70-80,"Rs 1,000/year",10/28,https://scholarships.gov.in,1
Sports & Academics Scholarship 681,District Collector Office,Pharmacy,Arunachal Pradesh,Female,Minority,Sikh,Class 12,Upto 1L,90-100,"Rs 1,000/year",12/31,https://scholarships.gov.in,1
Single Parent Child Scholarship 682,District Collector Office,Biotechnology,Rajasthan,Female,All,Hindu,Diploma,Upto 3.5L,50-60,"Rs 12,000/year",11/30,https://scholarships.gov.in,1
BPL Student Aid 683,NGO Foundation,Engineering,Andhra Pradesh,Male,All,Hindu,Class 10,Upto 1L,60-70,"Rs 8,000/year",11/30,https://scholarships.gov.in,1
Backward Class Merit Award 684,State Education Board,Architecture,Uttarakhand,All,Minority,Buddhist,PhD,Upto 3.5L,50-60,"Rs 20,000/year",12/28,https://scholarships.gov.in,1
Rural Student Scholarship 685,Zilla Parishad,Management,Chhattisgarh,Male,OBC,Hindu,Undergraduate,No Limit,80-90,"Rs 30,000/year",11/28,https://scholarships.gov.in,1
Women in STEM Scholarship 686,State Education Board,Law,Tamil Nadu,Male,OBC,Jain,PhD,Upto 1L,50-60,"Rs 60,000/year",10/28,https://scholarships.gov.in,1
BPL Student Aid 687,Trust Fund,Science,Assam,Male,EWS,Hindu,PhD,Upto 5L,50-60,"Rs 15,000/year",9/31,https://scholarships.gov.in,1
Single Parent Child Scholarship 688,District Collector Office,All,Andhra Pradesh,Female,ST,Sikh,Diploma,Upto 8L,60-70,"Rs 50,000/year",11/30,https://scholarships.gov.in,1
First Generation Learner Award 689,NGO Foundation,Biotechnology,Kerala,Male,Minority,Muslim,Class 12,Upto 8L,Above 75,"Rs 75,000/year",9/29,https://scholarships.gov.in,1
District Topper Scholarship 690,NGO Foundation,Education,Arunachal Pradesh,Female,Minority,Christian,PhD,Upto 5L,70-80,"Rs 3,000/year",11/29,https://scholarships.gov.in,1
Backward Class Merit Award 691,NGO Foundation,Journalism,Kerala,Female,SC,Sikh,Postgraduate,Upto 1L,80-90,"Rs 15,000/year",12/31,https://scholarships.gov.in,1
Women in STEM Scholarship 692,State Education Board,Pharmacy,Nagaland,Male,OBC,Buddhist,Postgraduate,Upto 2.5L,60-70,"Rs 15,000/year",11/28,https://scholarships.gov.in,1
Backward Class Merit Award 693,State Education Board,Journalism,Chhattisgarh,Male,All,Hindu,Undergraduate,Upto 8L,Above 60,"Rs 60,000/year",9/30,https://scholarships.gov.in,1
First Generation Learner Award 694,State Education Board,All,Manipur,Female,EWS,Sikh,Class 10,Upto 2.5L,60-70,"Rs 2,000/year",9/31,https://scholarships.gov.in,1
Rural Student Scholarship 695,State Education Board,Pharmacy,Haryana,All,Minority,All,PhD,Upto 2.5L,80-90,"Rs 12,000/year",11/31,https://scholarships.gov.in,1
Rural Student Scholarship 696,Trust Fund,Agriculture,Assam,Male,SC,Christian,Postgraduate,Upto 8L,70-80,"Rs 20,000/year",10/31,https://scholarships.gov.in,1
Single Parent Child Scholarship 697,Zilla Parishad,Science,West Bengal,Female,ST,Hindu,Postgraduate,Upto 8L,Above 75,"Rs 20,000/year",12/30,https://scholarships.gov.in,1
Backward Class Merit Award 698,Zilla Parishad,All,Telangana,Male,Minority,Muslim,Diploma,No Limit,Above 75,"Rs 1,000/year",11/30,https://scholarships.gov.in,1
Academic Excellence Grant 699,Trust Fund,Pharmacy,Tripura,All,General,Hindu,PhD,Upto 5L,60-70,"Rs 20,000/year",10/31,https://scholarships.gov.in,1
First Generation Learner Award 700,District Collector Office,Agriculture,Chhattisgarh,Male,EWS,Hindu,Class 10,Upto 2.5L,90-100,"Rs 8,000/year",12/29,https://scholarships.gov.in,1
Women in STEM Scholarship 701,State Education Board,Engineering,Delhi,Male,EWS,Sikh,Class 10,Upto 5L,50-60,"Rs 8,000/year",10/28,https://scholarships.gov.in,1
Backward Class Merit Award 702,Trust Fund,Science,Arunachal Pradesh,Male,General,Muslim,PhD,Upto 2.5L,90-100,"Rs 2,000/year",10/28,https://scholarships.gov.in,1
Women in STEM Scholarship 703,Trust Fund,Science,Delhi,Female,Minority,Christian,Postgraduate,Upto 2.5L,70-80,"Rs 40,000/year",9/28,https://scholarships.gov.in,1
Academic Excellence Grant 704,District Collector Office,All,Jharkhand,All,All,Hindu,Undergraduate,Upto 8L,80-90,"Rs 8,000/year",10/30,https://scholarships.gov.in,1
District Topper Scholarship 705,Zilla Parishad,Science,Manipur,Male,Minority,Jain,Class 12,Upto 2.5L,70-80,"Rs 1,000/year",12/31,https://scholarships.gov.in,1
Backward Class Merit Award 706,District Collector Office,Science,Andhra Pradesh,Male,OBC,Hindu,Undergraduate,No Limit,Above 60,"Rs 18,000/year",11/31,https://scholarships.gov.in,1
Best Student Award Scholarship 707,State Education Board,Architecture,Nagaland,All,All,Sikh,Undergraduate,Upto 8L,80-90,"Rs 20,000/year",9/31,https://scholarships.gov.in,1
First Generation Learner Award 708,NGO Foundation,Engineering,Andhra Pradesh,All,ST,Buddhist,PhD,Upto 1L,80-90,"Rs 35,000/year",10/29,https://scholarships.gov.in,1
Best Student Award Scholarship 709,NGO Foundation,Arts/Commerce,Odisha,Male,Minority,Jain,Diploma,Upto 1L,70-80,"Rs 3,000/year",11/31,https://scholarships.gov.in,1
BPL Student Aid 710,Zilla Parishad,Pharmacy,Karnataka,Male,EWS,Muslim,PhD,No Limit,70-80,"Rs 18,000/year",9/30,https://scholarships.gov.in,1
Best Student Award Scholarship 711,Trust Fund,Arts/Commerce,Kerala,Female,SC,Muslim,PhD,Upto 2.5L,50-60,"Rs 60,000/year",10/30,https://scholarships.gov.in,1
Single Parent Child Scholarship 712,Zilla Parishad,Design,Haryana,Male,Minority,Sikh,Diploma,Upto 3.5L,Above 75,"Rs 15,000/year",10/31,https://scholarships.gov.in,1
Best Student Award Scholarship 713,District Collector Office,Law,Andhra Pradesh,All,OBC,Buddhist,Diploma,Upto 2.5L,60-70,"Rs 15,000/year",9/31,https://scholarships.gov.in,1
Single Parent Child Scholarship 714,Zilla Parishad,Medical,Kerala,Female,All,Buddhist,Diploma,Upto 5L,70-80,"Rs 50,000/year",11/29,https://scholarships.gov.in,1
First Generation Learner Award 715,NGO Foundation,Biotechnology,Bihar,Male,General,Jain,PhD,Upto 2.5L,Above 60,"Rs 3,000/year",9/30,https://scholarships.gov.in,1
Sports & Academics Scholarship 716,Trust Fund,Pharmacy,Haryana,Male,ST,Christian,PhD,Upto 3.5L,Above 75,"Rs 75,000/year",10/30,https://scholarships.gov.in,1
Best Student Award Scholarship 717,Zilla Parishad,Arts/Commerce,Maharashtra,Male,OBC,Buddhist,Class 12,Upto 2.5L,60-70,"Rs 2,500/year",12/28,https://scholarships.gov.in,1
Sports & Academics Scholarship 718,State Education Board,Pharmacy,Odisha,All,All,Jain,Class 12,Upto 5L,50-60,"Rs 8,000/year",12/28,https://scholarships.gov.in,1
Sports & Academics Scholarship 719,Zilla Parishad,Computer Science,West Bengal,Female,SC,Muslim,Undergraduate,Upto 3.5L,Above 75,"Rs 25,000/year",9/30,https://scholarships.gov.in,1
Best Student Award Scholarship 720,Zilla Parishad,Education,Nagaland,All,Minority,Muslim,Class 10,Upto 1L,50-60,"Rs 30,000/year",9/28,https://scholarships.gov.in,1
Sports & Academics Scholarship 721,Zilla Parishad,Law,Maharashtra,Female,General,Sikh,Class 12,Upto 8L,50-60,"Rs 3,000/year",9/29,https://scholarships.gov.in,1
Single Parent Child Scholarship 722,District Collector Office,Architecture,Karnataka,Female,EWS,Muslim,Undergraduate,Upto 2.5L,Above 60,"Rs 60,000/year",10/31,https://scholarships.gov.in,1
Backward Class Merit Award 723,Zilla Parishad,Design,Madhya Pradesh,All,SC,Muslim,Diploma,Upto 8L,80-90,"Rs 15,000/year",10/28,https://scholarships.gov.in,1
Sports & Academics Scholarship 724,State Education Board,All,Punjab,Male,All,Sikh,Class 10,Upto 2.5L,60-70,"Rs 6,000/year",10/29,https://scholarships.gov.in,1
BPL Student Aid 725,State Education Board,Engineering,Haryana,All,ST,Christian,Class 12,Upto 1L,60-70,"Rs 1,000/year",9/28,https://scholarships.gov.in,1
Single Parent Child Scholarship 726,State Education Board,Computer Science,Himachal Pradesh,Female,All,Christian,Undergraduate,Upto 2.5L,70-80,"Rs 1,000/year",10/30,https://scholarships.gov.in,1
Rural Student Scholarship 727,Trust Fund,Law,Delhi,Female,EWS,Jain,PhD,Upto 8L,Above 75,"Rs 2,500/year",9/31,https://scholarships.gov.in,1
Backward Class Merit Award 728,Trust Fund,Law,Maharashtra,All,EWS,Muslim,Postgraduate,Upto 2.5L,90-100,"Rs 5,000/year",9/29,https://scholarships.gov.in,1
Single Parent Child Scholarship 729,Trust Fund,Agriculture,Bihar,Female,SC,Sikh,PhD,Upto 5L,80-90,"Rs 35,000/year",10/30,https://scholarships.gov.in,1
Backward Class Merit Award 730,Trust Fund,All,Andhra Pradesh,Male,EWS,Hindu,Class 10,Upto 8L,80-90,"Rs 2,500/year",12/29,https://scholarships.gov.in,1
First Generation Learner Award 731,Trust Fund,Architecture,Jammu & Kashmir,Female,All,Sikh,Diploma,Upto 3.5L,60-70,"Rs 35,000/year",10/30,https://scholarships.gov.in,1
Best Student Award Scholarship 732,Trust Fund,Law,Nagaland,Male,All,Buddhist,Diploma,Upto 5L,70-80,"Rs 30,000/year",11/31,https://scholarships.gov.in,1
Single Parent Child Scholarship 733,Zilla Parishad,Engineering,Sikkim,All,EWS,Muslim,Class 12,Upto 5L,50-60,"Rs 50,000/year",11/31,https://scholarships.gov.in,1
First Generation Learner Award 734,Zilla Parishad,All,Chhattisgarh,All,Minority,Christian,PhD,Upto 1L,50-60,"Rs 50,000/year",11/30,https://scholarships.gov.in,1
Academic Excellence Grant 735,District Collector Office,Computer Science,Uttarakhand,Female,OBC,Hindu,Undergraduate,Upto 1L,50-60,"Rs 20,000/year",11/31,https://scholarships.gov.in,1
Academic Excellence Grant 736,Zilla Parishad,Management,Karnataka,Male,ST,Jain,Class 10,Upto 3.5L,Above 60,"Rs 8,000/year",11/28,https://scholarships.gov.in,1
First Generation Learner Award 737,NGO Foundation,Arts/Commerce,Andhra Pradesh,Male,EWS,Buddhist,Postgraduate,Upto 1L,80-90,"Rs 30,000/year",9/29,https://scholarships.gov.in,1
Sports & Academics Scholarship 738,NGO Foundation,Engineering,Madhya Pradesh,Male,All,Christian,Diploma,Upto 1L,70-80,"Rs 18,000/year",11/30,https://scholarships.gov.in,1
First Generation Learner Award 739,District Collector Office,Pharmacy,Mizoram,Female,OBC,Buddhist,Diploma,Upto 1L,50-60,"Rs 8,000/year",11/28,https://scholarships.gov.in,1
Academic Excellence Grant 740,District Collector Office,Management,Assam,Female,OBC,Muslim,Undergraduate,Upto 1L,50-60,"Rs 75,000/year",11/28,https://scholarships.gov.in,1
Women in STEM Scholarship 741,NGO Foundation,Computer Science,Rajasthan,Female,Minority,Jain,Undergraduate,Upto 3.5L,90-100,"Rs 1,000/year",11/29,https://scholarships.gov.in,1
District Topper Scholarship 742,District Collector Office,Journalism,Telangana,All,ST,Hindu,Postgraduate,No Limit,Above 75,"Rs 12,000/year",11/28,https://scholarships.gov.in,1
BPL Student Aid 743,District Collector Office,Law,Maharashtra,Male,OBC,Christian,Class 10,Upto 2.5L,50-60,"Rs 35,000/year",12/29,https://scholarships.gov.in,1
Backward Class Merit Award 744,District Collector Office,Design,Odisha,Male,Minority,Muslim,Diploma,Upto 8L,Above 75,"Rs 25,000/year",10/29,https://scholarships.gov.in,1
Best Student Award Scholarship 745,District Collector Office,Agriculture,Odisha,All,OBC,Buddhist,Diploma,Upto 1L,90-100,"Rs 50,000/year",10/30,https://scholarships.gov.in,1
Sports & Academics Scholarship 746,Trust Fund,All,Maharashtra,Female,General,All,Undergraduate,Upto 2.5L,80-90,"Rs 8,000/year",12/30,https://scholarships.gov.in,1
BPL Student Aid 747,Zilla Parishad,Architecture,Kerala,Female,Minority,Christian,Class 12,Upto 3.5L,90-100,"Rs 3,000/year",10/31,https://scholarships.gov.in,1
BPL Student Aid 748,District Collector Office,Management,Haryana,All,Minority,All,Class 12,Upto 3.5L,60-70,"Rs 10,000/year",11/31,https://scholarships.gov.in,1
Rural Student Scholarship 749,Trust Fund,Journalism,Odisha,All,All,All,Diploma,Upto 1L,80-90,"Rs 1,000/year",12/31,https://scholarships.gov.in,1
District Topper Scholarship 750,Trust Fund,Education,Uttar Pradesh,Female,All,Hindu,Undergraduate,Upto 1L,70-80,"Rs 35,000/year",12/30,https://scholarships.gov.in,1
Backward Class Merit Award 751,Trust Fund,Computer Science,Uttarakhand,All,EWS,All,Undergraduate,Upto 2.5L,90-100,"Rs 1,500/year",11/30,https://scholarships.gov.in,1
Backward Class Merit Award 752,NGO Foundation,Management,Jharkhand,Female,General,Christian,Class 12,No Limit,70-80,"Rs 20,000/year",10/31,https://scholarships.gov.in,1
Backward Class Merit Award 753,NGO Foundation,Journalism,Jharkhand,Female,ST,Jain,PhD,Upto 2.5L,70-80,"Rs 3,000/year",10/30,https://scholarships.gov.in,1
District Topper Scholarship 754,District Collector Office,Law,Gujarat,All,Minority,Jain,Class 10,No Limit,80-90,"Rs 1,500/year",12/31,https://scholarships.gov.in,1
First Generation Learner Award 755,NGO Foundation,Architecture,West Bengal,All,Minority,Jain,Postgraduate,No Limit,70-80,"Rs 2,000/year",9/28,https://scholarships.gov.in,1
First Generation Learner Award 756,State Education Board,Engineering,Assam,Female,Minority,All,Class 12,Upto 8L,50-60,"Rs 2,500/year",11/31,https://scholarships.gov.in,1
Backward Class Merit Award 757,NGO Foundation,Journalism,Bihar,All,General,Hindu,Diploma,Upto 2.5L,80-90,"Rs 1,000/year",11/28,https://scholarships.gov.in,1
Best Student Award Scholarship 758,State Education Board,Education,Chhattisgarh,Female,All,Jain,Class 12,No Limit,Above 60,"Rs 60,000/year",12/28,https://scholarships.gov.in,1
Backward Class Merit Award 759,Zilla Parishad,Journalism,Uttarakhand,Male,All,Buddhist,Class 12,Upto 3.5L,60-70,"Rs 35,000/year",9/31,https://scholarships.gov.in,1
Single Parent Child Scholarship 760,Trust Fund,Biotechnology,Arunachal Pradesh,Male,SC,Jain,Class 12,No Limit,70-80,"Rs 20,000/year",12/31,https://scholarships.gov.in,1
First Generation Learner Award 761,Trust Fund,Management,Gujarat,All,Minority,Jain,Diploma,Upto 3.5L,90-100,"Rs 5,000/year",9/31,https://scholarships.gov.in,1
Academic Excellence Grant 762,District Collector Office,Arts/Commerce,Goa,All,All,Sikh,Diploma,Upto 2.5L,90-100,"Rs 20,000/year",10/28,https://scholarships.gov.in,1
Best Student Award Scholarship 763,Trust Fund,Computer Science,Madhya Pradesh,Male,EWS,All,Postgraduate,No Limit,60-70,"Rs 40,000/year",11/29,https://scholarships.gov.in,1
Single Parent Child Scholarship 764,NGO Foundation,Education,Tripura,All,General,All,Class 12,Upto 8L,60-70,"Rs 5,000/year",9/30,https://scholarships.gov.in,1
Academic Excellence Grant 765,Trust Fund,Engineering,Goa,All,All,Sikh,Undergraduate,Upto 8L,Above 60,"Rs 3,000/year",9/29,https://scholarships.gov.in,1
Women in STEM Scholarship 766,State Education Board,Education,Mizoram,Male,EWS,Christian,Undergraduate,Upto 2.5L,60-70,"Rs 60,000/year",9/28,https://scholarships.gov.in,1
District Topper Scholarship 767,State Education Board,Journalism,Madhya Pradesh,All,Minority,Buddhist,Diploma,Upto 5L,70-80,"Rs 8,000/year",10/29,https://scholarships.gov.in,1
Backward Class Merit Award 768,District Collector Office,Biotechnology,Tamil Nadu,All,OBC,Muslim,Undergraduate,Upto 8L,90-100,"Rs 15,000/year",9/29,https://scholarships.gov.in,1
Sports & Academics Scholarship 769,Zilla Parishad,Law,Mizoram,Female,All,Christian,Diploma,Upto 3.5L,70-80,"Rs 10,000/year",12/30,https://scholarships.gov.in,1
Women in STEM Scholarship 770,District Collector Office,Computer Science,Assam,Female,EWS,Sikh,Diploma,Upto 3.5L,80-90,"Rs 15,000/year",9/30,https://scholarships.gov.in,1
District Topper Scholarship 771,NGO Foundation,All,Uttarakhand,Female,SC,Jain,Class 10,Upto 2.5L,90-100,"Rs 50,000/year",10/29,https://scholarships.gov.in,1
Women in STEM Scholarship 772,Trust Fund,Arts/Commerce,Jammu & Kashmir,Female,OBC,Buddhist,Class 10,Upto 5L,50-60,"Rs 18,000/year",10/30,https://scholarships.gov.in,1
Best Student Award Scholarship 773,State Education Board,Science,Karnataka,Female,EWS,Muslim,Diploma,Upto 1L,70-80,"Rs 15,000/year",9/30,https://scholarships.gov.in,1
First Generation Learner Award 774,State Education Board,Design,Tamil Nadu,All,ST,Sikh,Undergraduate,Upto 8L,70-80,"Rs 20,000/year",10/28,https://scholarships.gov.in,1
First Generation Learner Award 775,District Collector Office,All,Maharashtra,Male,General,Sikh,Diploma,Upto 1L,90-100,"Rs 75,000/year",12/28,https://scholarships.gov.in,1
BPL Student Aid 776,Trust Fund,Pharmacy,Karnataka,All,Minority,Hindu,Class 12,No Limit,Above 60,"Rs 1,000/year",12/30,https://scholarships.gov.in,1
Sports & Academics Scholarship 777,District Collector Office,Computer Science,Uttar Pradesh,All,General,Christian,Diploma,Upto 3.5L,Above 60,"Rs 50,000/year",10/30,https://scholarships.gov.in,1
Best Student Award Scholarship 778,NGO Foundation,Law,Chhattisgarh,Male,ST,Jain,PhD,Upto 1L,60-70,"Rs 5,000/year",11/29,https://scholarships.gov.in,1
Sports & Academics Scholarship 779,NGO Foundation,Agriculture,Arunachal Pradesh,All,All,Christian,Undergraduate,Upto 2.5L,70-80,"Rs 12,000/year",9/30,https://scholarships.gov.in,1
Best Student Award Scholarship 780,Zilla Parishad,Education,Goa,Female,All,Hindu,Diploma,Upto 1L,90-100,"Rs 5,000/year",10/31,https://scholarships.gov.in,1
Rural Student Scholarship 781,District Collector Office,Design,Haryana,All,OBC,Jain,Class 12,Upto 5L,70-80,"Rs 75,000/year",11/29,https://scholarships.gov.in,1
First Generation Learner Award 782,Zilla Parishad,Management,Jharkhand,Female,OBC,Christian,Postgraduate,Upto 5L,90-100,"Rs 1,000/year",12/28,https://scholarships.gov.in,1
Rural Student Scholarship 783,State Education Board,Agriculture,Nagaland,Female,SC,Sikh,PhD,Upto 5L,Above 60,"Rs 1,500/year",10/31,https://scholarships.gov.in,1
Women in STEM Scholarship 784,District Collector Office,Arts/Commerce,Delhi,Male,General,Jain,Undergraduate,Upto 8L,90-100,"Rs 3,000/year",12/29,https://scholarships.gov.in,1
Academic Excellence Grant 785,Trust Fund,Education,Nagaland,Female,OBC,Muslim,PhD,No Limit,90-100,"Rs 50,000/year",9/30,https://scholarships.gov.in,1
First Generation Learner Award 786,District Collector Office,Agriculture,Goa,All,EWS,Hindu,Diploma,Upto 1L,70-80,"Rs 5,000/year",11/31,https://scholarships.gov.in,1
Rural Student Scholarship 787,Trust Fund,Design,Telangana,Male,ST,Muslim,Postgraduate,Upto 2.5L,Above 60,"Rs 6,000/year",11/29,https://scholarships.gov.in,1
First Generation Learner Award 788,Zilla Parishad,Medical,Kerala,Male,General,Hindu,Class 12,No Limit,Above 75,"Rs 75,000/year",9/30,https://scholarships.gov.in,1
BPL Student Aid 789,NGO Foundation,Architecture,Andhra Pradesh,Female,OBC,Muslim,PhD,Upto 8L,Above 60,"Rs 40,000/year",10/30,https://scholarships.gov.in,1
Best Student Award Scholarship 790,State Education Board,Law,Jammu & Kashmir,Female,Minority,Buddhist,PhD,Upto 1L,Above 75,"Rs 2,000/year",11/29,https://scholarships.gov.in,1
Rural Student Scholarship 791,NGO Foundation,All,West Bengal,All,All,Christian,Postgraduate,Upto 3.5L,50-60,"Rs 12,000/year",12/30,https://scholarships.gov.in,1
Best Student Award Scholarship 792,Zilla Parishad,Arts/Commerce,Manipur,Female,ST,Buddhist,PhD,No Limit,50-60,"Rs 25,000/year",10/30,https://scholarships.gov.in,1
Academic Excellence Grant 793,District Collector Office,Science,Maharashtra,Male,Minority,Hindu,Class 12,No Limit,50-60,"Rs 15,000/year",9/28,https://scholarships.gov.in,1
BPL Student Aid 794,State Education Board,Law,Uttar Pradesh,All,General,Christian,Undergraduate,Upto 3.5L,70-80,"Rs 8,000/year",10/29,https://scholarships.gov.in,1
Backward Class Merit Award 795,District Collector Office,Pharmacy,Tripura,All,Minority,Christian,Class 10,Upto 2.5L,80-90,"Rs 20,000/year",9/31,https://scholarships.gov.in,1
District Topper Scholarship 796,Trust Fund,Law,West Bengal,Female,All,Hindu,Class 10,Upto 1L,90-100,"Rs 15,000/year",11/28,https://scholarships.gov.in,1
Sports & Academics Scholarship 797,Zilla Parishad,All,West Bengal,All,EWS,Christian,Class 12,Upto 8L,Above 60,"Rs 18,000/year",10/28,https://scholarships.gov.in,1
Single Parent Child Scholarship 798,District Collector Office,Agriculture,Haryana,Female,Minority,Christian,Class 10,No Limit,80-90,"Rs 10,000/year",12/28,https://scholarships.gov.in,1
Rural Student Scholarship 799,Trust Fund,Biotechnology,Andhra Pradesh,All,All,Christian,Class 10,Upto 3.5L,70-80,"Rs 35,000/year",9/30,https://scholarships.gov.in,1
Backward Class Merit Award 800,Trust Fund,Agriculture,Delhi,Female,SC,Muslim,Class 12,Upto 8L,50-60,"Rs 2,000/year",10/29,https://scholarships.gov.in,1
Academic Excellence Grant 801,State Education Board,Medical,Kerala,Female,SC,Sikh,Undergraduate,Upto 8L,Above 60,"Rs 12,000/year",11/30,https://scholarships.gov.in,1
BPL Student Aid 802,District Collector Office,Design,Kerala,All,SC,All,Class 12,Upto 1L,80-90,"Rs 2,500/year",9/29,https://scholarships.gov.in,1
Rural Student Scholarship 803,Zilla Parishad,Law,Bihar,Female,General,Buddhist,Class 10,Upto 8L,Above 60,"Rs 2,500/year",10/31,https://scholarships.gov.in,1
Sports & Academics Scholarship 804,District Collector Office,Medical,Andhra Pradesh,Female,Minority,Hindu,Diploma,Upto 2.5L,50-60,"Rs 2,000/year",9/30,https://scholarships.gov.in,1
Sports & Academics Scholarship 805,Zilla Parishad,Medical,Gujarat,All,OBC,Christian,PhD,Upto 8L,Above 75,"Rs 50,000/year",9/28,https://scholarships.gov.in,1
Sports & Academics Scholarship 806,Zilla Parishad,Education,Tripura,Male,SC,Sikh,Class 12,Upto 5L,80-90,"Rs 18,000/year",10/28,https://scholarships.gov.in,1
Women in STEM Scholarship 807,State Education Board,Pharmacy,Telangana,Male,All,Buddhist,PhD,Upto 3.5L,90-100,"Rs 50,000/year",10/29,https://scholarships.gov.in,1
BPL Student Aid 808,State Education Board,Architecture,Sikkim,All,SC,All,Diploma,Upto 2.5L,Above 60,"Rs 5,000/year",10/28,https://scholarships.gov.in,1
First Generation Learner Award 809,Trust Fund,Computer Science,Assam,All,SC,Muslim,Class 12,Upto 1L,70-80,"Rs 12,000/year",10/31,https://scholarships.gov.in,1
Best Student Award Scholarship 810,Trust Fund,Journalism,Arunachal Pradesh,All,ST,Hindu,Class 10,No Limit,60-70,"Rs 20,000/year",11/31,https://scholarships.gov.in,1
District Topper Scholarship 811,Trust Fund,All,Nagaland,Male,OBC,Christian,Class 12,Upto 2.5L,50-60,"Rs 15,000/year",12/29,https://scholarships.gov.in,1
Single Parent Child Scholarship 812,Trust Fund,Pharmacy,Himachal Pradesh,All,SC,Buddhist,Class 10,Upto 8L,60-70,"Rs 3,000/year",9/28,https://scholarships.gov.in,1
Academic Excellence Grant 813,District Collector Office,Biotechnology,Himachal Pradesh,Female,General,Muslim,PhD,No Limit,50-60,"Rs 2,000/year",9/31,https://scholarships.gov.in,1
Best Student Award Scholarship 814,District Collector Office,Science,Mizoram,All,OBC,Buddhist,Class 12,Upto 1L,70-80,"Rs 5,000/year",10/31,https://scholarships.gov.in,1
Backward Class Merit Award 815,NGO Foundation,Medical,Andhra Pradesh,Male,ST,Hindu,Undergraduate,Upto 1L,60-70,"Rs 50,000/year",10/28,https://scholarships.gov.in,1
Academic Excellence Grant 816,Trust Fund,Law,Andhra Pradesh,Female,General,Buddhist,Class 10,Upto 1L,Above 75,"Rs 50,000/year",10/30,https://scholarships.gov.in,1
Best Student Award Scholarship 817,District Collector Office,Science,Kerala,Male,All,Muslim,Class 12,Upto 8L,60-70,"Rs 12,000/year",9/29,https://scholarships.gov.in,1
BPL Student Aid 818,State Education Board,Science,Tripura,All,Minority,Buddhist,Class 10,Upto 8L,Above 60,"Rs 15,000/year",10/30,https://scholarships.gov.in,1
District Topper Scholarship 819,Trust Fund,Journalism,Manipur,All,Minority,Christian,Class 10,Upto 5L,90-100,"Rs 18,000/year",9/29,https://scholarships.gov.in,1
Rural Student Scholarship 820,Zilla Parishad,All,Himachal Pradesh,Female,ST,Buddhist,Class 10,Upto 1L,60-70,"Rs 5,000/year",11/28,https://scholarships.gov.in,1
Academic Excellence Grant 821,State Education Board,Biotechnology,Haryana,Male,OBC,Buddhist,Diploma,Upto 2.5L,50-60,"Rs 5,000/year",9/31,https://scholarships.gov.in,1
District Topper Scholarship 822,Zilla Parishad,Science,Assam,Male,General,Christian,PhD,Upto 3.5L,50-60,"Rs 6,000/year",11/30,https://scholarships.gov.in,1
Sports & Academics Scholarship 823,District Collector Office,All,Kerala,Male,EWS,Jain,Diploma,Upto 8L,60-70,"Rs 1,000/year",11/30,https://scholarships.gov.in,1
Sports & Academics Scholarship 824,Zilla Parishad,Journalism,Punjab,All,ST,All,Class 10,Upto 2.5L,60-70,"Rs 75,000/year",10/28,https://scholarships.gov.in,1
Sports & Academics Scholarship 825,State Education Board,All,Uttarakhand,Female,SC,Jain,Class 10,Upto 1L,80-90,"Rs 75,000/year",10/29,https://scholarships.gov.in,1
BPL Student Aid 826,State Education Board,Arts/Commerce,West Bengal,Male,EWS,Christian,Postgraduate,Upto 2.5L,Above 60,"Rs 20,000/year",10/28,https://scholarships.gov.in,1
First Generation Learner Award 827,Trust Fund,Computer Science,Maharashtra,Male,All,Buddhist,Undergraduate,Upto 8L,Above 60,"Rs 18,000/year",10/28,https://scholarships.gov.in,1
Women in STEM Scholarship 828,Trust Fund,Medical,Rajasthan,Male,ST,Jain,PhD,Upto 5L,50-60,"Rs 18,000/year",12/28,https://scholarships.gov.in,1
First Generation Learner Award 829,State Education Board,Agriculture,Karnataka,Female,OBC,All,Postgraduate,Upto 5L,Above 75,"Rs 20,000/year",9/28,https://scholarships.gov.in,1
Women in STEM Scholarship 830,District Collector Office,Management,Gujarat,Male,General,Buddhist,Class 10,No Limit,50-60,"Rs 6,000/year",11/28,https://scholarships.gov.in,1
Single Parent Child Scholarship 831,District Collector Office,Agriculture,Sikkim,Female,Minority,Jain,Diploma,Upto 1L,Above 60,"Rs 25,000/year",9/30,https://scholarships.gov.in,1
Academic Excellence Grant 832,Zilla Parishad,Design,Telangana,All,All,Christian,Class 12,Upto 3.5L,90-100,"Rs 10,000/year",10/28,https://scholarships.gov.in,1
Single Parent Child Scholarship 833,State Education Board,Engineering,Uttar Pradesh,Female,EWS,Sikh,Postgraduate,Upto 1L,Above 60,"Rs 3,000/year",9/28,https://scholarships.gov.in,1
Rural Student Scholarship 834,State Education Board,Journalism,Karnataka,Female,OBC,Jain,PhD,Upto 1L,60-70,"Rs 15,000/year",11/30,https://scholarships.gov.in,1
Sports & Academics Scholarship 835,District Collector Office,Agriculture,Jammu & Kashmir,Male,EWS,Muslim,PhD,No Limit,80-90,"Rs 60,000/year",9/31,https://scholarships.gov.in,1
Rural Student Scholarship 836,Trust Fund,Education,Assam,All,All,Muslim,Diploma,Upto 3.5L,Above 75,"Rs 20,000/year",10/28,https://scholarships.gov.in,1
Backward Class Merit Award 837,State Education Board,Design,Maharashtra,Female,Minority,Buddhist,Class 10,Upto 8L,80-90,"Rs 40,000/year",11/30,https://scholarships.gov.in,1
First Generation Learner Award 838,District Collector Office,Arts/Commerce,Telangana,Male,All,Sikh,Diploma,No Limit,90-100,"Rs 10,000/year",10/28,https://scholarships.gov.in,1
Single Parent Child Scholarship 839,NGO Foundation,Engineering,Sikkim,Male,ST,Buddhist,Diploma,Upto 2.5L,60-70,"Rs 35,000/year",9/29,https://scholarships.gov.in,1
Best Student Award Scholarship 840,Trust Fund,Law,Karnataka,Female,SC,Jain,Class 10,Upto 3.5L,90-100,"Rs 1,500/year",9/29,https://scholarships.gov.in,1
Best Student Award Scholarship 841,State Education Board,Medical,Assam,Male,EWS,Sikh,Undergraduate,Upto 1L,50-60,"Rs 1,000/year",10/31,https://scholarships.gov.in,1
Best Student Award Scholarship 842,Zilla Parishad,Architecture,Telangana,Female,All,All,PhD,Upto 3.5L,90-100,"Rs 8,000/year",12/28,https://scholarships.gov.in,1
Rural Student Scholarship 843,Zilla Parishad,Education,West Bengal,All,Minority,Buddhist,Class 10,Upto 3.5L,70-80,"Rs 30,000/year",11/31,https://scholarships.gov.in,1
Women in STEM Scholarship 844,Trust Fund,Architecture,Nagaland,All,EWS,Sikh,Postgraduate,No Limit,Above 60,"Rs 2,000/year",9/28,https://scholarships.gov.in,1
Sports & Academics Scholarship 845,State Education Board,Computer Science,Chhattisgarh,Female,Minority,All,Class 12,Upto 3.5L,60-70,"Rs 20,000/year",12/29,https://scholarships.gov.in,1
Women in STEM Scholarship 846,Trust Fund,Science,Odisha,All,General,Christian,Undergraduate,Upto 8L,80-90,"Rs 75,000/year",10/30,https://scholarships.gov.in,1
Women in STEM Scholarship 847,State Education Board,Engineering,Madhya Pradesh,All,EWS,Hindu,Class 10,Upto 1L,80-90,"Rs 3,000/year",12/31,https://scholarships.gov.in,1
Single Parent Child Scholarship 848,State Education Board,Arts/Commerce,West Bengal,All,EWS,Muslim,Diploma,Upto 3.5L,Above 60,"Rs 12,000/year",9/30,https://scholarships.gov.in,1
District Topper Scholarship 849,NGO Foundation,Architecture,Mizoram,Male,SC,Buddhist,Undergraduate,Upto 5L,70-80,"Rs 25,000/year",9/30,https://scholarships.gov.in,1
Rural Student Scholarship 850,State Education Board,Computer Science,Assam,All,All,Buddhist,Class 12,Upto 2.5L,Above 75,"Rs 1,500/year",12/28,https://scholarships.gov.in,1
Backward Class Merit Award 851,State Education Board,Management,Uttarakhand,Male,Minority,Muslim,Postgraduate,No Limit,80-90,"Rs 1,500/year",12/31,https://scholarships.gov.in,1
BPL Student Aid 852,District Collector Office,Education,West Bengal,Female,OBC,Muslim,Undergraduate,Upto 1L,Above 60,"Rs 6,000/year",11/28,https://scholarships.gov.in,1
Women in STEM Scholarship 853,Zilla Parishad,Architecture,Kerala,Male,All,Jain,Class 10,Upto 8L,50-60,"Rs 15,000/year",12/30,https://scholarships.gov.in,1
Single Parent Child Scholarship 854,District Collector Office,Pharmacy,Telangana,Male,General,Hindu,Postgraduate,Upto 1L,60-70,"Rs 30,000/year",9/28,https://scholarships.gov.in,1
Rural Student Scholarship 855,District Collector Office,Medical,Rajasthan,All,EWS,Hindu,Class 12,Upto 8L,Above 75,"Rs 35,000/year",10/28,https://scholarships.gov.in,1
Women in STEM Scholarship 856,Trust Fund,Education,Nagaland,Female,SC,Jain,Undergraduate,Upto 1L,Above 60,"Rs 18,000/year",9/30,https://scholarships.gov.in,1
Academic Excellence Grant 857,Trust Fund,Architecture,Mizoram,All,General,Muslim,Undergraduate,Upto 8L,70-80,"Rs 12,000/year",9/28,https://scholarships.gov.in,1
Sports & Academics Scholarship 858,State Education Board,Science,Maharashtra,Male,ST,Christian,Class 12,Upto 5L,Above 60,"Rs 60,000/year",9/29,https://scholarships.gov.in,1
Sports & Academics Scholarship 859,Trust Fund,Education,Goa,All,ST,Hindu,Postgraduate,Upto 2.5L,Above 60,"Rs 50,000/year",11/31,https://scholarships.gov.in,1
Women in STEM Scholarship 860,District Collector Office,Biotechnology,Tripura,Female,EWS,Christian,PhD,Upto 1L,60-70,"Rs 35,000/year",11/29,https://scholarships.gov.in,1
Backward Class Merit Award 861,Trust Fund,Education,Tripura,Female,General,Muslim,Undergraduate,Upto 8L,Above 60,"Rs 40,000/year",11/31,https://scholarships.gov.in,1
Women in STEM Scholarship 862,NGO Foundation,Science,Meghalaya,All,SC,Jain,PhD,Upto 2.5L,Above 60,"Rs 12,000/year",9/31,https://scholarships.gov.in,1
Best Student Award Scholarship 863,NGO Foundation,Arts/Commerce,Meghalaya,All,All,Buddhist,Diploma,Upto 1L,50-60,"Rs 6,000/year",11/28,https://scholarships.gov.in,1
Single Parent Child Scholarship 864,NGO Foundation,Biotechnology,Tamil Nadu,Male,General,Buddhist,Diploma,Upto 8L,90-100,"Rs 1,000/year",10/28,https://scholarships.gov.in,1
BPL Student Aid 865,State Education Board,Computer Science,Mizoram,All,Minority,Hindu,PhD,Upto 2.5L,80-90,"Rs 6,000/year",12/31,https://scholarships.gov.in,1
Rural Student Scholarship 866,District Collector Office,Agriculture,Maharashtra,Female,SC,Christian,Class 12,Upto 1L,Above 60,"Rs 75,000/year",11/28,https://scholarships.gov.in,1
First Generation Learner Award 867,NGO Foundation,Architecture,Uttar Pradesh,Male,OBC,Sikh,Undergraduate,Upto 5L,50-60,"Rs 75,000/year",11/31,https://scholarships.gov.in,1
Best Student Award Scholarship 868,District Collector Office,Law,Chhattisgarh,Female,All,Buddhist,Postgraduate,Upto 5L,70-80,"Rs 1,000/year",10/29,https://scholarships.gov.in,1
Sports & Academics Scholarship 869,District Collector Office,Agriculture,Bihar,Female,ST,Hindu,Class 10,No Limit,70-80,"Rs 20,000/year",9/30,https://scholarships.gov.in,1
First Generation Learner Award 870,State Education Board,Journalism,Andhra Pradesh,Female,All,Buddhist,Undergraduate,Upto 1L,Above 75,"Rs 20,000/year",11/31,https://scholarships.gov.in,1
Rural Student Scholarship 871,Trust Fund,Law,Assam,Male,All,Christian,Class 12,Upto 5L,50-60,"Rs 1,000/year",11/31,https://scholarships.gov.in,1
BPL Student Aid 872,Zilla Parishad,Architecture,Arunachal Pradesh,Female,SC,Sikh,Class 10,Upto 8L,70-80,"Rs 12,000/year",9/31,https://scholarships.gov.in,1
Backward Class Merit Award 873,Trust Fund,Biotechnology,Assam,Male,OBC,All,PhD,Upto 1L,90-100,"Rs 25,000/year",10/29,https://scholarships.gov.in,1
Academic Excellence Grant 874,Zilla Parishad,Journalism,Haryana,All,SC,Sikh,Undergraduate,Upto 5L,Above 75,"Rs 12,000/year",10/28,https://scholarships.gov.in,1
Best Student Award Scholarship 875,Zilla Parishad,Architecture,Arunachal Pradesh,Female,General,Buddhist,Postgraduate,No Limit,Above 60,"Rs 1,500/year",12/28,https://scholarships.gov.in,1
Academic Excellence Grant 876,District Collector Office,Education,Assam,Male,SC,Christian,Undergraduate,Upto 2.5L,Above 60,"Rs 8,000/year",10/29,https://scholarships.gov.in,1
BPL Student Aid 877,Trust Fund,Medical,West Bengal,Male,All,Muslim,PhD,Upto 8L,60-70,"Rs 1,000/year",9/29,https://scholarships.gov.in,1
District Topper Scholarship 878,Trust Fund,Engineering,Kerala,All,General,Christian,Postgraduate,No Limit,70-80,"Rs 35,000/year",11/30,https://scholarships.gov.in,1
District Topper Scholarship 879,State Education Board,Engineering,Telangana,All,All,Sikh,PhD,Upto 8L,Above 60,"Rs 2,500/year",10/30,https://scholarships.gov.in,1
Sports & Academics Scholarship 880,NGO Foundation,Pharmacy,Maharashtra,All,ST,Buddhist,Class 12,Upto 8L,Above 75,"Rs 15,000/year",11/30,https://scholarships.gov.in,1
District Topper Scholarship 881,State Education Board,Arts/Commerce,Telangana,Female,EWS,Christian,Class 12,Upto 1L,60-70,"Rs 1,500/year",9/29,https://scholarships.gov.in,1
Academic Excellence Grant 882,NGO Foundation,Pharmacy,Assam,All,Minority,All,PhD,Upto 8L,60-70,"Rs 50,000/year",10/29,https://scholarships.gov.in,1
First Generation Learner Award 883,Zilla Parishad,Biotechnology,Tripura,Male,General,Jain,Diploma,No Limit,60-70,"Rs 5,000/year",11/28,https://scholarships.gov.in,1
Rural Student Scholarship 884,District Collector Office,Law,Jharkhand,All,General,Sikh,Class 12,Upto 3.5L,Above 60,"Rs 10,000/year",11/29,https://scholarships.gov.in,1
Single Parent Child Scholarship 885,State Education Board,Architecture,Mizoram,All,General,Buddhist,Postgraduate,Upto 2.5L,70-80,"Rs 2,000/year",11/30,https://scholarships.gov.in,1
BPL Student Aid 886,District Collector Office,Journalism,Madhya Pradesh,Female,SC,Sikh,Diploma,Upto 1L,Above 60,"Rs 20,000/year",10/29,https://scholarships.gov.in,1
Rural Student Scholarship 887,Trust Fund,Medical,West Bengal,Female,ST,Muslim,Class 10,Upto 1L,Above 60,"Rs 5,000/year",12/28,https://scholarships.gov.in,1
Rural Student Scholarship 888,NGO Foundation,Education,Bihar,Female,EWS,Sikh,Undergraduate,Upto 5L,Above 75,"Rs 5,000/year",10/28,https://scholarships.gov.in,1
Women in STEM Scholarship 889,State Education Board,Computer Science,Delhi,Male,OBC,Jain,Class 10,Upto 5L,Above 75,"Rs 15,000/year",10/30,https://scholarships.gov.in,1
Academic Excellence Grant 890,Zilla Parishad,Architecture,Karnataka,Male,General,Buddhist,PhD,Upto 8L,80-90,"Rs 50,000/year",9/28,https://scholarships.gov.in,1
Best Student Award Scholarship 891,Trust Fund,Journalism,Madhya Pradesh,Male,Minority,Buddhist,Postgraduate,Upto 1L,Above 60,"Rs 50,000/year",10/30,https://scholarships.gov.in,1
Women in STEM Scholarship 892,NGO Foundation,Agriculture,Punjab,Male,SC,Christian,Class 10,Upto 2.5L,90-100,"Rs 60,000/year",12/28,https://scholarships.gov.in,1
Academic Excellence Grant 893,NGO Foundation,Education,Meghalaya,All,General,Jain,Class 12,Upto 8L,Above 60,"Rs 15,000/year",9/28,https://scholarships.gov.in,1
Backward Class Merit Award 894,Zilla Parishad,All,Bihar,Male,OBC,Jain,Undergraduate,Upto 3.5L,60-70,"Rs 1,000/year",12/30,https://scholarships.gov.in,1
BPL Student Aid 895,District Collector Office,All,Telangana,Female,All,Sikh,Class 10,Upto 3.5L,Above 75,"Rs 30,000/year",11/30,https://scholarships.gov.in,1
District Topper Scholarship 896,Trust Fund,Biotechnology,Punjab,Male,EWS,All,Undergraduate,Upto 5L,80-90,"Rs 40,000/year",12/30,https://scholarships.gov.in,1
Backward Class Merit Award 897,State Education Board,Journalism,Bihar,Female,All,Jain,Class 10,Upto 1L,60-70,"Rs 50,000/year",10/29,https://scholarships.gov.in,1
Sports & Academics Scholarship 898,Trust Fund,Biotechnology,Arunachal Pradesh,All,SC,Jain,PhD,Upto 5L,Above 60,"Rs 5,000/year",10/30,https://scholarships.gov.in,1
Single Parent Child Scholarship 899,Trust Fund,Education,Himachal Pradesh,All,OBC,Muslim,Class 12,Upto 8L,70-80,"Rs 10,000/year",12/28,https://scholarships.gov.in,1
District Topper Scholarship 900,Zilla Parishad,Arts/Commerce,Punjab,All,Minority,Hindu,Class 10,Upto 8L,70-80,"Rs 15,000/year",9/28,https://scholarships.gov.in,1
Best Student Award Scholarship 901,State Education Board,Law,Rajasthan,Female,SC,Christian,Class 10,Upto 1L,90-100,"Rs 8,000/year",9/28,https://scholarships.gov.in,1
BPL Student Aid 902,Zilla Parishad,Computer Science,Manipur,Female,OBC,Buddhist,PhD,Upto 2.5L,Above 75,"Rs 2,000/year",11/28,https://scholarships.gov.in,1
Single Parent Child Scholarship 903,District Collector Office,Architecture,Tripura,Female,ST,Buddhist,Class 10,Upto 2.5L,Above 75,"Rs 15,000/year",9/30,https://scholarships.gov.in,1
District Topper Scholarship 904,State Education Board,Agriculture,Karnataka,All,General,Hindu,PhD,No Limit,90-100,"Rs 75,000/year",12/28,https://scholarships.gov.in,1
Sports & Academics Scholarship 905,District Collector Office,Education,Jammu & Kashmir,All,EWS,Jain,Class 12,Upto 5L,70-80,"Rs 1,500/year",9/28,https://scholarships.gov.in,1
Best Student Award Scholarship 906,NGO Foundation,Architecture,Bihar,All,SC,Buddhist,PhD,Upto 8L,80-90,"Rs 2,000/year",11/29,https://scholarships.gov.in,1
First Generation Learner Award 907,State Education Board,Management,Arunachal Pradesh,Male,SC,Jain,Diploma,Upto 8L,80-90,"Rs 2,000/year",9/31,https://scholarships.gov.in,1
Rural Student Scholarship 908,District Collector Office,All,Rajasthan,All,EWS,Sikh,Class 10,Upto 8L,Above 75,"Rs 2,500/year",9/31,https://scholarships.gov.in,1
Single Parent Child Scholarship 909,NGO Foundation,Science,Telangana,All,Minority,Jain,Class 12,Upto 2.5L,Above 75,"Rs 2,000/year",9/31,https://scholarships.gov.in,1
Rural Student Scholarship 910,Trust Fund,Medical,Assam,All,Minority,Jain,Diploma,Upto 2.5L,50-60,"Rs 30,000/year",10/28,https://scholarships.gov.in,1
First Generation Learner Award 911,Zilla Parishad,Management,Jammu & Kashmir,Female,Minority,Buddhist,Diploma,Upto 3.5L,Above 60,"Rs 5,000/year",10/31,https://scholarships.gov.in,1
Single Parent Child Scholarship 912,State Education Board,Journalism,Chhattisgarh,All,General,Muslim,PhD,Upto 3.5L,70-80,"Rs 5,000/year",9/28,https://scholarships.gov.in,1
BPL Student Aid 913,District Collector Office,Law,Manipur,Male,ST,Muslim,Class 12,Upto 5L,Above 75,"Rs 1,500/year",10/29,https://scholarships.gov.in,1
Academic Excellence Grant 914,Zilla Parishad,Journalism,Kerala,All,SC,All,PhD,Upto 5L,60-70,"Rs 12,000/year",11/28,https://scholarships.gov.in,1
Backward Class Merit Award 915,District Collector Office,All,Odisha,Female,ST,Christian,PhD,Upto 5L,90-100,"Rs 12,000/year",10/28,https://scholarships.gov.in,1
Academic Excellence Grant 916,State Education Board,Medical,Delhi,Female,OBC,Muslim,Undergraduate,Upto 8L,Above 60,"Rs 10,000/year",10/29,https://scholarships.gov.in,1
Rural Student Scholarship 917,Zilla Parishad,Pharmacy,Nagaland,Female,SC,Sikh,Class 10,Upto 5L,Above 75,"Rs 18,000/year",9/31,https://scholarships.gov.in,1
District Topper Scholarship 918,Trust Fund,Law,Goa,All,SC,Hindu,Diploma,Upto 2.5L,60-70,"Rs 15,000/year",9/30,https://scholarships.gov.in,1
Women in STEM Scholarship 919,Zilla Parishad,Computer Science,Assam,Female,OBC,Buddhist,Class 12,Upto 8L,70-80,"Rs 2,500/year",9/28,https://scholarships.gov.in,1
Best Student Award Scholarship 920,District Collector Office,Management,Kerala,Female,General,Hindu,Diploma,Upto 1L,70-80,"Rs 8,000/year",11/31,https://scholarships.gov.in,1
BPL Student Aid 921,Zilla Parishad,Computer Science,Odisha,Male,OBC,Christian,Diploma,No Limit,60-70,"Rs 5,000/year",10/29,https://scholarships.gov.in,1
Single Parent Child Scholarship 922,District Collector Office,Biotechnology,Uttar Pradesh,Female,EWS,Christian,Postgraduate,Upto 5L,70-80,"Rs 35,000/year",9/30,https://scholarships.gov.in,1
Backward Class Merit Award 923,Zilla Parishad,Pharmacy,Goa,Male,ST,Jain,Class 12,Upto 1L,50-60,"Rs 2,000/year",9/29,https://scholarships.gov.in,1
BPL Student Aid 924,State Education Board,All,Chhattisgarh,Female,All,Christian,Postgraduate,Upto 3.5L,Above 60,"Rs 10,000/year",12/30,https://scholarships.gov.in,1
BPL Student Aid 925,State Education Board,Law,Sikkim,Male,OBC,Muslim,Class 12,No Limit,50-60,"Rs 15,000/year",10/31,https://scholarships.gov.in,1
First Generation Learner Award 926,District Collector Office,Law,Madhya Pradesh,Male,EWS,Jain,Class 12,Upto 1L,60-70,"Rs 3,000/year",11/31,https://scholarships.gov.in,1
Sports & Academics Scholarship 927,State Education Board,Design,Mizoram,Male,OBC,Jain,Postgraduate,Upto 1L,50-60,"Rs 40,000/year",11/28,https://scholarships.gov.in,1
BPL Student Aid 928,State Education Board,Design,Uttar Pradesh,All,Minority,Muslim,Class 12,Upto 5L,Above 75,"Rs 12,000/year",11/28,https://scholarships.gov.in,1
Best Student Award Scholarship 929,Zilla Parishad,All,Goa,Female,All,Christian,Diploma,Upto 1L,Above 75,"Rs 10,000/year",10/29,https://scholarships.gov.in,1
BPL Student Aid 930,District Collector Office,Pharmacy,West Bengal,Female,All,Buddhist,Diploma,Upto 2.5L,Above 60,"Rs 10,000/year",11/31,https://scholarships.gov.in,1
Rural Student Scholarship 931,Trust Fund,Science,Arunachal Pradesh,All,All,Muslim,Undergraduate,Upto 5L,50-60,"Rs 18,000/year",12/31,https://scholarships.gov.in,1
Academic Excellence Grant 932,Zilla Parishad,Science,Jammu & Kashmir,Male,Minority,Muslim,Postgraduate,Upto 3.5L,90-100,"Rs 40,000/year",12/31,https://scholarships.gov.in,1
Women in STEM Scholarship 933,NGO Foundation,Law,Himachal Pradesh,Male,ST,Hindu,Class 10,Upto 1L,90-100,"Rs 35,000/year",11/31,https://scholarships.gov.in,1
District Topper Scholarship 934,Zilla Parishad,Biotechnology,Goa,Female,Minority,Jain,Diploma,No Limit,Above 60,"Rs 30,000/year",11/29,https://scholarships.gov.in,1
Women in STEM Scholarship 935,State Education Board,All,Delhi,All,General,Hindu,Undergraduate,Upto 1L,50-60,"Rs 50,000/year",11/28,https://scholarships.gov.in,1
Best Student Award Scholarship 936,District Collector Office,Law,Madhya Pradesh,Male,SC,Muslim,Diploma,Upto 2.5L,Above 75,"Rs 35,000/year",10/29,https://scholarships.gov.in,1
Best Student Award Scholarship 937,NGO Foundation,Architecture,Kerala,Female,OBC,Christian,Postgraduate,Upto 2.5L,Above 75,"Rs 75,000/year",9/30,https://scholarships.gov.in,1
First Generation Learner Award 938,NGO Foundation,Agriculture,Telangana,All,SC,Muslim,Undergraduate,Upto 8L,60-70,"Rs 2,000/year",12/30,https://scholarships.gov.in,1
Women in STEM Scholarship 939,Trust Fund,Design,Karnataka,All,EWS,All,Undergraduate,No Limit,80-90,"Rs 8,000/year",10/30,https://scholarships.gov.in,1
Single Parent Child Scholarship 940,Zilla Parishad,Design,Maharashtra,Male,ST,Buddhist,PhD,Upto 3.5L,70-80,"Rs 3,000/year",10/30,https://scholarships.gov.in,1
Academic Excellence Grant 941,Zilla Parishad,Pharmacy,Madhya Pradesh,Female,ST,Christian,Class 10,Upto 8L,Above 75,"Rs 35,000/year",9/29,https://scholarships.gov.in,1
Rural Student Scholarship 942,Trust Fund,Education,Madhya Pradesh,All,ST,All,Postgraduate,Upto 5L,50-60,"Rs 35,000/year",9/30,https://scholarships.gov.in,1
Sports & Academics Scholarship 943,NGO Foundation,Education,Meghalaya,All,EWS,Buddhist,Undergraduate,Upto 2.5L,90-100,"Rs 12,000/year",10/31,https://scholarships.gov.in,1
Sports & Academics Scholarship 944,Zilla Parishad,Design,Arunachal Pradesh,Female,EWS,All,Undergraduate,No Limit,Above 75,"Rs 50,000/year",9/31,https://scholarships.gov.in,1
District Topper Scholarship 945,Trust Fund,Medical,Odisha,Female,SC,Sikh,Undergraduate,Upto 3.5L,Above 75,"Rs 2,500/year",11/29,https://scholarships.gov.in,1
Women in STEM Scholarship 946,NGO Foundation,Journalism,Odisha,All,ST,All,PhD,Upto 3.5L,80-90,"Rs 12,000/year",12/31,https://scholarships.gov.in,1
Single Parent Child Scholarship 947,NGO Foundation,Architecture,Odisha,Male,ST,Sikh,Class 12,No Limit,50-60,"Rs 5,000/year",11/28,https://scholarships.gov.in,1
Rural Student Scholarship 948,Trust Fund,Education,Karnataka,Female,EWS,Sikh,Postgraduate,No Limit,Above 75,"Rs 3,000/year",9/29,https://scholarships.gov.in,1
BPL Student Aid 949,Trust Fund,Design,Jharkhand,Female,ST,Sikh,Undergraduate,Upto 8L,70-80,"Rs 8,000/year",11/29,https://scholarships.gov.in,1
District Topper Scholarship 950,Zilla Parishad,Pharmacy,Karnataka,Male,ST,Christian,Undergraduate,Upto 3.5L,90-100,"Rs 40,000/year",9/30,https://scholarships.gov.in,1
Women in STEM Scholarship 951,NGO Foundation,Pharmacy,Jammu & Kashmir,Female,EWS,Muslim,Class 10,No Limit,Above 60,"Rs 40,000/year",9/28,https://scholarships.gov.in,1
Rural Student Scholarship 952,Trust Fund,Education,Karnataka,All,All,Jain,Undergraduate,Upto 3.5L,70-80,"Rs 15,000/year",10/29,https://scholarships.gov.in,1
Women in STEM Scholarship 953,District Collector Office,Architecture,Punjab,Female,OBC,Buddhist,Undergraduate,Upto 2.5L,50-60,"Rs 2,500/year",12/31,https://scholarships.gov.in,1
District Topper Scholarship 954,Trust Fund,Law,Goa,Male,SC,Sikh,PhD,Upto 2.5L,70-80,"Rs 12,000/year",9/28,https://scholarships.gov.in,1
District Topper Scholarship 955,Trust Fund,Architecture,Karnataka,All,SC,Jain,Class 12,Upto 1L,Above 60,"Rs 50,000/year",11/29,https://scholarships.gov.in,1
First Generation Learner Award 956,Zilla Parishad,Pharmacy,Meghalaya,All,ST,All,Class 10,No Limit,90-100,"Rs 6,000/year",12/30,https://scholarships.gov.in,1
Academic Excellence Grant 957,Trust Fund,Law,Bihar,Female,OBC,Muslim,Postgraduate,Upto 1L,Above 60,"Rs 6,000/year",11/29,https://scholarships.gov.in,1
Best Student Award Scholarship 958,NGO Foundation,Architecture,Sikkim,Female,General,Jain,Class 12,Upto 5L,50-60,"Rs 1,500/year",12/31,https://scholarships.gov.in,1
Academic Excellence Grant 959,District Collector Office,Arts/Commerce,Nagaland,Male,All,Christian,Postgraduate,No Limit,70-80,"Rs 35,000/year",9/29,https://scholarships.gov.in,1
Women in STEM Scholarship 960,State Education Board,Pharmacy,Arunachal Pradesh,Male,ST,Hindu,Postgraduate,Upto 5L,Above 75,"Rs 75,000/year",12/30,https://scholarships.gov.in,1
Rural Student Scholarship 961,Zilla Parishad,Computer Science,Assam,Male,All,All,Class 10,Upto 1L,60-70,"Rs 6,000/year",10/29,https://scholarships.gov.in,1
Sports & Academics Scholarship 962,State Education Board,Education,Tamil Nadu,All,All,All,Diploma,Upto 5L,50-60,"Rs 8,000/year",11/30,https://scholarships.gov.in,1
BPL Student Aid 963,NGO Foundation,All,Odisha,Female,EWS,Jain,PhD,Upto 3.5L,90-100,"Rs 8,000/year",11/30,https://scholarships.gov.in,1
Rural Student Scholarship 964,Trust Fund,Arts/Commerce,Manipur,All,General,Sikh,Postgraduate,Upto 1L,50-60,"Rs 8,000/year",10/30,https://scholarships.gov.in,1
Academic Excellence Grant 965,State Education Board,Biotechnology,Tripura,Female,Minority,Muslim,Class 10,Upto 8L,80-90,"Rs 2,000/year",10/29,https://scholarships.gov.in,1
BPL Student Aid 966,State Education Board,Medical,Delhi,Male,EWS,Hindu,Class 10,Upto 5L,90-100,"Rs 12,000/year",12/31,https://scholarships.gov.in,1
First Generation Learner Award 967,State Education Board,Engineering,Uttarakhand,Male,General,Muslim,Class 10,No Limit,80-90,"Rs 60,000/year",10/28,https://scholarships.gov.in,1
Best Student Award Scholarship 968,District Collector Office,Science,Sikkim,Male,OBC,Hindu,Diploma,Upto 3.5L,60-70,"Rs 8,000/year",9/29,https://scholarships.gov.in,1
Sports & Academics Scholarship 969,Trust Fund,All,Assam,Female,General,Jain,Postgraduate,Upto 2.5L,Above 75,"Rs 6,000/year",10/30,https://scholarships.gov.in,1
Women in STEM Scholarship 970,State Education Board,Computer Science,Arunachal Pradesh,Female,General,Christian,Undergraduate,Upto 5L,80-90,"Rs 40,000/year",10/31,https://scholarships.gov.in,1
Backward Class Merit Award 971,Trust Fund,Medical,Tripura,Female,ST,Muslim,Undergraduate,Upto 3.5L,80-90,"Rs 15,000/year",12/29,https://scholarships.gov.in,1
First Generation Learner Award 972,NGO Foundation,Journalism,Nagaland,All,ST,Buddhist,Diploma,No Limit,60-70,"Rs 30,000/year",10/30,https://scholarships.gov.in,1
Sports & Academics Scholarship 973,Zilla Parishad,Science,Karnataka,All,General,Jain,Class 10,Upto 1L,Above 75,"Rs 2,500/year",11/30,https://scholarships.gov.in,1
Best Student Award Scholarship 974,Zilla Parishad,Design,Punjab,Male,Minority,Buddhist,Diploma,Upto 5L,50-60,"Rs 40,000/year",12/30,https://scholarships.gov.in,1
Sports & Academics Scholarship 975,Trust Fund,Biotechnology,Manipur,All,OBC,Hindu,Postgraduate,Upto 2.5L,Above 75,"Rs 35,000/year",12/29,https://scholarships.gov.in,1
District Topper Scholarship 976,District Collector Office,All,Telangana,Male,All,Hindu,Diploma,Upto 1L,70-80,"Rs 40,000/year",12/31,https://scholarships.gov.in,1
Best Student Award Scholarship 977,NGO Foundation,Computer Science,Chhattisgarh,Male,General,All,Class 10,Upto 5L,80-90,"Rs 30,000/year",12/29,https://scholarships.gov.in,1
Women in STEM Scholarship 978,State Education Board,Biotechnology,Telangana,Female,OBC,Buddhist,Class 10,Upto 8L,80-90,"Rs 60,000/year",10/30,https://scholarships.gov.in,1
Rural Student Scholarship 979,Zilla Parishad,Management,Odisha,All,Minority,All,Undergraduate,Upto 5L,70-80,"Rs 5,000/year",12/31,https://scholarships.gov.in,1
Single Parent Child Scholarship 980,Trust Fund,Architecture,Gujarat,All,OBC,Sikh,Undergraduate,Upto 1L,90-100,"Rs 75,000/year",12/28,https://scholarships.gov.in,1
First Generation Learner Award 981,Trust Fund,Computer Science,Madhya Pradesh,Female,All,All,Undergraduate,Upto 2.5L,60-70,"Rs 2,000/year",10/28,https://scholarships.gov.in,1
BPL Student Aid 982,Trust Fund,Computer Science,Punjab,Female,All,All,PhD,Upto 1L,60-70,"Rs 50,000/year",9/29,https://scholarships.gov.in,1
BPL Student Aid 983,Trust Fund,Education,Arunachal Pradesh,Female,Minority,Christian,Class 10,Upto 3.5L,50-60,"Rs 5,000/year",11/29,https://scholarships.gov.in,1
Women in STEM Scholarship 984,Zilla Parishad,Architecture,Tripura,Male,OBC,Hindu,Postgraduate,Upto 1L,70-80,"Rs 20,000/year",12/30,https://scholarships.gov.in,1
Women in STEM Scholarship 985,Trust Fund,Design,Nagaland,Male,ST,Christian,Diploma,Upto 5L,50-60,"Rs 20,000/year",12/31,https://scholarships.gov.in,1
Single Parent Child Scholarship 986,Zilla Parishad,Law,Assam,Female,General,Buddhist,Postgraduate,Upto 2.5L,80-90,"Rs 50,000/year",11/31,https://scholarships.gov.in,1
District Topper Scholarship 987,NGO Foundation,Science,Odisha,Female,All,Jain,Class 10,Upto 2.5L,60-70,"Rs 10,000/year",9/29,https://scholarships.gov.in,1
First Generation Learner Award 988,NGO Foundation,Architecture,Punjab,All,EWS,All,PhD,Upto 3.5L,Above 60,"Rs 8,000/year",10/30,https://scholarships.gov.in,1
Sports & Academics Scholarship 989,Zilla Parishad,Computer Science,Himachal Pradesh,Female,General,Christian,PhD,Upto 2.5L,80-90,"Rs 8,000/year",9/28,https://scholarships.gov.in,1
Backward Class Merit Award 990,NGO Foundation,Education,Himachal Pradesh,All,ST,Sikh,PhD,Upto 8L,70-80,"Rs 40,000/year",11/29,https://scholarships.gov.in,1
First Generation Learner Award 991,Zilla Parishad,Law,Andhra Pradesh,All,SC,Christian,Diploma,Upto 1L,60-70,"Rs 5,000/year",11/28,https://scholarships.gov.in,1
Best Student Award Scholarship 992,Trust Fund,Science,Odisha,Male,SC,Christian,PhD,Upto 5L,Above 75,"Rs 10,000/year",10/28,https://scholarships.gov.in,1
First Generation Learner Award 993,Zilla Parishad,Arts/Commerce,Rajasthan,Female,ST,Christian,Undergraduate,Upto 3.5L,Above 75,"Rs 6,000/year",11/30,https://scholarships.gov.in,1
Academic Excellence Grant 994,Zilla Parishad,Agriculture,Nagaland,All,Minority,All,Undergraduate,Upto 8L,70-80,"Rs 1,000/year",10/31,https://scholarships.gov.in,1
Sports & Academics Scholarship 995,Trust Fund,Pharmacy,Haryana,Female,SC,Buddhist,PhD,Upto 5L,Above 75,"Rs 1,500/year",10/29,https://scholarships.gov.in,1
Sports & Academics Scholarship 996,NGO Foundation,Design,Jharkhand,Male,General,Jain,Postgraduate,Upto 3.5L,60-70,"Rs 3,000/year",10/31,https://scholarships.gov.in,1
Backward Class Merit Award 997,Trust Fund,Education,Uttar Pradesh,All,ST,Jain,Class 10,Upto 1L,Above 75,"Rs 12,000/year",10/29,https://scholarships.gov.in,1
Single Parent Child Scholarship 998,NGO Foundation,Law,Kerala,Male,EWS,Buddhist,Postgraduate,Upto 3.5L,Above 75,"Rs 35,000/year",11/29,https://scholarships.gov.in,1
Backward Class Merit Award 999,Trust Fund,Biotechnology,Goa,Female,ST,Buddhist,Undergraduate,Upto 3.5L,Above 60,"Rs 75,000/year",10/31,https://scholarships.gov.in,1
Sports & Academics Scholarship 1000,Trust Fund,Management,Manipur,Female,SC,Muslim,PhD,Upto 3.5L,80-90,"Rs 2,500/year",10/31,https://scholarships.gov.in,1
First Generation Learner Award 1001,State Education Board,Engineering,Goa,Male,General,All,Class 12,No Limit,80-90,"Rs 40,000/year",10/31,https://scholarships.gov.in,1
Best Student Award Scholarship 1002,Zilla Parishad,Law,Telangana,All,All,Muslim,Postgraduate,Upto 3.5L,Above 75,"Rs 2,500/year",9/28,https://scholarships.gov.in,1
Academic Excellence Grant 1003,Trust Fund,Architecture,Maharashtra,All,All,Muslim,Class 12,Upto 2.5L,Above 60,"Rs 18,000/year",12/31,https://scholarships.gov.in,1
Best Student Award Scholarship 1004,Trust Fund,Computer Science,Mizoram,Male,ST,Muslim,Undergraduate,Upto 2.5L,50-60,"Rs 75,000/year",10/29,https://scholarships.gov.in,1
Backward Class Merit Award 1005,Trust Fund,Education,Delhi,Female,All,Buddhist,Diploma,Upto 3.5L,70-80,"Rs 12,000/year",12/30,https://scholarships.gov.in,1
First Generation Learner Award 1006,State Education Board,Medical,Sikkim,Male,OBC,All,Class 12,Upto 5L,60-70,"Rs 12,000/year",10/29,https://scholarships.gov.in,1
Sports & Academics Scholarship 1007,Zilla Parishad,Pharmacy,Kerala,Male,ST,Sikh,PhD,Upto 8L,80-90,"Rs 20,000/year",12/28,https://scholarships.gov.in,1
First Generation Learner Award 1008,NGO Foundation,Computer Science,Telangana,Female,SC,All,Undergraduate,Upto 5L,80-90,"Rs 1,500/year",12/30,https://scholarships.gov.in,1
District Topper Scholarship 1009,District Collector Office,Architecture,Maharashtra,All,General,Sikh,Undergraduate,No Limit,90-100,"Rs 8,000/year",12/29,https://scholarships.gov.in,1
First Generation Learner Award 1010,Zilla Parishad,Engineering,Tripura,Male,SC,Hindu,PhD,Upto 1L,Above 75,"Rs 40,000/year",12/30,https://scholarships.gov.in,1
BPL Student Aid 1011,Zilla Parishad,All,Odisha,Male,ST,All,Diploma,Upto 1L,Above 75,"Rs 6,000/year",12/31,https://scholarships.gov.in,1
Academic Excellence Grant 1012,NGO Foundation,Engineering,Meghalaya,Male,ST,All,Class 12,Upto 2.5L,90-100,"Rs 25,000/year",9/29,https://scholarships.gov.in,1
Women in STEM Scholarship 1013,District Collector Office,Management,Chhattisgarh,Female,All,Hindu,Postgraduate,Upto 2.5L,80-90,"Rs 75,000/year",10/31,https://scholarships.gov.in,1
Rural Student Scholarship 1014,NGO Foundation,Computer Science,Delhi,Female,OBC,Christian,Diploma,Upto 5L,90-100,"Rs 35,000/year",12/28,https://scholarships.gov.in,1
First Generation Learner Award 1015,Trust Fund,Pharmacy,Arunachal Pradesh,All,General,Hindu,PhD,Upto 8L,80-90,"Rs 1,500/year",12/31,https://scholarships.gov.in,1
District Topper Scholarship 1016,NGO Foundation,Science,Punjab,All,SC,Christian,Class 10,Upto 3.5L,80-90,"Rs 35,000/year",11/28,https://scholarships.gov.in,1
Backward Class Merit Award 1017,State Education Board,Journalism,West Bengal,All,EWS,Christian,Diploma,Upto 8L,80-90,"Rs 12,000/year",10/29,https://scholarships.gov.in,1
District Topper Scholarship 1018,Zilla Parishad,Agriculture,Haryana,All,EWS,Muslim,Class 12,Upto 2.5L,90-100,"Rs 2,000/year",12/31,https://scholarships.gov.in,1
Academic Excellence Grant 1019,Trust Fund,Education,Bihar,All,SC,Jain,Class 10,Upto 5L,50-60,"Rs 25,000/year",12/31,https://scholarships.gov.in,1
Sports & Academics Scholarship 1020,Trust Fund,Science,Uttar Pradesh,All,General,Hindu,Class 12,Upto 3.5L,Above 60,"Rs 5,000/year",10/28,https://scholarships.gov.in,1
Academic Excellence Grant 1021,District Collector Office,Agriculture,Odisha,Male,OBC,Sikh,Class 10,Upto 1L,70-80,"Rs 2,500/year",11/31,https://scholarships.gov.in,1
BPL Student Aid 1022,NGO Foundation,Management,Haryana,Male,All,Christian,Class 10,Upto 2.5L,70-80,"Rs 3,000/year",10/30,https://scholarships.gov.in,1
Backward Class Merit Award 1023,Trust Fund,Computer Science,Rajasthan,Female,Minority,Christian,Class 10,Upto 2.5L,70-80,"Rs 2,000/year",11/30,https://scholarships.gov.in,1
Backward Class Merit Award 1024,Zilla Parishad,All,Odisha,All,General,Muslim,Class 10,No Limit,70-80,"Rs 12,000/year",9/31,https://scholarships.gov.in,1
Backward Class Merit Award 1025,State Education Board,Arts/Commerce,Uttarakhand,All,Minority,Buddhist,Diploma,Upto 3.5L,70-80,"Rs 12,000/year",11/31,https://scholarships.gov.in,1
BPL Student Aid 1026,State Education Board,Biotechnology,Delhi,All,ST,Muslim,Class 12,No Limit,Above 60,"Rs 20,000/year",12/28,https://scholarships.gov.in,1
BPL Student Aid 1027,Trust Fund,All,Maharashtra,All,ST,Sikh,PhD,Upto 5L,Above 60,"Rs 1,000/year",9/30,https://scholarships.gov.in,1
District Topper Scholarship 1028,Trust Fund,Computer Science,Mizoram,Male,Minority,Muslim,Undergraduate,Upto 1L,50-60,"Rs 2,500/year",11/30,https://scholarships.gov.in,1
Best Student Award Scholarship 1029,District Collector Office,Design,Uttar Pradesh,All,SC,Sikh,PhD,Upto 1L,80-90,"Rs 60,000/year",9/29,https://scholarships.gov.in,1
Best Student Award Scholarship 1030,Trust Fund,Computer Science,Sikkim,All,Minority,Christian,Undergraduate,Upto 5L,80-90,"Rs 75,000/year",12/30,https://scholarships.gov.in,1
First Generation Learner Award 1031,NGO Foundation,Agriculture,Arunachal Pradesh,All,ST,Christian,Diploma,Upto 5L,70-80,"Rs 60,000/year",12/30,https://scholarships.gov.in,1
Women in STEM Scholarship 1032,District Collector Office,Arts/Commerce,Haryana,Female,All,Hindu,PhD,Upto 5L,60-70,"Rs 2,500/year",11/29,https://scholarships.gov.in,1
BPL Student Aid 1033,Zilla Parishad,Journalism,Tripura,Female,All,Muslim,Diploma,No Limit,Above 60,"Rs 5,000/year",12/28,https://scholarships.gov.in,1
Single Parent Child Scholarship 1034,NGO Foundation,Agriculture,Andhra Pradesh,Female,All,Christian,PhD,Upto 8L,50-60,"Rs 2,000/year",12/28,https://scholarships.gov.in,1
Women in STEM Scholarship 1035,NGO Foundation,Biotechnology,Goa,Female,All,Buddhist,Class 12,Upto 8L,70-80,"Rs 40,000/year",10/28,https://scholarships.gov.in,1
Rural Student Scholarship 1036,State Education Board,Biotechnology,Bihar,Male,All,Jain,PhD,Upto 2.5L,50-60,"Rs 35,000/year",11/28,https://scholarships.gov.in,1
Best Student Award Scholarship 1037,Trust Fund,Medical,Tripura,All,SC,Muslim,PhD,Upto 1L,Above 75,"Rs 18,000/year",11/30,https://scholarships.gov.in,1
Women in STEM Scholarship 1038,State Education Board,Journalism,Telangana,Female,All,Muslim,Diploma,Upto 5L,Above 60,"Rs 6,000/year",9/30,https://scholarships.gov.in,1
First Generation Learner Award 1039,State Education Board,Engineering,Karnataka,Female,EWS,Christian,Undergraduate,Upto 1L,90-100,"Rs 18,000/year",12/29,https://scholarships.gov.in,1
First Generation Learner Award 1040,NGO Foundation,Computer Science,Nagaland,Female,EWS,Christian,Class 12,Upto 1L,Above 75,"Rs 25,000/year",12/29,https://scholarships.gov.in,1
Rural Student Scholarship 1041,NGO Foundation,Arts/Commerce,Goa,Male,OBC,Hindu,Class 12,Upto 3.5L,70-80,"Rs 18,000/year",12/29,https://scholarships.gov.in,1
Women in STEM Scholarship 1042,State Education Board,Journalism,Punjab,Female,General,Muslim,PhD,Upto 1L,Above 75,"Rs 35,000/year",11/28,https://scholarships.gov.in,1
Best Student Award Scholarship 1043,Zilla Parishad,Architecture,Madhya Pradesh,Male,Minority,Buddhist,Class 12,Upto 8L,Above 60,"Rs 35,000/year",12/31,https://scholarships.gov.in,1
Academic Excellence Grant 1044,State Education Board,Arts/Commerce,Jammu & Kashmir,Male,Minority,Buddhist,Class 12,Upto 2.5L,Above 75,"Rs 3,000/year",9/28,https://scholarships.gov.in,1
Best Student Award Scholarship 1045,Zilla Parishad,Agriculture,Maharashtra,Male,EWS,Hindu,Diploma,Upto 8L,90-100,"Rs 1,000/year",10/30,https://scholarships.gov.in,1
Backward Class Merit Award 1046,Zilla Parishad,Law,Jammu & Kashmir,Male,General,Sikh,Postgraduate,Upto 2.5L,90-100,"Rs 50,000/year",10/28,https://scholarships.gov.in,1
BPL Student Aid 1047,Zilla Parishad,Education,Arunachal Pradesh,Male,General,All,Diploma,Upto 5L,80-90,"Rs 50,000/year",11/31,https://scholarships.gov.in,1
Best Student Award Scholarship 1048,NGO Foundation,Pharmacy,Gujarat,Female,OBC,All,Diploma,Upto 1L,90-100,"Rs 6,000/year",11/28,https://scholarships.gov.in,1
Backward Class Merit Award 1049,Trust Fund,Computer Science,Punjab,Male,EWS,Buddhist,PhD,Upto 2.5L,70-80,"Rs 2,000/year",11/31,https://scholarships.gov.in,1
Backward Class Merit Award 1050,Trust Fund,Architecture,Punjab,Male,SC,Jain,Postgraduate,Upto 3.5L,Above 75,"Rs 30,000/year",12/28,https://scholarships.gov.in,1
First Generation Learner Award 1051,Trust Fund,Design,Gujarat,Female,SC,All,Undergraduate,Upto 1L,80-90,"Rs 20,000/year",9/28,https://scholarships.gov.in,1
District Topper Scholarship 1052,Zilla Parishad,All,Kerala,Male,EWS,Buddhist,Class 10,Upto 5L,50-60,"Rs 60,000/year",11/28,https://scholarships.gov.in,1
Single Parent Child Scholarship 1053,District Collector Office,Architecture,Karnataka,Female,General,Christian,PhD,Upto 8L,70-80,"Rs 75,000/year",11/29,https://scholarships.gov.in,1
Sports & Academics Scholarship 1054,State Education Board,Management,Assam,Female,General,Christian,PhD,Upto 1L,90-100,"Rs 3,000/year",12/31,https://scholarships.gov.in,1
BPL Student Aid 1055,NGO Foundation,Computer Science,Uttarakhand,All,SC,Hindu,PhD,Upto 5L,90-100,"Rs 30,000/year",11/28,https://scholarships.gov.in,1
District Topper Scholarship 1056,Zilla Parishad,Design,Chhattisgarh,Male,OBC,Jain,Class 12,Upto 8L,90-100,"Rs 30,000/year",12/29,https://scholarships.gov.in,1
Rural Student Scholarship 1057,Zilla Parishad,Agriculture,Goa,Female,OBC,Hindu,Class 12,Upto 3.5L,80-90,"Rs 35,000/year",12/28,https://scholarships.gov.in,1
Rural Student Scholarship 1058,District Collector Office,Arts/Commerce,West Bengal,Female,Minority,Christian,Undergraduate,Upto 3.5L,90-100,"Rs 60,000/year",11/31,https://scholarships.gov.in,1
Academic Excellence Grant 1059,NGO Foundation,Pharmacy,Odisha,All,SC,All,Undergraduate,Upto 2.5L,Above 60,"Rs 30,000/year",10/31,https://scholarships.gov.in,1
District Topper Scholarship 1060,Trust Fund,Arts/Commerce,Madhya Pradesh,All,OBC,Buddhist,Postgraduate,No Limit,Above 75,"Rs 12,000/year",10/30,https://scholarships.gov.in,1
Sports & Academics Scholarship 1061,District Collector Office,Science,Chhattisgarh,All,Minority,Hindu,Undergraduate,Upto 3.5L,Above 60,"Rs 20,000/year",9/29,https://scholarships.gov.in,1
Academic Excellence Grant 1062,Trust Fund,All,Andhra Pradesh,All,SC,Buddhist,Undergraduate,Upto 3.5L,60-70,"Rs 1,500/year",12/30,https://scholarships.gov.in,1
Academic Excellence Grant 1063,Zilla Parishad,Arts/Commerce,Punjab,Male,ST,Jain,PhD,Upto 3.5L,60-70,"Rs 40,000/year",10/31,https://scholarships.gov.in,1
Sports & Academics Scholarship 1064,Zilla Parishad,Design,Bihar,Male,OBC,Christian,Postgraduate,Upto 5L,60-70,"Rs 3,000/year",11/28,https://scholarships.gov.in,1
BPL Student Aid 1065,Trust Fund,Design,Kerala,All,Minority,All,PhD,No Limit,50-60,"Rs 15,000/year",9/29,https://scholarships.gov.in,1
Single Parent Child Scholarship 1066,District Collector Office,All,Rajasthan,All,OBC,Hindu,Undergraduate,Upto 1L,50-60,"Rs 60,000/year",12/29,https://scholarships.gov.in,1
Sports & Academics Scholarship 1067,Zilla Parishad,Medical,Telangana,Male,ST,Christian,Diploma,Upto 1L,Above 75,"Rs 25,000/year",11/31,https://scholarships.gov.in,1
Sports & Academics Scholarship 1068,Zilla Parishad,All,Himachal Pradesh,All,SC,Sikh,Diploma,Upto 2.5L,Above 75,"Rs 50,000/year",11/30,https://scholarships.gov.in,1
Single Parent Child Scholarship 1069,Trust Fund,Pharmacy,Uttar Pradesh,Female,SC,Muslim,Diploma,Upto 3.5L,70-80,"Rs 8,000/year",9/31,https://scholarships.gov.in,1
Best Student Award Scholarship 1070,District Collector Office,Medical,Mizoram,Female,All,Jain,Diploma,Upto 5L,80-90,"Rs 1,500/year",10/30,https://scholarships.gov.in,1
District Topper Scholarship 1071,Zilla Parishad,Biotechnology,Punjab,Female,EWS,Sikh,Class 12,Upto 5L,80-90,"Rs 25,000/year",10/28,https://scholarships.gov.in,1
First Generation Learner Award 1072,State Education Board,Medical,Goa,Female,ST,Buddhist,Undergraduate,Upto 3.5L,60-70,"Rs 75,000/year",9/28,https://scholarships.gov.in,1
Rural Student Scholarship 1073,Trust Fund,Architecture,Andhra Pradesh,All,All,Hindu,Diploma,Upto 8L,80-90,"Rs 40,000/year",10/31,https://scholarships.gov.in,1
Academic Excellence Grant 1074,District Collector Office,Design,Uttarakhand,All,OBC,Buddhist,Diploma,Upto 5L,70-80,"Rs 60,000/year",11/31,https://scholarships.gov.in,1
Academic Excellence Grant 1075,Trust Fund,Engineering,Karnataka,All,All,Christian,Diploma,Upto 2.5L,Above 60,"Rs 2,000/year",12/30,https://scholarships.gov.in,1
Sports & Academics Scholarship 1076,Trust Fund,Medical,Uttar Pradesh,Female,ST,Christian,Class 12,Upto 1L,60-70,"Rs 2,500/year",11/29,https://scholarships.gov.in,1
Backward Class Merit Award 1077,State Education Board,Management,Kerala,All,EWS,Hindu,Class 10,Upto 1L,Above 60,"Rs 30,000/year",11/28,https://scholarships.gov.in,1
Sports & Academics Scholarship 1078,State Education Board,Pharmacy,Tamil Nadu,Male,SC,Christian,Undergraduate,Upto 5L,50-60,"Rs 2,000/year",12/31,https://scholarships.gov.in,1
Sports & Academics Scholarship 1079,Trust Fund,Engineering,Bihar,Female,SC,Christian,Class 10,Upto 3.5L,Above 60,"Rs 2,500/year",9/28,https://scholarships.gov.in,1
Best Student Award Scholarship 1080,NGO Foundation,Computer Science,Uttarakhand,Female,OBC,Hindu,Class 10,Upto 1L,60-70,"Rs 30,000/year",10/30,https://scholarships.gov.in,1
Backward Class Merit Award 1081,Zilla Parishad,Medical,Uttar Pradesh,Male,OBC,All,Diploma,Upto 3.5L,80-90,"Rs 20,000/year",10/29,https://scholarships.gov.in,1
Backward Class Merit Award 1082,District Collector Office,Journalism,Mizoram,Female,SC,Sikh,Class 10,Upto 2.5L,50-60,"Rs 6,000/year",12/31,https://scholarships.gov.in,1
Best Student Award Scholarship 1083,District Collector Office,Pharmacy,Himachal Pradesh,Female,Minority,Jain,Class 10,No Limit,50-60,"Rs 35,000/year",10/28,https://scholarships.gov.in,1
BPL Student Aid 1084,NGO Foundation,Arts/Commerce,Haryana,Female,General,Hindu,Undergraduate,Upto 2.5L,Above 60,"Rs 3,000/year",10/31,https://scholarships.gov.in,1
Backward Class Merit Award 1085,Trust Fund,Medical,Jammu & Kashmir,Female,OBC,Hindu,PhD,Upto 5L,Above 60,"Rs 2,500/year",11/30,https://scholarships.gov.in,1
BPL Student Aid 1086,NGO Foundation,Arts/Commerce,Delhi,Male,ST,Jain,PhD,Upto 2.5L,90-100,"Rs 1,000/year",11/30,https://scholarships.gov.in,1
BPL Student Aid 1087,Trust Fund,Management,Nagaland,Female,General,Muslim,Diploma,Upto 8L,70-80,"Rs 2,500/year",10/30,https://scholarships.gov.in,1
First Generation Learner Award 1088,NGO Foundation,Journalism,Odisha,Male,General,Christian,Diploma,Upto 2.5L,70-80,"Rs 5,000/year",10/30,https://scholarships.gov.in,1
Women in STEM Scholarship 1089,District Collector Office,Pharmacy,Rajasthan,Female,Minority,Jain,PhD,Upto 1L,Above 75,"Rs 18,000/year",10/30,https://scholarships.gov.in,1
Single Parent Child Scholarship 1090,Trust Fund,Design,Maharashtra,Male,General,Buddhist,Postgraduate,Upto 2.5L,70-80,"Rs 15,000/year",10/29,https://scholarships.gov.in,1
District Topper Scholarship 1091,Trust Fund,All,Kerala,All,SC,Hindu,Diploma,Upto 2.5L,60-70,"Rs 5,000/year",11/28,https://scholarships.gov.in,1
First Generation Learner Award 1092,Zilla Parishad,Law,Odisha,All,OBC,Sikh,PhD,Upto 3.5L,50-60,"Rs 15,000/year",10/31,https://scholarships.gov.in,1
First Generation Learner Award 1093,Trust Fund,Science,Kerala,All,EWS,Hindu,Undergraduate,Upto 2.5L,80-90,"Rs 10,000/year",12/29,https://scholarships.gov.in,1
Single Parent Child Scholarship 1094,District Collector Office,Agriculture,Uttar Pradesh,Male,ST,Buddhist,Undergraduate,Upto 3.5L,60-70,"Rs 12,000/year",10/31,https://scholarships.gov.in,1
First Generation Learner Award 1095,District Collector Office,Architecture,Telangana,Male,SC,All,Class 10,No Limit,50-60,"Rs 20,000/year",11/31,https://scholarships.gov.in,1
Best Student Award Scholarship 1096,Trust Fund,Medical,Nagaland,Male,All,Buddhist,Undergraduate,Upto 8L,70-80,"Rs 8,000/year",9/30,https://scholarships.gov.in,1
First Generation Learner Award 1097,State Education Board,Management,Uttar Pradesh,All,OBC,Jain,Postgraduate,Upto 8L,Above 60,"Rs 35,000/year",10/28,https://scholarships.gov.in,1
Backward Class Merit Award 1098,Trust Fund,Management,Mizoram,Female,OBC,Buddhist,Class 10,Upto 8L,Above 75,"Rs 1,500/year",9/29,https://scholarships.gov.in,1
Best Student Award Scholarship 1099,Trust Fund,Engineering,Karnataka,Male,OBC,Muslim,Class 10,No Limit,Above 60,"Rs 2,000/year",12/28,https://scholarships.gov.in,1
First Generation Learner Award 1100,State Education Board,Science,Madhya Pradesh,All,EWS,All,PhD,Upto 3.5L,Above 75,"Rs 20,000/year",10/31,https://scholarships.gov.in,1
Rural Student Scholarship 1101,Zilla Parishad,Biotechnology,Madhya Pradesh,All,ST,Jain,Class 12,Upto 8L,Above 75,"Rs 50,000/year",10/29,https://scholarships.gov.in,1
Backward Class Merit Award 1102,NGO Foundation,All,Punjab,All,All,Hindu,PhD,No Limit,90-100,"Rs 15,000/year",12/29,https://scholarships.gov.in,1
Single Parent Child Scholarship 1103,Trust Fund,Pharmacy,Nagaland,All,All,Hindu,Class 10,Upto 2.5L,70-80,"Rs 18,000/year",10/28,https://scholarships.gov.in,1
Backward Class Merit Award 1104,Zilla Parishad,Architecture,Andhra Pradesh,All,SC,Christian,PhD,Upto 1L,70-80,"Rs 40,000/year",12/30,https://scholarships.gov.in,1
Rural Student Scholarship 1105,District Collector Office,Education,Sikkim,Male,OBC,Buddhist,Postgraduate,Upto 1L,Above 60,"Rs 25,000/year",10/31,https://scholarships.gov.in,1
District Topper Scholarship 1106,NGO Foundation,Engineering,Maharashtra,Female,EWS,All,Postgraduate,Upto 1L,Above 60,"Rs 8,000/year",11/29,https://scholarships.gov.in,1
First Generation Learner Award 1107,Trust Fund,Law,Meghalaya,Female,EWS,Jain,Diploma,Upto 8L,Above 75,"Rs 15,000/year",12/31,https://scholarships.gov.in,1
Best Student Award Scholarship 1108,NGO Foundation,Arts/Commerce,Uttarakhand,All,EWS,All,Diploma,Upto 3.5L,90-100,"Rs 2,500/year",11/29,https://scholarships.gov.in,1
Women in STEM Scholarship 1109,Trust Fund,Biotechnology,Mizoram,All,OBC,Hindu,PhD,Upto 3.5L,90-100,"Rs 3,000/year",9/29,https://scholarships.gov.in,1
Sports & Academics Scholarship 1110,NGO Foundation,Biotechnology,Odisha,All,Minority,All,PhD,Upto 8L,90-100,"Rs 12,000/year",9/30,https://scholarships.gov.in,1
Rural Student Scholarship 1111,Zilla Parishad,Pharmacy,Tripura,All,ST,Muslim,Diploma,Upto 8L,50-60,"Rs 35,000/year",10/31,https://scholarships.gov.in,1
Rural Student Scholarship 1112,Zilla Parishad,Pharmacy,West Bengal,All,ST,Hindu,Postgraduate,Upto 5L,90-100,"Rs 35,000/year",12/29,https://scholarships.gov.in,1
District Topper Scholarship 1113,Zilla Parishad,Biotechnology,Uttar Pradesh,Female,General,All,PhD,No Limit,Above 75,"Rs 30,000/year",10/31,https://scholarships.gov.in,1
Sports & Academics Scholarship 1114,Trust Fund,Management,Tripura,Female,Minority,All,Class 12,Upto 8L,90-100,"Rs 50,000/year",10/29,https://scholarships.gov.in,1
District Topper Scholarship 1115,Zilla Parishad,Architecture,West Bengal,All,General,Jain,Class 10,Upto 1L,Above 75,"Rs 50,000/year",11/28,https://scholarships.gov.in,1
BPL Student Aid 1116,Trust Fund,Computer Science,Andhra Pradesh,Male,ST,Hindu,Class 12,Upto 8L,70-80,"Rs 1,500/year",9/28,https://scholarships.gov.in,1
First Generation Learner Award 1117,State Education Board,Biotechnology,Telangana,Male,All,Buddhist,Undergraduate,Upto 8L,90-100,"Rs 30,000/year",12/30,https://scholarships.gov.in,1
Academic Excellence Grant 1118,District Collector Office,Computer Science,Punjab,Female,All,Hindu,Class 10,Upto 3.5L,60-70,"Rs 12,000/year",9/30,https://scholarships.gov.in,1
Best Student Award Scholarship 1119,Trust Fund,Management,Jammu & Kashmir,All,SC,Hindu,Postgraduate,Upto 3.5L,90-100,"Rs 15,000/year",11/29,https://scholarships.gov.in,1
Backward Class Merit Award 1120,Zilla Parishad,Management,Assam,Male,Minority,All,Diploma,Upto 3.5L,90-100,"Rs 15,000/year",9/29,https://scholarships.gov.in,1
Backward Class Merit Award 1121,NGO Foundation,Arts/Commerce,Andhra Pradesh,Female,SC,Jain,Diploma,Upto 1L,Above 75,"Rs 5,000/year",9/30,https://scholarships.gov.in,1
Sports & Academics Scholarship 1122,State Education Board,Computer Science,Manipur,All,All,Christian,Class 10,Upto 5L,70-80,"Rs 2,500/year",9/30,https://scholarships.gov.in,1
Best Student Award Scholarship 1123,District Collector Office,Pharmacy,Nagaland,Male,EWS,All,Postgraduate,Upto 1L,80-90,"Rs 35,000/year",12/31,https://scholarships.gov.in,1
Rural Student Scholarship 1124,Zilla Parishad,Architecture,Kerala,Female,ST,All,Diploma,Upto 1L,Above 60,"Rs 1,500/year",10/28,https://scholarships.gov.in,1
Backward Class Merit Award 1125,Zilla Parishad,Architecture,Goa,Female,OBC,Sikh,Class 12,Upto 1L,80-90,"Rs 6,000/year",10/29,https://scholarships.gov.in,1
Women in STEM Scholarship 1126,Trust Fund,Pharmacy,Delhi,All,EWS,Muslim,Class 12,Upto 1L,Above 60,"Rs 5,000/year",11/30,https://scholarships.gov.in,1
BPL Student Aid 1127,Zilla Parishad,Science,Goa,Male,ST,Christian,Class 12,Upto 8L,80-90,"Rs 3,000/year",11/31,https://scholarships.gov.in,1
Women in STEM Scholarship 1128,NGO Foundation,Journalism,Andhra Pradesh,Male,All,All,Class 12,Upto 5L,80-90,"Rs 30,000/year",9/28,https://scholarships.gov.in,1
Academic Excellence Grant 1129,Trust Fund,All,Meghalaya,All,OBC,Christian,PhD,Upto 5L,Above 75,"Rs 3,000/year",9/30,https://scholarships.gov.in,1
District Topper Scholarship 1130,NGO Foundation,Computer Science,Delhi,All,General,Hindu,Postgraduate,Upto 8L,Above 60,"Rs 35,000/year",9/29,https://scholarships.gov.in,1
Backward Class Merit Award 1131,Zilla Parishad,Biotechnology,Uttar Pradesh,All,SC,Hindu,Class 10,Upto 3.5L,Above 60,"Rs 8,000/year",9/31,https://scholarships.gov.in,1
Rural Student Scholarship 1132,NGO Foundation,Journalism,Assam,All,SC,Muslim,Class 10,Upto 5L,Above 75,"Rs 40,000/year",11/29,https://scholarships.gov.in,1
Sports & Academics Scholarship 1133,District Collector Office,Computer Science,Mizoram,Male,Minority,All,Postgraduate,Upto 3.5L,60-70,"Rs 40,000/year",12/31,https://scholarships.gov.in,1
Women in STEM Scholarship 1134,State Education Board,Science,Uttarakhand,All,EWS,Muslim,Class 12,No Limit,70-80,"Rs 25,000/year",11/30,https://scholarships.gov.in,1
District Topper Scholarship 1135,State Education Board,Medical,Delhi,Female,Minority,Hindu,Postgraduate,No Limit,Above 75,"Rs 60,000/year",10/28,https://scholarships.gov.in,1
First Generation Learner Award 1136,NGO Foundation,Science,Sikkim,All,SC,Jain,Undergraduate,Upto 2.5L,50-60,"Rs 30,000/year",10/28,https://scholarships.gov.in,1
District Topper Scholarship 1137,District Collector Office,Arts/Commerce,Uttarakhand,Male,OBC,All,Diploma,Upto 2.5L,60-70,"Rs 40,000/year",9/31,https://scholarships.gov.in,1
Backward Class Merit Award 1138,District Collector Office,Architecture,Manipur,Female,Minority,Sikh,PhD,Upto 8L,Above 60,"Rs 12,000/year",9/29,https://scholarships.gov.in,1
Women in STEM Scholarship 1139,NGO Foundation,Computer Science,Tamil Nadu,All,EWS,Buddhist,PhD,Upto 5L,Above 75,"Rs 40,000/year",10/30,https://scholarships.gov.in,1
First Generation Learner Award 1140,District Collector Office,Medical,Jammu & Kashmir,All,All,All,Postgraduate,Upto 5L,Above 75,"Rs 1,000/year",12/31,https://scholarships.gov.in,1
Academic Excellence Grant 1141,Zilla Parishad,Biotechnology,Karnataka,Male,All,Jain,Undergraduate,Upto 3.5L,70-80,"Rs 75,000/year",12/28,https://scholarships.gov.in,1
District Topper Scholarship 1142,Zilla Parishad,Agriculture,Telangana,All,ST,Buddhist,Undergraduate,Upto 2.5L,80-90,"Rs 5,000/year",9/28,https://scholarships.gov.in,1
Rural Student Scholarship 1143,District Collector Office,Medical,Punjab,Male,General,Hindu,Undergraduate,Upto 2.5L,60-70,"Rs 18,000/year",11/30,https://scholarships.gov.in,1
Sports & Academics Scholarship 1144,NGO Foundation,Arts/Commerce,Delhi,Female,EWS,All,Class 10,Upto 1L,Above 75,"Rs 30,000/year",9/28,https://scholarships.gov.in,1
First Generation Learner Award 1145,Trust Fund,Computer Science,Gujarat,Female,General,Hindu,Class 10,No Limit,90-100,"Rs 2,500/year",10/31,https://scholarships.gov.in,1
Women in STEM Scholarship 1146,District Collector Office,Law,Kerala,All,Minority,Christian,Undergraduate,No Limit,60-70,"Rs 1,000/year",11/28,https://scholarships.gov.in,1
Academic Excellence Grant 1147,Trust Fund,Medical,Uttarakhand,Female,EWS,Hindu,Undergraduate,Upto 3.5L,80-90,"Rs 25,000/year",9/30,https://scholarships.gov.in,1
Women in STEM Scholarship 1148,Trust Fund,Science,Madhya Pradesh,Male,ST,Muslim,Postgraduate,No Limit,80-90,"Rs 2,500/year",9/30,https://scholarships.gov.in,1
Academic Excellence Grant 1149,NGO Foundation,Design,Manipur,Female,All,Sikh,Class 10,Upto 5L,Above 75,"Rs 25,000/year",9/30,https://scholarships.gov.in,1
Academic Excellence Grant 1150,Trust Fund,Computer Science,Gujarat,Male,Minority,Hindu,Postgraduate,Upto 3.5L,70-80,"Rs 12,000/year",12/28,https://scholarships.gov.in,1
Women in STEM Scholarship 1151,State Education Board,Medical,Chhattisgarh,Male,OBC,Buddhist,Diploma,Upto 3.5L,Above 75,"Rs 2,000/year",11/30,https://scholarships.gov.in,1
Academic Excellence Grant 1152,Trust Fund,Education,Arunachal Pradesh,Male,EWS,Buddhist,Postgraduate,Upto 5L,Above 75,"Rs 75,000/year",12/31,https://scholarships.gov.in,1
Best Student Award Scholarship 1153,Zilla Parishad,Biotechnology,Himachal Pradesh,All,Minority,All,Diploma,Upto 8L,90-100,"Rs 60,000/year",11/30,https://scholarships.gov.in,1
District Topper Scholarship 1154,State Education Board,Biotechnology,Tripura,Female,All,All,Class 10,Upto 8L,60-70,"Rs 6,000/year",10/31,https://scholarships.gov.in,1
Women in STEM Scholarship 1155,State Education Board,Arts/Commerce,Assam,Male,ST,Christian,Class 10,Upto 2.5L,Above 60,"Rs 8,000/year",9/30,https://scholarships.gov.in,1
First Generation Learner Award 1156,State Education Board,Arts/Commerce,Mizoram,All,OBC,Jain,Postgraduate,Upto 8L,50-60,"Rs 50,000/year",12/31,https://scholarships.gov.in,1
Best Student Award Scholarship 1157,State Education Board,Agriculture,Mizoram,Male,ST,All,Diploma,Upto 5L,70-80,"Rs 5,000/year",12/31,https://scholarships.gov.in,1
Academic Excellence Grant 1158,Trust Fund,Computer Science,Himachal Pradesh,Female,ST,Muslim,Class 10,Upto 3.5L,80-90,"Rs 35,000/year",9/31,https://scholarships.gov.in,1
District Topper Scholarship 1159,District Collector Office,Management,Kerala,Male,Minority,Sikh,PhD,Upto 2.5L,70-80,"Rs 3,000/year",12/29,https://scholarships.gov.in,1
District Topper Scholarship 1160,NGO Foundation,Pharmacy,Kerala,All,ST,Buddhist,Diploma,No Limit,50-60,"Rs 40,000/year",9/29,https://scholarships.gov.in,1
Backward Class Merit Award 1161,District Collector Office,Management,Gujarat,All,EWS,All,Undergraduate,Upto 2.5L,60-70,"Rs 40,000/year",9/29,https://scholarships.gov.in,1
First Generation Learner Award 1162,NGO Foundation,Agriculture,Tripura,Male,General,Buddhist,Postgraduate,Upto 8L,60-70,"Rs 10,000/year",11/28,https://scholarships.gov.in,1
Best Student Award Scholarship 1163,NGO Foundation,Design,Goa,All,ST,Hindu,Class 12,Upto 8L,Above 60,"Rs 18,000/year",12/31,https://scholarships.gov.in,1
Single Parent Child Scholarship 1164,Trust Fund,Law,Arunachal Pradesh,Female,OBC,Jain,Undergraduate,Upto 1L,60-70,"Rs 8,000/year",9/30,https://scholarships.gov.in,1
Backward Class Merit Award 1165,District Collector Office,Arts/Commerce,Chhattisgarh,All,General,All,Class 12,No Limit,50-60,"Rs 10,000/year",12/30,https://scholarships.gov.in,1
Women in STEM Scholarship 1166,State Education Board,Biotechnology,Tamil Nadu,Female,General,All,Postgraduate,Upto 2.5L,90-100,"Rs 60,000/year",9/29,https://scholarships.gov.in,1
Backward Class Merit Award 1167,State Education Board,All,Tripura,Female,EWS,Sikh,Diploma,No Limit,70-80,"Rs 2,000/year",11/31,https://scholarships.gov.in,1
Women in STEM Scholarship 1168,Trust Fund,Law,Jammu & Kashmir,All,General,Muslim,PhD,Upto 1L,50-60,"Rs 6,000/year",10/28,https://scholarships.gov.in,1
First Generation Learner Award 1169,Zilla Parishad,Medical,Uttar Pradesh,All,SC,Sikh,Class 12,Upto 1L,70-80,"Rs 40,000/year",11/28,https://scholarships.gov.in,1
Academic Excellence Grant 1170,Trust Fund,Law,Arunachal Pradesh,Female,General,All,Class 12,Upto 8L,Above 60,"Rs 8,000/year",10/30,https://scholarships.gov.in,1
First Generation Learner Award 1171,NGO Foundation,Architecture,Telangana,Male,OBC,Hindu,PhD,Upto 8L,50-60,"Rs 75,000/year",12/30,https://scholarships.gov.in,1
District Topper Scholarship 1172,Trust Fund,Science,Goa,All,OBC,Sikh,Class 12,Upto 8L,Above 60,"Rs 1,500/year",10/28,https://scholarships.gov.in,1
Single Parent Child Scholarship 1173,Trust Fund,Biotechnology,Jharkhand,Female,All,Hindu,PhD,Upto 8L,60-70,"Rs 60,000/year",11/29,https://scholarships.gov.in,1
Single Parent Child Scholarship 1174,District Collector Office,Biotechnology,Chhattisgarh,Female,OBC,Christian,Diploma,Upto 2.5L,60-70,"Rs 2,000/year",10/31,https://scholarships.gov.in,1
First Generation Learner Award 1175,Zilla Parishad,Agriculture,Delhi,Male,All,Buddhist,PhD,Upto 3.5L,60-70,"Rs 30,000/year",10/31,https://scholarships.gov.in,1
BPL Student Aid 1176,NGO Foundation,Journalism,Assam,Female,General,Muslim,Undergraduate,Upto 8L,Above 60,"Rs 3,000/year",10/28,https://scholarships.gov.in,1
Rural Student Scholarship 1177,District Collector Office,Medical,Gujarat,Female,General,Christian,Class 10,Upto 5L,Above 75,"Rs 6,000/year",11/29,https://scholarships.gov.in,1
BPL Student Aid 1178,State Education Board,Design,Sikkim,All,EWS,Muslim,Postgraduate,Upto 3.5L,90-100,"Rs 6,000/year",9/28,https://scholarships.gov.in,1
BPL Student Aid 1179,State Education Board,Law,Manipur,Female,SC,Sikh,Class 10,Upto 8L,80-90,"Rs 12,000/year",11/29,https://scholarships.gov.in,1
BPL Student Aid 1180,Trust Fund,All,Odisha,All,General,Muslim,Postgraduate,Upto 2.5L,60-70,"Rs 30,000/year",12/28,https://scholarships.gov.in,1
Women in STEM Scholarship 1181,District Collector Office,Education,Tripura,All,EWS,Hindu,Class 12,No Limit,70-80,"Rs 12,000/year",9/29,https://scholarships.gov.in,1
Best Student Award Scholarship 1182,NGO Foundation,Engineering,Telangana,All,Minority,All,Class 10,No Limit,Above 75,"Rs 8,000/year",9/29,https://scholarships.gov.in,1
Best Student Award Scholarship 1183,NGO Foundation,Architecture,Punjab,All,All,Christian,Class 10,No Limit,90-100,"Rs 10,000/year",11/31,https://scholarships.gov.in,1
First Generation Learner Award 1184,Zilla Parishad,Computer Science,Uttar Pradesh,Male,General,Hindu,Postgraduate,Upto 1L,Above 75,"Rs 25,000/year",11/28,https://scholarships.gov.in,1
Rural Student Scholarship 1185,Trust Fund,Biotechnology,Uttar Pradesh,Male,OBC,All,Class 10,Upto 3.5L,Above 75,"Rs 2,500/year",9/31,https://scholarships.gov.in,1
Backward Class Merit Award 1186,State Education Board,Engineering,Meghalaya,All,All,All,Class 12,Upto 3.5L,50-60,"Rs 35,000/year",12/30,https://scholarships.gov.in,1
Sports & Academics Scholarship 1187,Trust Fund,Management,Maharashtra,All,EWS,Hindu,Class 12,Upto 2.5L,Above 60,"Rs 40,000/year",9/31,https://scholarships.gov.in,1
District Topper Scholarship 1188,District Collector Office,Medical,Nagaland,All,All,Christian,Class 12,Upto 1L,80-90,"Rs 35,000/year",10/29,https://scholarships.gov.in,1
Sports & Academics Scholarship 1189,District Collector Office,Design,Nagaland,All,Minority,All,Class 10,No Limit,Above 60,"Rs 1,500/year",11/31,https://scholarships.gov.in,1
Academic Excellence Grant 1190,State Education Board,Arts/Commerce,Uttar Pradesh,Female,General,Hindu,Undergraduate,Upto 8L,90-100,"Rs 2,000/year",11/30,https://scholarships.gov.in,1
Best Student Award Scholarship 1191,NGO Foundation,Engineering,Gujarat,Male,OBC,Christian,Class 10,Upto 8L,90-100,"Rs 50,000/year",10/30,https://scholarships.gov.in,1
BPL Student Aid 1192,Zilla Parishad,Design,Jharkhand,Female,EWS,All,Class 10,No Limit,Above 75,"Rs 20,000/year",12/28,https://scholarships.gov.in,1
District Topper Scholarship 1193,State Education Board,Pharmacy,Jammu & Kashmir,Male,OBC,Sikh,Diploma,Upto 8L,90-100,"Rs 60,000/year",12/31,https://scholarships.gov.in,1
BPL Student Aid 1194,Zilla Parishad,Agriculture,Telangana,Female,General,Jain,Class 12,Upto 1L,Above 75,"Rs 1,500/year",10/28,https://scholarships.gov.in,1
BPL Student Aid 1195,State Education Board,Journalism,Kerala,Female,ST,All,PhD,Upto 8L,60-70,"Rs 6,000/year",12/29,https://scholarships.gov.in,1
BPL Student Aid 1196,Zilla Parishad,Arts/Commerce,Manipur,Male,EWS,Hindu,PhD,Upto 1L,50-60,"Rs 60,000/year",12/30,https://scholarships.gov.in,1
Women in STEM Scholarship 1197,State Education Board,Architecture,Karnataka,Male,EWS,All,Class 10,Upto 1L,Above 60,"Rs 25,000/year",11/31,https://scholarships.gov.in,1
Academic Excellence Grant 1198,Trust Fund,Pharmacy,Nagaland,Male,ST,Muslim,Postgraduate,Upto 1L,50-60,"Rs 10,000/year",11/28,https://scholarships.gov.in,1
Best Student Award Scholarship 1199,State Education Board,Arts/Commerce,Meghalaya,Female,General,Muslim,Class 12,Upto 1L,Above 60,"Rs 75,000/year",11/30,https://scholarships.gov.in,1
Single Parent Child Scholarship 1200,Zilla Parishad,Biotechnology,Madhya Pradesh,Male,OBC,Jain,Undergraduate,Upto 3.5L,Above 75,"Rs 12,000/year",12/29,https://scholarships.gov.in,1
First Generation Learner Award 1201,Trust Fund,Journalism,Madhya Pradesh,Male,Minority,Muslim,Undergraduate,Upto 1L,70-80,"Rs 18,000/year",12/31,https://scholarships.gov.in,1
First Generation Learner Award 1202,State Education Board,Law,Uttarakhand,Male,Minority,All,PhD,Upto 5L,60-70,"Rs 10,000/year",9/30,https://scholarships.gov.in,1
BPL Student Aid 1203,NGO Foundation,Computer Science,Manipur,Male,SC,All,PhD,No Limit,70-80,"Rs 5,000/year",10/31,https://scholarships.gov.in,1
First Generation Learner Award 1204,District Collector Office,Agriculture,Jharkhand,All,Minority,All,Diploma,Upto 3.5L,Above 60,"Rs 12,000/year",9/29,https://scholarships.gov.in,1
Academic Excellence Grant 1205,District Collector Office,Science,West Bengal,Male,General,Jain,Diploma,Upto 5L,60-70,"Rs 20,000/year",9/30,https://scholarships.gov.in,1
Backward Class Merit Award 1206,District Collector Office,Agriculture,Mizoram,Female,All,Hindu,Postgraduate,Upto 2.5L,70-80,"Rs 15,000/year",9/29,https://scholarships.gov.in,1
Best Student Award Scholarship 1207,Trust Fund,Science,Nagaland,Female,Minority,Hindu,Postgraduate,No Limit,Above 75,"Rs 3,000/year",10/29,https://scholarships.gov.in,1
Women in STEM Scholarship 1208,District Collector Office,Education,Nagaland,Male,OBC,All,Class 10,Upto 8L,Above 75,"Rs 2,000/year",9/30,https://scholarships.gov.in,1
Rural Student Scholarship 1209,Trust Fund,Law,Chhattisgarh,All,ST,Hindu,Undergraduate,Upto 2.5L,60-70,"Rs 35,000/year",9/30,https://scholarships.gov.in,1
Sports & Academics Scholarship 1210,Trust Fund,Engineering,Chhattisgarh,All,EWS,Muslim,Class 12,Upto 1L,Above 60,"Rs 15,000/year",10/31,https://scholarships.gov.in,1
Rural Student Scholarship 1211,State Education Board,Architecture,Bihar,Female,Minority,Hindu,Diploma,Upto 2.5L,60-70,"Rs 2,500/year",11/29,https://scholarships.gov.in,1
Best Student Award Scholarship 1212,NGO Foundation,Law,Bihar,Male,All,Jain,Class 10,No Limit,Above 75,"Rs 1,000/year",12/31,https://scholarships.gov.in,1
Single Parent Child Scholarship 1213,NGO Foundation,Pharmacy,Assam,All,EWS,Jain,Class 10,Upto 5L,Above 75,"Rs 1,000/year",12/31,https://scholarships.gov.in,1
First Generation Learner Award 1214,State Education Board,Science,Karnataka,Male,ST,Hindu,Undergraduate,Upto 3.5L,Above 60,"Rs 8,000/year",12/29,https://scholarships.gov.in,1
Sports & Academics Scholarship 1215,NGO Foundation,Education,Kerala,Male,General,All,Postgraduate,Upto 1L,70-80,"Rs 2,500/year",9/29,https://scholarships.gov.in,1
First Generation Learner Award 1216,State Education Board,Pharmacy,Meghalaya,All,All,All,Diploma,Upto 2.5L,70-80,"Rs 6,000/year",9/29,https://scholarships.gov.in,1
District Topper Scholarship 1217,Zilla Parishad,Management,Meghalaya,Male,ST,Hindu,Class 12,Upto 8L,50-60,"Rs 15,000/year",10/30,https://scholarships.gov.in,1
Single Parent Child Scholarship 1218,District Collector Office,Science,Telangana,All,General,Muslim,Postgraduate,Upto 3.5L,70-80,"Rs 18,000/year",12/30,https://scholarships.gov.in,1
BPL Student Aid 1219,Zilla Parishad,Arts/Commerce,Assam,All,SC,Hindu,Undergraduate,Upto 1L,Above 60,"Rs 2,500/year",12/29,https://scholarships.gov.in,1
Academic Excellence Grant 1220,Zilla Parishad,Engineering,Rajasthan,Female,Minority,All,Undergraduate,Upto 3.5L,70-80,"Rs 15,000/year",10/29,https://scholarships.gov.in,1
Women in STEM Scholarship 1221,NGO Foundation,Journalism,Assam,Male,ST,Jain,PhD,Upto 3.5L,Above 60,"Rs 2,000/year",12/28,https://scholarships.gov.in,1
District Topper Scholarship 1222,Zilla Parishad,Arts/Commerce,Rajasthan,Female,EWS,Christian,Undergraduate,Upto 5L,Above 60,"Rs 2,000/year",10/30,https://scholarships.gov.in,1
Single Parent Child Scholarship 1223,Zilla Parishad,Management,Sikkim,All,Minority,Hindu,Class 12,Upto 2.5L,Above 75,"Rs 2,500/year",11/30,https://scholarships.gov.in,1
Academic Excellence Grant 1224,Zilla Parishad,Journalism,Jharkhand,Male,Minority,Buddhist,Class 12,Upto 8L,90-100,"Rs 6,000/year",11/29,https://scholarships.gov.in,1
Backward Class Merit Award 1225,Zilla Parishad,Biotechnology,Arunachal Pradesh,Female,OBC,Muslim,Diploma,Upto 2.5L,80-90,"Rs 75,000/year",10/31,https://scholarships.gov.in,1
Single Parent Child Scholarship 1226,Zilla Parishad,All,Sikkim,Female,ST,Buddhist,PhD,Upto 3.5L,Above 75,"Rs 1,000/year",11/30,https://scholarships.gov.in,1
District Topper Scholarship 1227,District Collector Office,Journalism,Goa,Male,EWS,Hindu,Undergraduate,Upto 5L,Above 60,"Rs 18,000/year",9/31,https://scholarships.gov.in,1
Sports & Academics Scholarship 1228,Zilla Parishad,Pharmacy,Jharkhand,Female,General,Buddhist,Class 12,Upto 2.5L,50-60,"Rs 35,000/year",10/29,https://scholarships.gov.in,1
Women in STEM Scholarship 1229,State Education Board,Engineering,Manipur,All,EWS,Muslim,Diploma,No Limit,80-90,"Rs 35,000/year",9/28,https://scholarships.gov.in,1
District Topper Scholarship 1230,State Education Board,Medical,Madhya Pradesh,All,ST,Sikh,Class 10,No Limit,Above 60,"Rs 60,000/year",11/28,https://scholarships.gov.in,1
BPL Student Aid 1231,Trust Fund,Arts/Commerce,Maharashtra,All,SC,Muslim,Class 12,Upto 8L,Above 75,"Rs 15,000/year",9/30,https://scholarships.gov.in,1
Backward Class Merit Award 1232,NGO Foundation,Design,Uttarakhand,Male,ST,Hindu,Class 12,No Limit,90-100,"Rs 1,500/year",9/28,https://scholarships.gov.in,1
Academic Excellence Grant 1233,District Collector Office,Biotechnology,Sikkim,Female,All,Sikh,Class 12,Upto 3.5L,90-100,"Rs 25,000/year",11/30,https://scholarships.gov.in,1
Rural Student Scholarship 1234,Zilla Parishad,Journalism,Himachal Pradesh,Male,EWS,Jain,Postgraduate,No Limit,90-100,"Rs 25,000/year",9/30,https://scholarships.gov.in,1
Sports & Academics Scholarship 1235,NGO Foundation,Architecture,Chhattisgarh,Male,EWS,Hindu,Undergraduate,Upto 1L,Above 75,"Rs 18,000/year",10/29,https://scholarships.gov.in,1
Women in STEM Scholarship 1236,Trust Fund,Management,Odisha,Female,OBC,Buddhist,Diploma,Upto 1L,70-80,"Rs 60,000/year",9/28,https://scholarships.gov.in,1
Best Student Award Scholarship 1237,Zilla Parishad,Agriculture,Jammu & Kashmir,Male,All,Buddhist,PhD,Upto 3.5L,50-60,"Rs 50,000/year",9/28,https://scholarships.gov.in,1
Rural Student Scholarship 1238,NGO Foundation,Management,Tripura,Male,Minority,Jain,Diploma,Upto 1L,90-100,"Rs 12,000/year",9/30,https://scholarships.gov.in,1
First Generation Learner Award 1239,Trust Fund,Pharmacy,Maharashtra,Female,EWS,All,PhD,Upto 8L,70-80,"Rs 60,000/year",12/31,https://scholarships.gov.in,1
District Topper Scholarship 1240,NGO Foundation,Architecture,Bihar,Male,Minority,Muslim,Class 12,Upto 5L,90-100,"Rs 25,000/year",11/28,https://scholarships.gov.in,1
Best Student Award Scholarship 1241,NGO Foundation,All,Karnataka,All,ST,Buddhist,Postgraduate,No Limit,80-90,"Rs 75,000/year",9/29,https://scholarships.gov.in,1
First Generation Learner Award 1242,Zilla Parishad,Journalism,Punjab,Female,Minority,Sikh,Diploma,No Limit,80-90,"Rs 12,000/year",12/29,https://scholarships.gov.in,1
Sports & Academics Scholarship 1243,Trust Fund,Medical,Madhya Pradesh,Female,All,Muslim,Diploma,Upto 5L,90-100,"Rs 10,000/year",10/30,https://scholarships.gov.in,1
First Generation Learner Award 1244,District Collector Office,Management,Arunachal Pradesh,All,Minority,Jain,Class 12,Upto 5L,Above 60,"Rs 8,000/year",9/29,https://scholarships.gov.in,1
BPL Student Aid 1245,NGO Foundation,Computer Science,Delhi,All,ST,Christian,PhD,Upto 8L,80-90,"Rs 30,000/year",10/28,https://scholarships.gov.in,1
Rural Student Scholarship 1246,Trust Fund,All,Punjab,Male,SC,Jain,PhD,Upto 5L,80-90,"Rs 30,000/year",10/29,https://scholarships.gov.in,1
Single Parent Child Scholarship 1247,Zilla Parishad,Medical,Gujarat,All,EWS,Jain,Class 12,Upto 5L,Above 75,"Rs 75,000/year",11/29,https://scholarships.gov.in,1
District Topper Scholarship 1248,State Education Board,Education,Uttar Pradesh,All,EWS,All,Class 10,Upto 2.5L,80-90,"Rs 20,000/year",10/28,https://scholarships.gov.in,1
Backward Class Merit Award 1249,NGO Foundation,Engineering,Arunachal Pradesh,Female,EWS,Buddhist,Class 12,Upto 8L,Above 60,"Rs 3,000/year",9/28,https://scholarships.gov.in,1
BPL Student Aid 1250,Trust Fund,Science,Haryana,Male,OBC,Christian,Postgraduate,No Limit,80-90,"Rs 30,000/year",9/29,https://scholarships.gov.in,1
Single Parent Child Scholarship 1251,Trust Fund,All,Sikkim,All,Minority,Christian,Class 10,Upto 2.5L,Above 75,"Rs 6,000/year",9/30,https://scholarships.gov.in,1
BPL Student Aid 1252,Trust Fund,Engineering,Andhra Pradesh,All,EWS,Hindu,Undergraduate,Upto 1L,70-80,"Rs 75,000/year",11/31,https://scholarships.gov.in,1
Academic Excellence Grant 1253,State Education Board,Pharmacy,Manipur,All,All,All,Postgraduate,Upto 8L,60-70,"Rs 75,000/year",11/29,https://scholarships.gov.in,1
Backward Class Merit Award 1254,Zilla Parishad,Computer Science,Mizoram,All,Minority,Buddhist,Undergraduate,Upto 1L,Above 75,"Rs 2,000/year",12/29,https://scholarships.gov.in,1
Academic Excellence Grant 1255,Trust Fund,Science,Uttarakhand,All,SC,All,Class 10,No Limit,60-70,"Rs 30,000/year",9/28,https://scholarships.gov.in,1
Best Student Award Scholarship 1256,NGO Foundation,Design,Arunachal Pradesh,Male,General,Hindu,Class 10,No Limit,90-100,"Rs 35,000/year",10/28,https://scholarships.gov.in,1
District Topper Scholarship 1257,State Education Board,Arts/Commerce,Sikkim,Female,SC,Hindu,Class 12,Upto 5L,50-60,"Rs 18,000/year",11/29,https://scholarships.gov.in,1
Women in STEM Scholarship 1258,State Education Board,Agriculture,Manipur,All,ST,Hindu,Class 12,Upto 5L,80-90,"Rs 75,000/year",10/30,https://scholarships.gov.in,1
BPL Student Aid 1259,NGO Foundation,Education,Manipur,Male,All,Sikh,PhD,Upto 2.5L,Above 75,"Rs 20,000/year",9/31,https://scholarships.gov.in,1
BPL Student Aid 1260,Trust Fund,Arts/Commerce,Goa,All,Minority,Buddhist,Class 10,Upto 1L,90-100,"Rs 25,000/year",10/30,https://scholarships.gov.in,1
Sports & Academics Scholarship 1261,District Collector Office,Journalism,Odisha,Female,General,Hindu,PhD,No Limit,Above 75,"Rs 1,000/year",12/28,https://scholarships.gov.in,1
Best Student Award Scholarship 1262,State Education Board,Arts/Commerce,Tamil Nadu,Male,SC,Hindu,Class 10,No Limit,Above 75,"Rs 12,000/year",9/28,https://scholarships.gov.in,1
Academic Excellence Grant 1263,NGO Foundation,Agriculture,Delhi,Female,EWS,Jain,Postgraduate,Upto 2.5L,Above 60,"Rs 2,500/year",10/30,https://scholarships.gov.in,1
Women in STEM Scholarship 1264,District Collector Office,Law,Manipur,All,All,Hindu,Class 12,Upto 5L,50-60,"Rs 50,000/year",10/28,https://scholarships.gov.in,1
Academic Excellence Grant 1265,District Collector Office,Law,Tripura,Male,ST,Sikh,Class 10,Upto 2.5L,70-80,"Rs 2,000/year",11/30,https://scholarships.gov.in,1
BPL Student Aid 1266,Trust Fund,Law,Andhra Pradesh,All,General,Christian,PhD,Upto 8L,Above 60,"Rs 75,000/year",10/31,https://scholarships.gov.in,1
BPL Student Aid 1267,Trust Fund,Computer Science,Gujarat,Female,ST,Buddhist,Class 12,Upto 1L,Above 60,"Rs 2,500/year",10/28,https://scholarships.gov.in,1
Academic Excellence Grant 1268,Trust Fund,Agriculture,Tripura,All,EWS,Jain,Diploma,Upto 8L,70-80,"Rs 60,000/year",12/31,https://scholarships.gov.in,1
District Topper Scholarship 1269,State Education Board,Biotechnology,Odisha,Female,All,All,PhD,Upto 8L,80-90,"Rs 10,000/year",9/30,https://scholarships.gov.in,1
Sports & Academics Scholarship 1270,Trust Fund,Computer Science,Odisha,Male,General,Muslim,Postgraduate,No Limit,50-60,"Rs 75,000/year",10/28,https://scholarships.gov.in,1
Academic Excellence Grant 1271,Zilla Parishad,Science,Bihar,Female,SC,All,Class 12,Upto 5L,70-80,"Rs 25,000/year",9/29,https://scholarships.gov.in,1
BPL Student Aid 1272,State Education Board,Arts/Commerce,Jharkhand,All,ST,Jain,Class 12,Upto 1L,50-60,"Rs 75,000/year",11/29,https://scholarships.gov.in,1
Best Student Award Scholarship 1273,NGO Foundation,Agriculture,Rajasthan,All,EWS,All,Undergraduate,Upto 8L,80-90,"Rs 25,000/year",9/29,https://scholarships.gov.in,1
Best Student Award Scholarship 1274,District Collector Office,Education,Himachal Pradesh,All,Minority,Muslim,Class 10,Upto 1L,80-90,"Rs 35,000/year",9/30,https://scholarships.gov.in,1
First Generation Learner Award 1275,NGO Foundation,Engineering,Haryana,Female,General,Sikh,PhD,Upto 3.5L,Above 60,"Rs 6,000/year",11/29,https://scholarships.gov.in,1
Academic Excellence Grant 1276,NGO Foundation,Design,Maharashtra,Female,Minority,Jain,Postgraduate,No Limit,Above 60,"Rs 10,000/year",10/30,https://scholarships.gov.in,1
Single Parent Child Scholarship 1277,District Collector Office,Biotechnology,Punjab,Male,ST,Buddhist,Diploma,Upto 8L,70-80,"Rs 6,000/year",10/30,https://scholarships.gov.in,1
First Generation Learner Award 1278,NGO Foundation,Management,Tamil Nadu,All,SC,Christian,Class 12,Upto 1L,Above 60,"Rs 35,000/year",9/28,https://scholarships.gov.in,1
District Topper Scholarship 1279,NGO Foundation,Science,Kerala,All,General,Muslim,PhD,Upto 1L,Above 60,"Rs 3,000/year",12/31,https://scholarships.gov.in,1
Best Student Award Scholarship 1280,NGO Foundation,Engineering,Jharkhand,All,All,Jain,Postgraduate,Upto 8L,50-60,"Rs 1,500/year",12/28,https://scholarships.gov.in,1
Rural Student Scholarship 1281,State Education Board,Arts/Commerce,Jammu & Kashmir,Male,Minority,Hindu,Postgraduate,Upto 2.5L,50-60,"Rs 5,000/year",9/29,https://scholarships.gov.in,1
BPL Student Aid 1282,Trust Fund,Journalism,Punjab,Female,ST,Muslim,Undergraduate,Upto 1L,50-60,"Rs 3,000/year",11/29,https://scholarships.gov.in,1
Women in STEM Scholarship 1283,NGO Foundation,Law,Odisha,All,OBC,Muslim,Class 10,No Limit,90-100,"Rs 12,000/year",11/29,https://scholarships.gov.in,1
Academic Excellence Grant 1284,Trust Fund,Science,Karnataka,All,EWS,Hindu,Class 10,Upto 1L,Above 60,"Rs 15,000/year",11/30,https://scholarships.gov.in,1
First Generation Learner Award 1285,Trust Fund,Engineering,Chhattisgarh,Male,SC,Muslim,Diploma,No Limit,90-100,"Rs 3,000/year",12/30,https://scholarships.gov.in,1
Women in STEM Scholarship 1286,NGO Foundation,Journalism,Karnataka,Female,General,Muslim,Postgraduate,Upto 5L,Above 75,"Rs 2,500/year",9/30,https://scholarships.gov.in,1
Sports & Academics Scholarship 1287,Trust Fund,Pharmacy,Rajasthan,Female,Minority,Christian,Class 10,Upto 2.5L,90-100,"Rs 6,000/year",9/28,https://scholarships.gov.in,1
Single Parent Child Scholarship 1288,State Education Board,All,Mizoram,Male,ST,Buddhist,Class 10,Upto 3.5L,80-90,"Rs 1,000/year",9/29,https://scholarships.gov.in,1
Rural Student Scholarship 1289,State Education Board,Journalism,Uttar Pradesh,Female,SC,Christian,Postgraduate,Upto 1L,Above 60,"Rs 1,000/year",11/28,https://scholarships.gov.in,1
Women in STEM Scholarship 1290,State Education Board,Engineering,Uttarakhand,Male,General,Buddhist,Undergraduate,Upto 1L,70-80,"Rs 18,000/year",12/28,https://scholarships.gov.in,1
First Generation Learner Award 1291,Trust Fund,Biotechnology,Tamil Nadu,Male,Minority,Hindu,Class 10,Upto 1L,70-80,"Rs 2,000/year",11/30,https://scholarships.gov.in,1
First Generation Learner Award 1292,Trust Fund,Architecture,Bihar,All,SC,Hindu,Class 12,Upto 3.5L,80-90,"Rs 8,000/year",12/31,https://scholarships.gov.in,1
Women in STEM Scholarship 1293,Zilla Parishad,Pharmacy,Telangana,Female,ST,Christian,Diploma,No Limit,70-80,"Rs 10,000/year",11/30,https://scholarships.gov.in,1
Best Student Award Scholarship 1294,District Collector Office,Architecture,Goa,All,All,Muslim,Undergraduate,Upto 1L,60-70,"Rs 35,000/year",11/30,https://scholarships.gov.in,1
BPL Student Aid 1295,District Collector Office,Computer Science,Himachal Pradesh,Male,EWS,Christian,Class 10,Upto 2.5L,50-60,"Rs 2,500/year",11/29,https://scholarships.gov.in,1
Academic Excellence Grant 1296,Zilla Parishad,All,Manipur,Male,EWS,Buddhist,Undergraduate,Upto 3.5L,60-70,"Rs 1,500/year",10/29,https://scholarships.gov.in,1
Best Student Award Scholarship 1297,District Collector Office,Biotechnology,Arunachal Pradesh,Female,General,Jain,Class 10,Upto 8L,60-70,"Rs 5,000/year",10/30,https://scholarships.gov.in,1
Backward Class Merit Award 1298,Zilla Parishad,Pharmacy,Andhra Pradesh,Female,ST,Muslim,PhD,Upto 2.5L,60-70,"Rs 2,500/year",11/28,https://scholarships.gov.in,1
Single Parent Child Scholarship 1299,State Education Board,Science,Tamil Nadu,Female,ST,Jain,PhD,No Limit,70-80,"Rs 75,000/year",10/29,https://scholarships.gov.in,1
Backward Class Merit Award 1300,Zilla Parishad,Architecture,Delhi,Female,Minority,Christian,Undergraduate,Upto 5L,50-60,"Rs 50,000/year",12/30,https://scholarships.gov.in,1
Single Parent Child Scholarship 1301,Trust Fund,Management,Manipur,Male,Minority,All,Undergraduate,No Limit,60-70,"Rs 2,000/year",10/30,https://scholarships.gov.in,1
Rural Student Scholarship 1302,State Education Board,Management,Uttar Pradesh,All,All,Hindu,PhD,No Limit,70-80,"Rs 60,000/year",10/29,https://scholarships.gov.in,1
Backward Class Merit Award 1303,Trust Fund,Education,Madhya Pradesh,Female,EWS,Buddhist,PhD,Upto 5L,90-100,"Rs 35,000/year",9/29,https://scholarships.gov.in,1
Women in STEM Scholarship 1304,State Education Board,Medical,Gujarat,All,All,Jain,Diploma,Upto 5L,Above 75,"Rs 8,000/year",9/30,https://scholarships.gov.in,1
Single Parent Child Scholarship 1305,NGO Foundation,Pharmacy,Odisha,Male,OBC,All,PhD,Upto 2.5L,70-80,"Rs 30,000/year",12/31,https://scholarships.gov.in,1
Backward Class Merit Award 1306,State Education Board,Pharmacy,Uttar Pradesh,Male,Minority,Christian,PhD,Upto 5L,Above 75,"Rs 1,500/year",10/29,https://scholarships.gov.in,1
BPL Student Aid 1307,Zilla Parishad,Journalism,Uttar Pradesh,Female,General,Sikh,Class 12,Upto 3.5L,80-90,"Rs 5,000/year",9/30,https://scholarships.gov.in,1
Single Parent Child Scholarship 1308,NGO Foundation,Pharmacy,Manipur,Male,EWS,All,Class 10,Upto 8L,50-60,"Rs 3,000/year",9/28,https://scholarships.gov.in,1
Single Parent Child Scholarship 1309,NGO Foundation,Science,Nagaland,Female,Minority,All,Class 12,Upto 5L,Above 75,"Rs 30,000/year",12/28,https://scholarships.gov.in,1
Women in STEM Scholarship 1310,Trust Fund,Pharmacy,Uttar Pradesh,Female,All,All,Undergraduate,Upto 2.5L,Above 75,"Rs 15,000/year",12/28,https://scholarships.gov.in,1
BPL Student Aid 1311,Zilla Parishad,Law,Karnataka,All,EWS,Jain,Class 12,No Limit,50-60,"Rs 50,000/year",9/29,https://scholarships.gov.in,1
Rural Student Scholarship 1312,State Education Board,Science,Uttarakhand,All,General,Buddhist,Undergraduate,No Limit,90-100,"Rs 18,000/year",10/30,https://scholarships.gov.in,1
Backward Class Merit Award 1313,NGO Foundation,Management,Maharashtra,Female,OBC,Christian,Undergraduate,Upto 1L,70-80,"Rs 30,000/year",12/30,https://scholarships.gov.in,1
BPL Student Aid 1314,NGO Foundation,Journalism,Telangana,Female,ST,All,PhD,Upto 5L,Above 60,"Rs 2,000/year",11/29,https://scholarships.gov.in,1
District Topper Scholarship 1315,District Collector Office,Management,West Bengal,All,SC,Muslim,Class 10,Upto 5L,50-60,"Rs 35,000/year",11/28,https://scholarships.gov.in,1
Sports & Academics Scholarship 1316,State Education Board,Agriculture,Gujarat,Female,Minority,Buddhist,PhD,Upto 1L,80-90,"Rs 60,000/year",9/31,https://scholarships.gov.in,1
Best Student Award Scholarship 1317,State Education Board,Management,Sikkim,All,EWS,Buddhist,Class 10,Upto 2.5L,50-60,"Rs 1,000/year",9/29,https://scholarships.gov.in,1
Backward Class Merit Award 1318,NGO Foundation,Architecture,Karnataka,All,SC,Buddhist,Diploma,Upto 2.5L,60-70,"Rs 60,000/year",12/29,https://scholarships.gov.in,1
Sports & Academics Scholarship 1319,State Education Board,Pharmacy,Arunachal Pradesh,Male,EWS,Christian,Class 10,Upto 1L,Above 60,"Rs 40,000/year",9/30,https://scholarships.gov.in,1
Single Parent Child Scholarship 1320,Trust Fund,Medical,Arunachal Pradesh,Male,ST,Christian,Class 10,Upto 5L,90-100,"Rs 2,500/year",11/31,https://scholarships.gov.in,1
Rural Student Scholarship 1321,State Education Board,Law,Nagaland,Male,Minority,Sikh,Diploma,Upto 1L,70-80,"Rs 12,000/year",12/29,https://scholarships.gov.in,1
Backward Class Merit Award 1322,Trust Fund,Medical,West Bengal,Male,All,All,PhD,Upto 5L,Above 60,"Rs 35,000/year",11/31,https://scholarships.gov.in,1
Rural Student Scholarship 1323,District Collector Office,All,Rajasthan,Male,ST,Jain,Undergraduate,Upto 2.5L,80-90,"Rs 18,000/year",12/30,https://scholarships.gov.in,1
Best Student Award Scholarship 1324,Trust Fund,Design,Haryana,Male,All,Muslim,Undergraduate,Upto 3.5L,Above 75,"Rs 6,000/year",10/30,https://scholarships.gov.in,1
First Generation Learner Award 1325,Trust Fund,Agriculture,Nagaland,Male,ST,Hindu,Postgraduate,Upto 8L,70-80,"Rs 40,000/year",11/29,https://scholarships.gov.in,1
Rural Student Scholarship 1326,District Collector Office,Biotechnology,Chhattisgarh,Male,Minority,Jain,Class 12,Upto 8L,80-90,"Rs 30,000/year",11/29,https://scholarships.gov.in,1
Backward Class Merit Award 1327,State Education Board,Science,Jharkhand,Female,OBC,Christian,Diploma,Upto 1L,60-70,"Rs 1,000/year",11/30,https://scholarships.gov.in,1
Women in STEM Scholarship 1328,NGO Foundation,Science,Mizoram,Male,ST,Hindu,Undergraduate,Upto 2.5L,60-70,"Rs 50,000/year",10/30,https://scholarships.gov.in,1
Backward Class Merit Award 1329,NGO Foundation,Arts/Commerce,Assam,All,OBC,Christian,Class 12,Upto 1L,70-80,"Rs 40,000/year",12/28,https://scholarships.gov.in,1
First Generation Learner Award 1330,Trust Fund,Agriculture,Jammu & Kashmir,Female,ST,All,Class 10,Upto 8L,80-90,"Rs 10,000/year",10/30,https://scholarships.gov.in,1
Sports & Academics Scholarship 1331,District Collector Office,Arts/Commerce,Sikkim,Male,All,All,Diploma,Upto 2.5L,80-90,"Rs 3,000/year",11/30,https://scholarships.gov.in,1
Rural Student Scholarship 1332,NGO Foundation,All,Arunachal Pradesh,Male,All,Buddhist,Diploma,Upto 1L,70-80,"Rs 15,000/year",11/28,https://scholarships.gov.in,1
First Generation Learner Award 1333,State Education Board,Management,Mizoram,All,All,Sikh,Diploma,No Limit,50-60,"Rs 35,000/year",9/31,https://scholarships.gov.in,1
Single Parent Child Scholarship 1334,Trust Fund,Law,Delhi,All,OBC,Buddhist,Undergraduate,Upto 8L,50-60,"Rs 3,000/year",11/30,https://scholarships.gov.in,1
Sports & Academics Scholarship 1335,Zilla Parishad,Education,Nagaland,Male,General,Sikh,Diploma,Upto 8L,Above 75,"Rs 5,000/year",10/30,https://scholarships.gov.in,1
BPL Student Aid 1336,NGO Foundation,Education,Tripura,Male,EWS,Christian,PhD,No Limit,80-90,"Rs 1,000/year",11/28,https://scholarships.gov.in,1
Single Parent Child Scholarship 1337,District Collector Office,Biotechnology,Assam,All,General,Jain,PhD,Upto 2.5L,60-70,"Rs 30,000/year",9/30,https://scholarships.gov.in,1
District Topper Scholarship 1338,NGO Foundation,Biotechnology,Jharkhand,Female,All,Buddhist,Diploma,No Limit,Above 60,"Rs 35,000/year",12/31,https://scholarships.gov.in,1
First Generation Learner Award 1339,Trust Fund,Agriculture,Rajasthan,All,EWS,Sikh,Class 10,Upto 5L,Above 75,"Rs 35,000/year",10/28,https://scholarships.gov.in,1
BPL Student Aid 1340,NGO Foundation,Education,Tamil Nadu,All,General,Muslim,Class 12,Upto 5L,60-70,"Rs 15,000/year",9/30,https://scholarships.gov.in,1
Rural Student Scholarship 1341,Trust Fund,Design,Tamil Nadu,All,General,Muslim,Class 10,Upto 1L,60-70,"Rs 3,000/year",9/31,https://scholarships.gov.in,1
Academic Excellence Grant 1342,District Collector Office,Education,Bihar,Female,ST,Christian,Class 10,Upto 2.5L,Above 75,"Rs 5,000/year",9/29,https://scholarships.gov.in,1
Backward Class Merit Award 1343,NGO Foundation,Agriculture,West Bengal,Male,General,Muslim,PhD,Upto 8L,50-60,"Rs 40,000/year",12/30,https://scholarships.gov.in,1
Backward Class Merit Award 1344,Trust Fund,Arts/Commerce,Madhya Pradesh,Female,EWS,Sikh,Class 10,Upto 2.5L,Above 75,"Rs 30,000/year",9/31,https://scholarships.gov.in,1
BPL Student Aid 1345,District Collector Office,Biotechnology,Karnataka,Male,General,Sikh,Class 10,Upto 8L,Above 60,"Rs 12,000/year",12/28,https://scholarships.gov.in,1
Backward Class Merit Award 1346,Zilla Parishad,Architecture,Telangana,Male,Minority,Christian,Diploma,Upto 1L,80-90,"Rs 5,000/year",12/29,https://scholarships.gov.in,1
Sports & Academics Scholarship 1347,NGO Foundation,Law,Delhi,Male,OBC,Hindu,PhD,Upto 1L,60-70,"Rs 8,000/year",12/31,https://scholarships.gov.in,1
Backward Class Merit Award 1348,State Education Board,Pharmacy,Odisha,Male,SC,Christian,Class 10,Upto 2.5L,Above 75,"Rs 50,000/year",11/28,https://scholarships.gov.in,1
Rural Student Scholarship 1349,Zilla Parishad,Journalism,Telangana,Female,SC,Hindu,Postgraduate,No Limit,50-60,"Rs 40,000/year",10/29,https://scholarships.gov.in,1
Academic Excellence Grant 1350,Zilla Parishad,Science,Maharashtra,All,OBC,Sikh,PhD,Upto 5L,50-60,"Rs 15,000/year",11/31,https://scholarships.gov.in,1
Women in STEM Scholarship 1351,NGO Foundation,Agriculture,Delhi,Male,ST,Buddhist,PhD,Upto 2.5L,60-70,"Rs 50,000/year",12/31,https://scholarships.gov.in,1
District Topper Scholarship 1352,District Collector Office,Science,Nagaland,Female,EWS,Muslim,Undergraduate,Upto 8L,Above 60,"Rs 35,000/year",12/28,https://scholarships.gov.in,1
Academic Excellence Grant 1353,District Collector Office,Science,Meghalaya,Female,OBC,Buddhist,Class 10,No Limit,90-100,"Rs 50,000/year",11/28,https://scholarships.gov.in,1
Women in STEM Scholarship 1354,Trust Fund,Arts/Commerce,Madhya Pradesh,Female,OBC,Sikh,Undergraduate,Upto 5L,60-70,"Rs 3,000/year",9/31,https://scholarships.gov.in,1
Rural Student Scholarship 1355,District Collector Office,Computer Science,Goa,Male,All,Jain,Postgraduate,Upto 8L,50-60,"Rs 5,000/year",11/30,https://scholarships.gov.in,1
Women in STEM Scholarship 1356,Trust Fund,Arts/Commerce,Maharashtra,Female,ST,Hindu,Class 12,Upto 8L,70-80,"Rs 60,000/year",12/30,https://scholarships.gov.in,1
First Generation Learner Award 1357,State Education Board,All,Haryana,Female,ST,Buddhist,Class 12,No Limit,80-90,"Rs 30,000/year",10/29,https://scholarships.gov.in,1
Women in STEM Scholarship 1358,State Education Board,Management,Nagaland,Male,General,Sikh,Class 12,Upto 2.5L,Above 60,"Rs 25,000/year",10/30,https://scholarships.gov.in,1
Backward Class Merit Award 1359,Trust Fund,All,Meghalaya,All,OBC,Hindu,Postgraduate,Upto 3.5L,50-60,"Rs 60,000/year",11/29,https://scholarships.gov.in,1
Backward Class Merit Award 1360,Zilla Parishad,Medical,Madhya Pradesh,All,ST,Buddhist,Class 12,No Limit,Above 60,"Rs 15,000/year",10/29,https://scholarships.gov.in,1
Women in STEM Scholarship 1361,NGO Foundation,Design,Goa,Female,SC,Muslim,PhD,Upto 2.5L,80-90,"Rs 1,500/year",12/30,https://scholarships.gov.in,1
Sports & Academics Scholarship 1362,Trust Fund,Arts/Commerce,Maharashtra,Female,SC,Jain,Class 12,Upto 5L,50-60,"Rs 25,000/year",9/30,https://scholarships.gov.in,1
BPL Student Aid 1363,Trust Fund,Medical,Meghalaya,Female,EWS,Muslim,Postgraduate,Upto 2.5L,90-100,"Rs 6,000/year",9/29,https://scholarships.gov.in,1
Rural Student Scholarship 1364,Trust Fund,Agriculture,Nagaland,Male,SC,Jain,Class 12,Upto 5L,80-90,"Rs 8,000/year",12/28,https://scholarships.gov.in,1
Backward Class Merit Award 1365,State Education Board,Science,Karnataka,All,Minority,All,Diploma,Upto 2.5L,80-90,"Rs 60,000/year",10/31,https://scholarships.gov.in,1
Backward Class Merit Award 1366,State Education Board,Management,Arunachal Pradesh,Male,All,All,PhD,Upto 1L,80-90,"Rs 1,000/year",9/28,https://scholarships.gov.in,1
Academic Excellence Grant 1367,NGO Foundation,All,Kerala,Male,General,Buddhist,Class 12,Upto 5L,90-100,"Rs 12,000/year",9/30,https://scholarships.gov.in,1
First Generation Learner Award 1368,Zilla Parishad,Arts/Commerce,Goa,Female,SC,Hindu,Diploma,Upto 3.5L,70-80,"Rs 35,000/year",11/30,https://scholarships.gov.in,1
BPL Student Aid 1369,Trust Fund,Education,Haryana,Female,OBC,Hindu,Diploma,Upto 5L,60-70,"Rs 5,000/year",12/30,https://scholarships.gov.in,1
Backward Class Merit Award 1370,District Collector Office,Journalism,Jammu & Kashmir,Male,SC,Christian,Postgraduate,Upto 5L,Above 60,"Rs 40,000/year",11/28,https://scholarships.gov.in,1
District Topper Scholarship 1371,Zilla Parishad,Computer Science,Assam,Male,Minority,All,PhD,Upto 1L,50-60,"Rs 20,000/year",10/28,https://scholarships.gov.in,1
BPL Student Aid 1372,Zilla Parishad,Science,Karnataka,Male,EWS,Jain,Diploma,No Limit,Above 60,"Rs 2,000/year",10/28,https://scholarships.gov.in,1
First Generation Learner Award 1373,State Education Board,Management,Meghalaya,Male,SC,Jain,Undergraduate,Upto 5L,Above 75,"Rs 1,500/year",12/29,https://scholarships.gov.in,1
Rural Student Scholarship 1374,NGO Foundation,Arts/Commerce,Sikkim,Male,All,Jain,Undergraduate,Upto 1L,50-60,"Rs 25,000/year",12/28,https://scholarships.gov.in,1
First Generation Learner Award 1375,State Education Board,Arts/Commerce,Sikkim,Male,SC,Jain,Class 12,Upto 3.5L,Above 75,"Rs 3,000/year",11/28,https://scholarships.gov.in,1
Best Student Award Scholarship 1376,NGO Foundation,Journalism,Assam,All,SC,All,Class 10,Upto 1L,Above 60,"Rs 1,500/year",11/28,https://scholarships.gov.in,1
Backward Class Merit Award 1377,NGO Foundation,Management,Bihar,Female,Minority,Muslim,Postgraduate,Upto 3.5L,Above 60,"Rs 20,000/year",9/29,https://scholarships.gov.in,1
Sports & Academics Scholarship 1378,Zilla Parishad,Biotechnology,Kerala,Female,Minority,Hindu,Diploma,Upto 1L,70-80,"Rs 6,000/year",12/29,https://scholarships.gov.in,1
Sports & Academics Scholarship 1379,District Collector Office,Journalism,Himachal Pradesh,All,SC,Buddhist,PhD,No Limit,60-70,"Rs 15,000/year",9/29,https://scholarships.gov.in,1
BPL Student Aid 1380,NGO Foundation,Arts/Commerce,Madhya Pradesh,All,Minority,Jain,Class 10,Upto 2.5L,50-60,"Rs 75,000/year",11/29,https://scholarships.gov.in,1
Rural Student Scholarship 1381,State Education Board,Design,Arunachal Pradesh,Male,Minority,Christian,Undergraduate,Upto 2.5L,Above 75,"Rs 35,000/year",10/28,https://scholarships.gov.in,1
Sports & Academics Scholarship 1382,NGO Foundation,Science,Uttar Pradesh,Female,General,Buddhist,Class 10,Upto 3.5L,Above 60,"Rs 1,500/year",11/29,https://scholarships.gov.in,1
District Topper Scholarship 1383,Zilla Parishad,Agriculture,Kerala,All,All,Sikh,Undergraduate,Upto 2.5L,Above 60,"Rs 50,000/year",9/29,https://scholarships.gov.in,1
Single Parent Child Scholarship 1384,NGO Foundation,Arts/Commerce,Assam,All,SC,Christian,Class 10,Upto 3.5L,60-70,"Rs 15,000/year",9/31,https://scholarships.gov.in,1
Academic Excellence Grant 1385,Trust Fund,Medical,Maharashtra,Male,All,Buddhist,Undergraduate,Upto 2.5L,90-100,"Rs 30,000/year",9/28,https://scholarships.gov.in,1
Academic Excellence Grant 1386,District Collector Office,Arts/Commerce,Manipur,All,EWS,Buddhist,Class 12,No Limit,80-90,"Rs 10,000/year",12/31,https://scholarships.gov.in,1
Single Parent Child Scholarship 1387,District Collector Office,Science,Mizoram,Female,ST,Buddhist,Postgraduate,Upto 1L,50-60,"Rs 15,000/year",10/30,https://scholarships.gov.in,1
Backward Class Merit Award 1388,Trust Fund,Management,Madhya Pradesh,Female,Minority,Hindu,Undergraduate,Upto 8L,90-100,"Rs 2,500/year",9/29,https://scholarships.gov.in,1
District Topper Scholarship 1389,NGO Foundation,Design,Nagaland,Male,All,All,PhD,Upto 1L,Above 60,"Rs 20,000/year",9/30,https://scholarships.gov.in,1
Academic Excellence Grant 1390,NGO Foundation,Law,Kerala,All,EWS,Jain,Postgraduate,No Limit,70-80,"Rs 3,000/year",12/29,https://scholarships.gov.in,1
BPL Student Aid 1391,District Collector Office,Science,Gujarat,Male,Minority,All,Diploma,Upto 5L,80-90,"Rs 20,000/year",9/28,https://scholarships.gov.in,1
Backward Class Merit Award 1392,State Education Board,Architecture,Manipur,Male,SC,Jain,PhD,Upto 1L,90-100,"Rs 5,000/year",9/30,https://scholarships.gov.in,1
Academic Excellence Grant 1393,NGO Foundation,Biotechnology,Odisha,All,All,Christian,Diploma,Upto 8L,Above 75,"Rs 2,500/year",12/29,https://scholarships.gov.in,1
Academic Excellence Grant 1394,Trust Fund,Design,Punjab,Female,All,Jain,Diploma,No Limit,Above 75,"Rs 35,000/year",12/30,https://scholarships.gov.in,1
Academic Excellence Grant 1395,NGO Foundation,Medical,Gujarat,All,EWS,Christian,Postgraduate,No Limit,50-60,"Rs 12,000/year",12/31,https://scholarships.gov.in,1
Best Student Award Scholarship 1396,Trust Fund,Agriculture,Uttar Pradesh,All,OBC,Muslim,Undergraduate,Upto 8L,50-60,"Rs 20,000/year",12/28,https://scholarships.gov.in,1
Women in STEM Scholarship 1397,Trust Fund,Agriculture,Uttar Pradesh,Female,SC,Jain,Undergraduate,Upto 5L,70-80,"Rs 60,000/year",12/31,https://scholarships.gov.in,1
Academic Excellence Grant 1398,Trust Fund,Biotechnology,Jharkhand,Female,SC,Christian,Class 12,No Limit,70-80,"Rs 35,000/year",10/29,https://scholarships.gov.in,1
Best Student Award Scholarship 1399,Trust Fund,Design,Karnataka,Male,ST,Muslim,Diploma,Upto 3.5L,90-100,"Rs 2,000/year",10/28,https://scholarships.gov.in,1
Single Parent Child Scholarship 1400,NGO Foundation,Pharmacy,Jharkhand,All,ST,All,Diploma,Upto 3.5L,50-60,"Rs 12,000/year",10/28,https://scholarships.gov.in,1
Best Student Award Scholarship 1401,Trust Fund,Biotechnology,Gujarat,Female,General,Jain,Class 12,No Limit,Above 60,"Rs 2,500/year",11/29,https://scholarships.gov.in,1
District Topper Scholarship 1402,NGO Foundation,Law,Odisha,Male,ST,Muslim,Class 10,No Limit,80-90,"Rs 5,000/year",12/29,https://scholarships.gov.in,1
Best Student Award Scholarship 1403,NGO Foundation,Design,Nagaland,Female,General,Muslim,Class 12,No Limit,60-70,"Rs 18,000/year",9/31,https://scholarships.gov.in,1
First Generation Learner Award 1404,State Education Board,Arts/Commerce,Mizoram,Male,OBC,All,Diploma,Upto 1L,Above 60,"Rs 8,000/year",10/29,https://scholarships.gov.in,1
First Generation Learner Award 1405,State Education Board,Arts/Commerce,Sikkim,Male,OBC,Muslim,Undergraduate,Upto 1L,80-90,"Rs 3,000/year",12/31,https://scholarships.gov.in,1
District Topper Scholarship 1406,NGO Foundation,Architecture,Meghalaya,Female,Minority,Hindu,Undergraduate,Upto 3.5L,90-100,"Rs 20,000/year",11/28,https://scholarships.gov.in,1
District Topper Scholarship 1407,NGO Foundation,Journalism,Karnataka,Female,All,Hindu,Class 10,Upto 8L,90-100,"Rs 20,000/year",12/30,https://scholarships.gov.in,1
District Topper Scholarship 1408,State Education Board,Agriculture,Tripura,Male,All,Buddhist,Diploma,Upto 2.5L,50-60,"Rs 5,000/year",12/30,https://scholarships.gov.in,1
Backward Class Merit Award 1409,Zilla Parishad,Computer Science,Jharkhand,All,All,Sikh,Class 10,No Limit,50-60,"Rs 20,000/year",9/29,https://scholarships.gov.in,1
BPL Student Aid 1410,Trust Fund,All,Meghalaya,Female,All,Christian,Postgraduate,No Limit,70-80,"Rs 40,000/year",10/29,https://scholarships.gov.in,1
Single Parent Child Scholarship 1411,NGO Foundation,Computer Science,Tripura,Female,ST,Hindu,Diploma,No Limit,80-90,"Rs 15,000/year",9/29,https://scholarships.gov.in,1
Rural Student Scholarship 1412,Zilla Parishad,Engineering,West Bengal,Female,ST,Christian,Postgraduate,Upto 3.5L,90-100,"Rs 3,000/year",10/31,https://scholarships.gov.in,1
Best Student Award Scholarship 1413,Trust Fund,Arts/Commerce,Kerala,Female,ST,Buddhist,Postgraduate,Upto 5L,90-100,"Rs 10,000/year",11/30,https://scholarships.gov.in,1
BPL Student Aid 1414,State Education Board,Computer Science,Bihar,All,All,Sikh,Class 12,Upto 3.5L,Above 60,"Rs 60,000/year",9/28,https://scholarships.gov.in,1
Backward Class Merit Award 1415,Trust Fund,Education,Tripura,Male,All,Sikh,Class 12,Upto 2.5L,80-90,"Rs 30,000/year",11/31,https://scholarships.gov.in,1
Sports & Academics Scholarship 1416,Zilla Parishad,All,Bihar,All,All,Sikh,Class 10,No Limit,80-90,"Rs 60,000/year",12/28,https://scholarships.gov.in,1
Single Parent Child Scholarship 1417,Zilla Parishad,Law,Goa,All,OBC,Muslim,Class 10,Upto 5L,80-90,"Rs 25,000/year",10/31,https://scholarships.gov.in,1
Best Student Award Scholarship 1418,Zilla Parishad,Law,Punjab,Female,All,All,Class 12,Upto 3.5L,Above 60,"Rs 2,000/year",12/31,https://scholarships.gov.in,1
Single Parent Child Scholarship 1419,NGO Foundation,Science,Assam,Male,ST,Christian,Diploma,Upto 2.5L,60-70,"Rs 50,000/year",10/30,https://scholarships.gov.in,1
Academic Excellence Grant 1420,District Collector Office,Journalism,Maharashtra,Male,Minority,Hindu,Undergraduate,Upto 3.5L,90-100,"Rs 12,000/year",12/30,https://scholarships.gov.in,1
Women in STEM Scholarship 1421,Trust Fund,Education,Delhi,Male,General,All,Postgraduate,Upto 2.5L,Above 75,"Rs 30,000/year",9/28,https://scholarships.gov.in,1
Backward Class Merit Award 1422,Zilla Parishad,Biotechnology,Arunachal Pradesh,Female,Minority,All,Class 12,No Limit,50-60,"Rs 12,000/year",11/31,https://scholarships.gov.in,1
Single Parent Child Scholarship 1423,Trust Fund,Management,Jammu & Kashmir,Male,OBC,Muslim,Class 10,Upto 3.5L,Above 75,"Rs 15,000/year",11/28,https://scholarships.gov.in,1
Women in STEM Scholarship 1424,Trust Fund,All,Maharashtra,Female,OBC,Buddhist,Undergraduate,Upto 2.5L,80-90,"Rs 75,000/year",11/29,https://scholarships.gov.in,1
Academic Excellence Grant 1425,NGO Foundation,Arts/Commerce,Mizoram,All,All,All,Diploma,Upto 2.5L,80-90,"Rs 1,500/year",11/29,https://scholarships.gov.in,1
Backward Class Merit Award 1426,District Collector Office,Pharmacy,Arunachal Pradesh,All,ST,Jain,Diploma,Upto 8L,90-100,"Rs 1,000/year",10/31,https://scholarships.gov.in,1
District Topper Scholarship 1427,District Collector Office,Law,Punjab,All,EWS,Sikh,Undergraduate,No Limit,Above 75,"Rs 5,000/year",9/28,https://scholarships.gov.in,1
Women in STEM Scholarship 1428,State Education Board,Management,Gujarat,Female,OBC,All,Diploma,Upto 1L,60-70,"Rs 15,000/year",9/28,https://scholarships.gov.in,1
BPL Student Aid 1429,Trust Fund,Law,Gujarat,Male,OBC,Buddhist,Class 12,Upto 2.5L,80-90,"Rs 2,000/year",12/29,https://scholarships.gov.in,1
First Generation Learner Award 1430,District Collector Office,Architecture,Tripura,Female,EWS,Buddhist,Postgraduate,Upto 3.5L,Above 60,"Rs 5,000/year",9/30,https://scholarships.gov.in,1
Academic Excellence Grant 1431,NGO Foundation,Management,Assam,All,Minority,Christian,Diploma,Upto 2.5L,70-80,"Rs 75,000/year",12/28,https://scholarships.gov.in,1
Best Student Award Scholarship 1432,District Collector Office,Law,West Bengal,Female,All,All,Diploma,Upto 2.5L,50-60,"Rs 18,000/year",11/28,https://scholarships.gov.in,1
Sports & Academics Scholarship 1433,District Collector Office,Education,Arunachal Pradesh,Male,OBC,Hindu,PhD,Upto 3.5L,Above 60,"Rs 25,000/year",10/31,https://scholarships.gov.in,1
Academic Excellence Grant 1434,State Education Board,Engineering,Rajasthan,Male,SC,Christian,Class 10,Upto 8L,60-70,"Rs 12,000/year",10/28,https://scholarships.gov.in,1
Academic Excellence Grant 1435,Trust Fund,Medical,Andhra Pradesh,All,EWS,Buddhist,Class 10,Upto 1L,80-90,"Rs 20,000/year",11/29,https://scholarships.gov.in,1
Rural Student Scholarship 1436,NGO Foundation,Arts/Commerce,Madhya Pradesh,All,OBC,Jain,Class 12,Upto 3.5L,50-60,"Rs 2,500/year",9/30,https://scholarships.gov.in,1
Backward Class Merit Award 1437,District Collector Office,Engineering,Tamil Nadu,Female,General,Hindu,Diploma,Upto 5L,50-60,"Rs 50,000/year",11/29,https://scholarships.gov.in,1
Women in STEM Scholarship 1438,District Collector Office,Education,Bihar,All,General,All,PhD,Upto 2.5L,80-90,"Rs 25,000/year",9/29,https://scholarships.gov.in,1
Sports & Academics Scholarship 1439,NGO Foundation,Arts/Commerce,Madhya Pradesh,All,EWS,Christian,PhD,Upto 2.5L,80-90,"Rs 25,000/year",12/28,https://scholarships.gov.in,1
Rural Student Scholarship 1440,NGO Foundation,Management,Delhi,Male,All,Muslim,Undergraduate,Upto 5L,80-90,"Rs 35,000/year",9/30,https://scholarships.gov.in,1
BPL Student Aid 1441,District Collector Office,Agriculture,Kerala,Male,All,Buddhist,Class 10,Upto 5L,90-100,"Rs 3,000/year",12/31,https://scholarships.gov.in,1
Single Parent Child Scholarship 1442,District Collector Office,Agriculture,Uttar Pradesh,Female,All,Christian,Postgraduate,Upto 5L,90-100,"Rs 35,000/year",12/30,https://scholarships.gov.in,1
Rural Student Scholarship 1443,NGO Foundation,Arts/Commerce,Kerala,Female,SC,Hindu,Undergraduate,Upto 8L,90-100,"Rs 30,000/year",9/28,https://scholarships.gov.in,1
Single Parent Child Scholarship 1444,Trust Fund,Biotechnology,West Bengal,Female,OBC,Jain,Class 10,Upto 3.5L,60-70,"Rs 10,000/year",11/31,https://scholarships.gov.in,1
Best Student Award Scholarship 1445,Zilla Parishad,Journalism,Nagaland,Female,All,Muslim,PhD,Upto 3.5L,Above 75,"Rs 5,000/year",10/31,https://scholarships.gov.in,1
Rural Student Scholarship 1446,State Education Board,Arts/Commerce,Assam,Female,ST,Buddhist,Class 12,Upto 3.5L,50-60,"Rs 25,000/year",11/28,https://scholarships.gov.in,1
Rural Student Scholarship 1447,State Education Board,Journalism,Haryana,Female,SC,Buddhist,Class 12,Upto 5L,50-60,"Rs 18,000/year",10/31,https://scholarships.gov.in,1
Backward Class Merit Award 1448,Zilla Parishad,Education,Karnataka,All,OBC,Sikh,Undergraduate,Upto 8L,60-70,"Rs 3,000/year",10/30,https://scholarships.gov.in,1
Rural Student Scholarship 1449,NGO Foundation,Architecture,Himachal Pradesh,All,General,Christian,Diploma,Upto 5L,90-100,"Rs 35,000/year",12/30,https://scholarships.gov.in,1
Best Student Award Scholarship 1450,District Collector Office,Science,Meghalaya,Female,All,Christian,Undergraduate,Upto 1L,80-90,"Rs 20,000/year",12/31,https://scholarships.gov.in,1
Rural Student Scholarship 1451,State Education Board,All,Punjab,All,ST,Christian,Class 10,No Limit,90-100,"Rs 20,000/year",12/30,https://scholarships.gov.in,1
Rural Student Scholarship 1452,Trust Fund,Arts/Commerce,Assam,Female,EWS,Buddhist,Undergraduate,Upto 8L,Above 60,"Rs 25,000/year",10/29,https://scholarships.gov.in,1
Sports & Academics Scholarship 1453,NGO Foundation,Pharmacy,Telangana,All,OBC,Muslim,Diploma,Upto 3.5L,90-100,"Rs 25,000/year",12/29,https://scholarships.gov.in,1
First Generation Learner Award 1454,NGO Foundation,Biotechnology,Tamil Nadu,Male,OBC,Buddhist,Postgraduate,Upto 2.5L,60-70,"Rs 60,000/year",10/28,https://scholarships.gov.in,1
BPL Student Aid 1455,State Education Board,Computer Science,Jharkhand,All,EWS,Christian,Undergraduate,Upto 8L,Above 60,"Rs 60,000/year",11/31,https://scholarships.gov.in,1
Academic Excellence Grant 1456,Zilla Parishad,Agriculture,Arunachal Pradesh,Male,EWS,Hindu,Diploma,Upto 3.5L,90-100,"Rs 10,000/year",9/28,https://scholarships.gov.in,1
Single Parent Child Scholarship 1457,Trust Fund,Law,Gujarat,Male,ST,Sikh,Class 10,Upto 8L,50-60,"Rs 18,000/year",12/28,https://scholarships.gov.in,1
First Generation Learner Award 1458,Trust Fund,Management,Delhi,All,OBC,Buddhist,PhD,Upto 8L,90-100,"Rs 6,000/year",12/31,https://scholarships.gov.in,1
Academic Excellence Grant 1459,State Education Board,Pharmacy,Uttarakhand,All,OBC,Sikh,Diploma,No Limit,Above 75,"Rs 20,000/year",9/30,https://scholarships.gov.in,1
Women in STEM Scholarship 1460,NGO Foundation,Architecture,Telangana,Male,General,All,Postgraduate,Upto 2.5L,60-70,"Rs 75,000/year",9/30,https://scholarships.gov.in,1
Sports & Academics Scholarship 1461,Trust Fund,Engineering,Uttar Pradesh,All,OBC,Jain,Postgraduate,Upto 5L,60-70,"Rs 3,000/year",11/28,https://scholarships.gov.in,1
Backward Class Merit Award 1462,Zilla Parishad,Architecture,Kerala,Female,SC,Muslim,Class 10,Upto 2.5L,70-80,"Rs 8,000/year",9/28,https://scholarships.gov.in,1
Best Student Award Scholarship 1463,District Collector Office,Architecture,Delhi,All,EWS,Jain,PhD,Upto 5L,50-60,"Rs 60,000/year",12/29,https://scholarships.gov.in,1
Best Student Award Scholarship 1464,Trust Fund,Pharmacy,Telangana,Male,EWS,Sikh,PhD,Upto 3.5L,50-60,"Rs 50,000/year",9/31,https://scholarships.gov.in,1
District Topper Scholarship 1465,State Education Board,Architecture,Bihar,Female,General,Christian,PhD,Upto 8L,50-60,"Rs 1,000/year",11/31,https://scholarships.gov.in,1
District Topper Scholarship 1466,District Collector Office,Pharmacy,Maharashtra,All,EWS,Sikh,Undergraduate,No Limit,Above 75,"Rs 50,000/year",12/31,https://scholarships.gov.in,1
BPL Student Aid 1467,Trust Fund,Management,Nagaland,All,OBC,Sikh,Diploma,No Limit,80-90,"Rs 8,000/year",9/31,https://scholarships.gov.in,1
Women in STEM Scholarship 1468,Trust Fund,Law,Gujarat,Male,ST,Sikh,Postgraduate,Upto 1L,Above 75,"Rs 12,000/year",9/28,https://scholarships.gov.in,1
Backward Class Merit Award 1469,NGO Foundation,Journalism,Goa,Male,OBC,All,Class 10,Upto 5L,60-70,"Rs 50,000/year",10/31,https://scholarships.gov.in,1
Women in STEM Scholarship 1470,State Education Board,Education,Himachal Pradesh,Male,General,Sikh,Undergraduate,Upto 8L,50-60,"Rs 8,000/year",9/30,https://scholarships.gov.in,1
Best Student Award Scholarship 1471,District Collector Office,Design,Nagaland,Female,General,Muslim,Postgraduate,Upto 3.5L,60-70,"Rs 25,000/year",12/29,https://scholarships.gov.in,1
Academic Excellence Grant 1472,Trust Fund,Pharmacy,Madhya Pradesh,All,All,Hindu,Postgraduate,No Limit,60-70,"Rs 35,000/year",10/28,https://scholarships.gov.in,1
Backward Class Merit Award 1473,Zilla Parishad,All,Madhya Pradesh,Female,Minority,Buddhist,Class 12,Upto 1L,70-80,"Rs 8,000/year",11/30,https://scholarships.gov.in,1
Academic Excellence Grant 1474,State Education Board,Computer Science,Manipur,Male,All,Christian,Class 12,No Limit,60-70,"Rs 10,000/year",12/29,https://scholarships.gov.in,1
BPL Student Aid 1475,NGO Foundation,Pharmacy,Andhra Pradesh,Male,General,Jain,Postgraduate,No Limit,50-60,"Rs 1,000/year",11/29,https://scholarships.gov.in,1
Rural Student Scholarship 1476,Zilla Parishad,Medical,Jharkhand,All,EWS,All,Postgraduate,Upto 1L,50-60,"Rs 50,000/year",11/29,https://scholarships.gov.in,1
Single Parent Child Scholarship 1477,Trust Fund,Science,Odisha,Female,Minority,Sikh,Class 10,Upto 3.5L,70-80,"Rs 5,000/year",11/29,https://scholarships.gov.in,1
BPL Student Aid 1478,Trust Fund,All,Bihar,All,All,Hindu,PhD,Upto 2.5L,80-90,"Rs 20,000/year",10/29,https://scholarships.gov.in,1
Single Parent Child Scholarship 1479,NGO Foundation,Arts/Commerce,Haryana,All,OBC,Hindu,Postgraduate,No Limit,80-90,"Rs 8,000/year",11/30,https://scholarships.gov.in,1
Women in STEM Scholarship 1480,State Education Board,Law,Arunachal Pradesh,Female,Minority,All,Diploma,Upto 3.5L,50-60,"Rs 15,000/year",10/31,https://scholarships.gov.in,1
Sports & Academics Scholarship 1481,State Education Board,Medical,Sikkim,All,OBC,Christian,Diploma,Upto 1L,Above 75,"Rs 6,000/year",10/29,https://scholarships.gov.in,1
Best Student Award Scholarship 1482,State Education Board,Medical,Odisha,All,Minority,Sikh,Diploma,No Limit,70-80,"Rs 10,000/year",12/28,https://scholarships.gov.in,1
Best Student Award Scholarship 1483,District Collector Office,Architecture,Manipur,All,OBC,Christian,Diploma,Upto 2.5L,60-70,"Rs 5,000/year",12/28,https://scholarships.gov.in,1
Best Student Award Scholarship 1484,District Collector Office,Science,Maharashtra,Female,EWS,Hindu,Undergraduate,Upto 1L,50-60,"Rs 1,500/year",11/29,https://scholarships.gov.in,1
Single Parent Child Scholarship 1485,State Education Board,Medical,Sikkim,All,OBC,Jain,Postgraduate,Upto 3.5L,80-90,"Rs 60,000/year",12/31,https://scholarships.gov.in,1
Women in STEM Scholarship 1486,District Collector Office,Medical,Chhattisgarh,All,OBC,Muslim,Postgraduate,Upto 2.5L,Above 75,"Rs 5,000/year",9/30,https://scholarships.gov.in,1
Backward Class Merit Award 1487,Zilla Parishad,Engineering,Odisha,Female,General,Buddhist,Class 12,Upto 2.5L,60-70,"Rs 50,000/year",11/29,https://scholarships.gov.in,1
Single Parent Child Scholarship 1488,State Education Board,Management,West Bengal,Female,ST,Jain,Class 10,Upto 1L,50-60,"Rs 40,000/year",9/31,https://scholarships.gov.in,1
Academic Excellence Grant 1489,Trust Fund,Science,Gujarat,Male,All,Jain,Class 12,Upto 3.5L,Above 75,"Rs 15,000/year",10/29,https://scholarships.gov.in,1
BPL Student Aid 1490,Zilla Parishad,Arts/Commerce,Mizoram,All,SC,Sikh,Postgraduate,Upto 1L,80-90,"Rs 60,000/year",12/30,https://scholarships.gov.in,1
Best Student Award Scholarship 1491,State Education Board,Arts/Commerce,Delhi,All,ST,Christian,Class 12,Upto 8L,80-90,"Rs 10,000/year",9/29,https://scholarships.gov.in,1
First Generation Learner Award 1492,Zilla Parishad,Computer Science,Delhi,Male,SC,Hindu,Undergraduate,Upto 2.5L,50-60,"Rs 6,000/year",11/30,https://scholarships.gov.in,1
First Generation Learner Award 1493,NGO Foundation,Agriculture,Delhi,Male,SC,Sikh,PhD,Upto 8L,Above 60,"Rs 6,000/year",12/31,https://scholarships.gov.in,1
Backward Class Merit Award 1494,Zilla Parishad,Agriculture,Madhya Pradesh,Female,Minority,Muslim,Undergraduate,Upto 5L,Above 60,"Rs 2,000/year",10/30,https://scholarships.gov.in,1
Sports & Academics Scholarship 1495,Trust Fund,Medical,Jharkhand,All,ST,Buddhist,Diploma,No Limit,Above 60,"Rs 3,000/year",11/30,https://scholarships.gov.in,1
First Generation Learner Award 1496,Trust Fund,Agriculture,Telangana,All,EWS,All,Class 10,Upto 8L,80-90,"Rs 60,000/year",10/31,https://scholarships.gov.in,1
Rural Student Scholarship 1497,Zilla Parishad,Arts/Commerce,Punjab,Female,OBC,Buddhist,Class 10,Upto 5L,60-70,"Rs 20,000/year",11/30,https://scholarships.gov.in,1
First Generation Learner Award 1498,NGO Foundation,Biotechnology,Haryana,All,General,Buddhist,Class 12,Upto 3.5L,60-70,"Rs 2,500/year",9/29,https://scholarships.gov.in,1
Rural Student Scholarship 1499,District Collector Office,Biotechnology,Chhattisgarh,Female,SC,Muslim,Postgraduate,Upto 3.5L,70-80,"Rs 12,000/year",12/30,https://scholarships.gov.in,1
Backward Class Merit Award 1500,Zilla Parishad,Science,Punjab,Male,All,Muslim,Class 10,Upto 3.5L,70-80,"Rs 12,000/year",12/29,https://scholarships.gov.in,1
District Topper Scholarship 1501,District Collector Office,Management,Sikkim,Male,Minority,Jain,Postgraduate,Upto 1L,Above 75,"Rs 2,500/year",12/30,https://scholarships.gov.in,1
Backward Class Merit Award 1502,NGO Foundation,Law,Maharashtra,All,ST,Muslim,Postgraduate,Upto 3.5L,90-100,"Rs 18,000/year",12/31,https://scholarships.gov.in,1
District Topper Scholarship 1503,NGO Foundation,Architecture,Manipur,All,EWS,Sikh,Postgraduate,Upto 1L,90-100,"Rs 75,000/year",9/29,https://scholarships.gov.in,1
Backward Class Merit Award 1504,Trust Fund,Biotechnology,Mizoram,Male,Minority,Jain,Postgraduate,Upto 5L,80-90,"Rs 2,000/year",12/30,https://scholarships.gov.in,1
Academic Excellence Grant 1505,District Collector Office,Journalism,Madhya Pradesh,All,All,All,PhD,Upto 1L,90-100,"Rs 8,000/year",12/29,https://scholarships.gov.in,1
Backward Class Merit Award 1506,District Collector Office,Engineering,Tripura,Female,SC,Hindu,Diploma,No Limit,Above 60,"Rs 20,000/year",9/31,https://scholarships.gov.in,1
Rural Student Scholarship 1507,Zilla Parishad,Arts/Commerce,Rajasthan,Male,EWS,Christian,Diploma,Upto 5L,90-100,"Rs 6,000/year",9/31,https://scholarships.gov.in,1
Backward Class Merit Award 1508,Zilla Parishad,Medical,Delhi,Female,Minority,Jain,Diploma,Upto 5L,50-60,"Rs 18,000/year",9/31,https://scholarships.gov.in,1
Sports & Academics Scholarship 1509,State Education Board,Agriculture,Punjab,Male,All,Hindu,Class 12,No Limit,Above 75,"Rs 2,500/year",10/31,https://scholarships.gov.in,1
BPL Student Aid 1510,Zilla Parishad,Law,Goa,Male,All,Muslim,Class 10,Upto 5L,60-70,"Rs 18,000/year",11/30,https://scholarships.gov.in,1
Best Student Award Scholarship 1511,Trust Fund,Agriculture,Telangana,Female,All,Hindu,Class 12,Upto 2.5L,60-70,"Rs 1,000/year",11/30,https://scholarships.gov.in,1
Sports & Academics Scholarship 1512,NGO Foundation,Management,Punjab,Female,ST,All,Diploma,No Limit,Above 75,"Rs 60,000/year",10/31,https://scholarships.gov.in,1
Single Parent Child Scholarship 1513,Trust Fund,Law,Chhattisgarh,Female,Minority,Christian,Undergraduate,No Limit,90-100,"Rs 3,000/year",9/30,https://scholarships.gov.in,1
Single Parent Child Scholarship 1514,Zilla Parishad,Science,Jharkhand,Female,EWS,Buddhist,Diploma,Upto 3.5L,Above 60,"Rs 20,000/year",9/31,https://scholarships.gov.in,1
BPL Student Aid 1515,Zilla Parishad,Engineering,Uttar Pradesh,Female,Minority,Jain,PhD,Upto 3.5L,Above 60,"Rs 10,000/year",12/29,https://scholarships.gov.in,1
First Generation Learner Award 1516,State Education Board,All,Haryana,All,EWS,Muslim,Class 12,Upto 8L,80-90,"Rs 1,500/year",12/30,https://scholarships.gov.in,1
Best Student Award Scholarship 1517,NGO Foundation,Journalism,Chhattisgarh,Female,General,Christian,Class 12,Upto 2.5L,50-60,"Rs 75,000/year",10/30,https://scholarships.gov.in,1
Rural Student Scholarship 1518,NGO Foundation,Agriculture,Delhi,Female,SC,Sikh,Undergraduate,Upto 8L,60-70,"Rs 20,000/year",11/28,https://scholarships.gov.in,1
Academic Excellence Grant 1519,NGO Foundation,Engineering,Gujarat,All,General,All,Postgraduate,Upto 2.5L,90-100,"Rs 15,000/year",11/31,https://scholarships.gov.in,1
Academic Excellence Grant 1520,Zilla Parishad,Law,Haryana,Female,General,Jain,Class 10,Upto 1L,80-90,"Rs 60,000/year",12/29,https://scholarships.gov.in,1
District Topper Scholarship 1521,Trust Fund,All,Chhattisgarh,All,Minority,Hindu,Class 12,Upto 5L,80-90,"Rs 50,000/year",12/29,https://scholarships.gov.in,1
BPL Student Aid 1522,State Education Board,Design,Chhattisgarh,Female,EWS,Buddhist,Class 10,Upto 5L,70-80,"Rs 15,000/year",10/30,https://scholarships.gov.in,1
Sports & Academics Scholarship 1523,State Education Board,Engineering,Assam,All,All,Hindu,Class 10,Upto 3.5L,50-60,"Rs 50,000/year",9/30,https://scholarships.gov.in,1
Backward Class Merit Award 1524,District Collector Office,Agriculture,Himachal Pradesh,Female,ST,Christian,Undergraduate,Upto 1L,90-100,"Rs 1,000/year",12/30,https://scholarships.gov.in,1
BPL Student Aid 1525,Zilla Parishad,Education,Assam,Male,OBC,Christian,Class 10,Upto 8L,50-60,"Rs 5,000/year",9/31,https://scholarships.gov.in,1
Single Parent Child Scholarship 1526,Trust Fund,Education,Andhra Pradesh,All,General,Buddhist,Postgraduate,No Limit,Above 60,"Rs 1,000/year",12/31,https://scholarships.gov.in,1
Single Parent Child Scholarship 1527,Trust Fund,Pharmacy,Nagaland,Male,EWS,Muslim,Class 10,No Limit,90-100,"Rs 2,500/year",12/29,https://scholarships.gov.in,1
Rural Student Scholarship 1528,State Education Board,Agriculture,Uttarakhand,All,SC,Hindu,Diploma,Upto 2.5L,Above 60,"Rs 2,000/year",12/28,https://scholarships.gov.in,1
BPL Student Aid 1529,Zilla Parishad,Arts/Commerce,Maharashtra,Male,Minority,Christian,Class 12,Upto 3.5L,Above 60,"Rs 6,000/year",12/31,https://scholarships.gov.in,1
Academic Excellence Grant 1530,State Education Board,Law,Nagaland,Male,OBC,Muslim,Postgraduate,Upto 1L,60-70,"Rs 75,000/year",9/28,https://scholarships.gov.in,1
Single Parent Child Scholarship 1531,District Collector Office,Education,West Bengal,Male,EWS,Buddhist,PhD,Upto 3.5L,80-90,"Rs 30,000/year",10/30,https://scholarships.gov.in,1
Sports & Academics Scholarship 1532,Zilla Parishad,All,Rajasthan,Female,SC,Hindu,Undergraduate,Upto 3.5L,70-80,"Rs 5,000/year",9/29,https://scholarships.gov.in,1
Backward Class Merit Award 1533,Zilla Parishad,Biotechnology,Goa,Male,OBC,Sikh,Postgraduate,Upto 8L,80-90,"Rs 50,000/year",9/30,https://scholarships.gov.in,1
Single Parent Child Scholarship 1534,Trust Fund,Journalism,Uttarakhand,All,General,Christian,Diploma,Upto 8L,Above 75,"Rs 20,000/year",11/30,https://scholarships.gov.in,1
District Topper Scholarship 1535,District Collector Office,Medical,Mizoram,Female,SC,Christian,Undergraduate,Upto 3.5L,60-70,"Rs 6,000/year",9/30,https://scholarships.gov.in,1
BPL Student Aid 1536,Trust Fund,Medical,Gujarat,All,All,All,Diploma,Upto 3.5L,80-90,"Rs 50,000/year",9/29,https://scholarships.gov.in,1
Rural Student Scholarship 1537,Zilla Parishad,Medical,Nagaland,All,All,Muslim,Diploma,Upto 3.5L,Above 60,"Rs 6,000/year",10/29,https://scholarships.gov.in,1
Rural Student Scholarship 1538,NGO Foundation,Medical,Tripura,All,General,Sikh,Class 12,Upto 1L,90-100,"Rs 3,000/year",12/30,https://scholarships.gov.in,1
Backward Class Merit Award 1539,Zilla Parishad,Medical,Tamil Nadu,Female,Minority,Hindu,Postgraduate,No Limit,Above 60,"Rs 3,000/year",10/31,https://scholarships.gov.in,1
Rural Student Scholarship 1540,State Education Board,Architecture,Telangana,Male,General,Hindu,Diploma,Upto 2.5L,70-80,"Rs 8,000/year",10/29,https://scholarships.gov.in,1
Single Parent Child Scholarship 1541,District Collector Office,Computer Science,Gujarat,All,EWS,Hindu,Diploma,Upto 1L,Above 60,"Rs 15,000/year",11/29,https://scholarships.gov.in,1
Best Student Award Scholarship 1542,Zilla Parishad,Medical,Goa,Female,OBC,Jain,Postgraduate,Upto 5L,90-100,"Rs 50,000/year",10/29,https://scholarships.gov.in,1
Single Parent Child Scholarship 1543,State Education Board,Journalism,Assam,All,Minority,All,Class 10,Upto 5L,80-90,"Rs 12,000/year",10/30,https://scholarships.gov.in,1
Sports & Academics Scholarship 1544,NGO Foundation,Education,Andhra Pradesh,Female,EWS,Christian,Diploma,Upto 2.5L,50-60,"Rs 6,000/year",11/30,https://scholarships.gov.in,1
Women in STEM Scholarship 1545,State Education Board,All,Sikkim,All,Minority,Buddhist,Postgraduate,No Limit,60-70,"Rs 8,000/year",12/28,https://scholarships.gov.in,1
First Generation Learner Award 1546,State Education Board,Computer Science,Sikkim,All,ST,Sikh,Undergraduate,Upto 5L,50-60,"Rs 8,000/year",9/30,https://scholarships.gov.in,1
Sports & Academics Scholarship 1547,District Collector Office,Architecture,Nagaland,Female,ST,Buddhist,Diploma,Upto 8L,Above 60,"Rs 3,000/year",12/29,https://scholarships.gov.in,1
Rural Student Scholarship 1548,NGO Foundation,Journalism,Rajasthan,Female,General,Christian,Class 12,Upto 2.5L,80-90,"Rs 60,000/year",12/29,https://scholarships.gov.in,1
Backward Class Merit Award 1549,NGO Foundation,Education,Odisha,Female,EWS,Buddhist,Class 12,No Limit,70-80,"Rs 40,000/year",11/28,https://scholarships.gov.in,1
Best Student Award Scholarship 1550,Zilla Parishad,Architecture,Arunachal Pradesh,Female,Minority,Buddhist,Diploma,Upto 8L,90-100,"Rs 2,500/year",12/30,https://scholarships.gov.in,1
First Generation Learner Award 1551,NGO Foundation,Management,Odisha,All,OBC,Jain,Diploma,Upto 8L,Above 60,"Rs 12,000/year",11/29,https://scholarships.gov.in,1
Single Parent Child Scholarship 1552,NGO Foundation,Medical,Telangana,Male,General,Buddhist,Diploma,Upto 2.5L,60-70,"Rs 15,000/year",9/31,https://scholarships.gov.in,1
Rural Student Scholarship 1553,State Education Board,Architecture,Kerala,All,General,Muslim,Class 10,Upto 5L,90-100,"Rs 5,000/year",11/29,https://scholarships.gov.in,1
Sports & Academics Scholarship 1554,NGO Foundation,Education,Mizoram,All,General,Jain,Class 10,Upto 2.5L,80-90,"Rs 10,000/year",10/28,https://scholarships.gov.in,1
Best Student Award Scholarship 1555,District Collector Office,Medical,Sikkim,Male,SC,Christian,Undergraduate,Upto 2.5L,50-60,"Rs 5,000/year",11/30,https://scholarships.gov.in,1
Best Student Award Scholarship 1556,Trust Fund,Architecture,Maharashtra,Female,General,Hindu,Class 12,Upto 2.5L,Above 75,"Rs 25,000/year",10/30,https://scholarships.gov.in,1
District Topper Scholarship 1557,District Collector Office,Management,Goa,All,General,All,Class 12,Upto 3.5L,60-70,"Rs 20,000/year",10/29,https://scholarships.gov.in,1
District Topper Scholarship 1558,State Education Board,Agriculture,West Bengal,All,SC,Jain,Postgraduate,Upto 3.5L,50-60,"Rs 20,000/year",9/31,https://scholarships.gov.in,1
Rural Student Scholarship 1559,State Education Board,Engineering,Nagaland,Male,EWS,Buddhist,Postgraduate,Upto 3.5L,50-60,"Rs 40,000/year",9/29,https://scholarships.gov.in,1
District Topper Scholarship 1560,Zilla Parishad,Pharmacy,Uttar Pradesh,Female,OBC,Sikh,Class 12,Upto 2.5L,50-60,"Rs 5,000/year",12/31,https://scholarships.gov.in,1
Women in STEM Scholarship 1561,State Education Board,Arts/Commerce,Manipur,Male,All,Buddhist,Diploma,No Limit,70-80,"Rs 1,000/year",10/30,https://scholarships.gov.in,1
First Generation Learner Award 1562,Zilla Parishad,Agriculture,Maharashtra,Female,General,Muslim,Class 12,Upto 3.5L,60-70,"Rs 3,000/year",12/29,https://scholarships.gov.in,1
First Generation Learner Award 1563,Trust Fund,Agriculture,Sikkim,Male,ST,Jain,Class 12,Upto 3.5L,70-80,"Rs 3,000/year",12/30,https://scholarships.gov.in,1
Single Parent Child Scholarship 1564,NGO Foundation,Biotechnology,Sikkim,Female,SC,Christian,Postgraduate,Upto 3.5L,80-90,"Rs 3,000/year",10/30,https://scholarships.gov.in,1
District Topper Scholarship 1565,NGO Foundation,Medical,Tamil Nadu,Male,All,Sikh,Class 12,Upto 8L,90-100,"Rs 5,000/year",9/30,https://scholarships.gov.in,1
First Generation Learner Award 1566,Trust Fund,All,Rajasthan,Female,EWS,Sikh,Class 12,Upto 3.5L,90-100,"Rs 60,000/year",10/29,https://scholarships.gov.in,1
District Topper Scholarship 1567,District Collector Office,Engineering,Himachal Pradesh,Female,General,Christian,Postgraduate,No Limit,50-60,"Rs 50,000/year",11/29,https://scholarships.gov.in,1
Academic Excellence Grant 1568,Trust Fund,Management,Maharashtra,Male,All,Hindu,Postgraduate,No Limit,50-60,"Rs 1,500/year",11/29,https://scholarships.gov.in,1
Single Parent Child Scholarship 1569,State Education Board,Law,West Bengal,All,General,Hindu,PhD,No Limit,60-70,"Rs 50,000/year",11/31,https://scholarships.gov.in,1
District Topper Scholarship 1570,State Education Board,Engineering,Telangana,All,SC,All,PhD,Upto 1L,70-80,"Rs 30,000/year",9/30,https://scholarships.gov.in,1
Women in STEM Scholarship 1571,District Collector Office,Journalism,Kerala,All,ST,Sikh,Diploma,Upto 8L,80-90,"Rs 12,000/year",10/31,https://scholarships.gov.in,1
Single Parent Child Scholarship 1572,District Collector Office,Design,Sikkim,Female,EWS,Buddhist,PhD,Upto 1L,60-70,"Rs 15,000/year",9/28,https://scholarships.gov.in,1
Women in STEM Scholarship 1573,Trust Fund,Science,Kerala,All,ST,Buddhist,PhD,Upto 1L,50-60,"Rs 35,000/year",12/31,https://scholarships.gov.in,1
Sports & Academics Scholarship 1574,NGO Foundation,Education,Tamil Nadu,All,SC,Buddhist,PhD,Upto 2.5L,80-90,"Rs 8,000/year",11/30,https://scholarships.gov.in,1
Backward Class Merit Award 1575,Trust Fund,Medical,Sikkim,Female,Minority,All,Diploma,No Limit,70-80,"Rs 60,000/year",10/28,https://scholarships.gov.in,1
Best Student Award Scholarship 1576,District Collector Office,Computer Science,Andhra Pradesh,Male,Minority,Christian,Class 12,No Limit,70-80,"Rs 10,000/year",11/29,https://scholarships.gov.in,1
Best Student Award Scholarship 1577,Zilla Parishad,Computer Science,Jammu & Kashmir,Male,Minority,Muslim,Undergraduate,Upto 3.5L,Above 75,"Rs 35,000/year",12/28,https://scholarships.gov.in,1
Single Parent Child Scholarship 1578,District Collector Office,Biotechnology,Uttarakhand,Female,General,Jain,PhD,Upto 3.5L,90-100,"Rs 18,000/year",11/30,https://scholarships.gov.in,1
Single Parent Child Scholarship 1579,State Education Board,Computer Science,Andhra Pradesh,Male,General,Sikh,PhD,Upto 8L,80-90,"Rs 50,000/year",10/31,https://scholarships.gov.in,1
Academic Excellence Grant 1580,Zilla Parishad,Management,Maharashtra,Female,EWS,All,Class 10,Upto 2.5L,Above 75,"Rs 12,000/year",9/29,https://scholarships.gov.in,1
Best Student Award Scholarship 1581,State Education Board,Journalism,Mizoram,Male,ST,Buddhist,Class 10,No Limit,Above 60,"Rs 40,000/year",10/30,https://scholarships.gov.in,1
Women in STEM Scholarship 1582,State Education Board,Engineering,Andhra Pradesh,All,General,Muslim,Class 12,Upto 8L,Above 60,"Rs 1,500/year",10/28,https://scholarships.gov.in,1
Rural Student Scholarship 1583,Trust Fund,Agriculture,Uttarakhand,Male,Minority,Buddhist,Diploma,Upto 1L,80-90,"Rs 25,000/year",9/31,https://scholarships.gov.in,1
Rural Student Scholarship 1584,NGO Foundation,Education,Odisha,Male,SC,Christian,PhD,Upto 5L,90-100,"Rs 35,000/year",11/28,https://scholarships.gov.in,1
First Generation Learner Award 1585,NGO Foundation,Journalism,Kerala,Female,SC,Jain,Postgraduate,No Limit,90-100,"Rs 10,000/year",11/30,https://scholarships.gov.in,1
Backward Class Merit Award 1586,State Education Board,Arts/Commerce,West Bengal,Female,General,All,Class 10,Upto 1L,60-70,"Rs 1,000/year",12/28,https://scholarships.gov.in,1
Backward Class Merit Award 1587,District Collector Office,Design,Nagaland,All,SC,Sikh,Undergraduate,Upto 3.5L,70-80,"Rs 10,000/year",11/30,https://scholarships.gov.in,1
Best Student Award Scholarship 1588,District Collector Office,Education,Uttarakhand,Female,EWS,Buddhist,Undergraduate,No Limit,Above 60,"Rs 10,000/year",11/28,https://scholarships.gov.in,1
District Topper Scholarship 1589,Trust Fund,Architecture,Meghalaya,All,SC,Muslim,Class 10,Upto 5L,60-70,"Rs 75,000/year",10/29,https://scholarships.gov.in,1
Sports & Academics Scholarship 1590,Zilla Parishad,Education,Mizoram,All,ST,Buddhist,Postgraduate,Upto 8L,60-70,"Rs 10,000/year",9/29,https://scholarships.gov.in,1
Single Parent Child Scholarship 1591,District Collector Office,All,Manipur,All,ST,Jain,Postgraduate,Upto 8L,50-60,"Rs 75,000/year",12/28,https://scholarships.gov.in,1
Rural Student Scholarship 1592,District Collector Office,Engineering,Manipur,Male,OBC,Hindu,PhD,Upto 1L,80-90,"Rs 30,000/year",10/29,https://scholarships.gov.in,1
Best Student Award Scholarship 1593,NGO Foundation,Medical,Kerala,Female,All,Sikh,Postgraduate,Upto 5L,90-100,"Rs 8,000/year",12/31,https://scholarships.gov.in,1
First Generation Learner Award 1594,NGO Foundation,Education,Assam,Male,SC,Hindu,Undergraduate,Upto 1L,90-100,"Rs 10,000/year",10/30,https://scholarships.gov.in,1
Sports & Academics Scholarship 1595,District Collector Office,Agriculture,Nagaland,All,All,Christian,Undergraduate,Upto 1L,70-80,"Rs 25,000/year",12/28,https://scholarships.gov.in,1
Single Parent Child Scholarship 1596,NGO Foundation,Engineering,Nagaland,Female,ST,Muslim,Class 12,Upto 1L,Above 60,"Rs 8,000/year",9/29,https://scholarships.gov.in,1
District Topper Scholarship 1597,NGO Foundation,Engineering,Madhya Pradesh,Male,OBC,All,Undergraduate,Upto 3.5L,90-100,"Rs 8,000/year",10/28,https://scholarships.gov.in,1
Rural Student Scholarship 1598,State Education Board,Medical,Meghalaya,Female,General,Buddhist,PhD,Upto 2.5L,80-90,"Rs 2,500/year",12/28,https://scholarships.gov.in,1
Sports & Academics Scholarship 1599,Zilla Parishad,Architecture,Maharashtra,Male,SC,Buddhist,PhD,Upto 3.5L,90-100,"Rs 40,000/year",9/28,https://scholarships.gov.in,1
First Generation Learner Award 1600,Zilla Parishad,Arts/Commerce,Madhya Pradesh,All,All,Buddhist,Class 12,Upto 5L,70-80,"Rs 1,000/year",12/31,https://scholarships.gov.in,1
Academic Excellence Grant 1601,Zilla Parishad,Pharmacy,Jammu & Kashmir,Female,OBC,All,PhD,Upto 3.5L,80-90,"Rs 1,000/year",12/30,https://scholarships.gov.in,1
Best Student Award Scholarship 1602,Zilla Parishad,Pharmacy,Tripura,Male,OBC,Sikh,Class 12,Upto 8L,70-80,"Rs 25,000/year",11/28,https://scholarships.gov.in,1
BPL Student Aid 1603,District Collector Office,Medical,Meghalaya,All,OBC,All,Class 12,Upto 3.5L,50-60,"Rs 50,000/year",12/29,https://scholarships.gov.in,1
Single Parent Child Scholarship 1604,Zilla Parishad,Law,Tripura,All,SC,Hindu,Diploma,Upto 5L,70-80,"Rs 40,000/year",9/28,https://scholarships.gov.in,1
First Generation Learner Award 1605,NGO Foundation,Architecture,Telangana,Male,OBC,Buddhist,Diploma,Upto 3.5L,60-70,"Rs 2,500/year",12/28,https://scholarships.gov.in,1
Women in STEM Scholarship 1606,NGO Foundation,Journalism,Tamil Nadu,All,EWS,Muslim,Undergraduate,Upto 2.5L,60-70,"Rs 8,000/year",9/28,https://scholarships.gov.in,1
Academic Excellence Grant 1607,NGO Foundation,Journalism,Jharkhand,Male,EWS,Sikh,Diploma,Upto 5L,60-70,"Rs 1,000/year",10/28,https://scholarships.gov.in,1
Backward Class Merit Award 1608,District Collector Office,Engineering,Uttarakhand,Female,SC,Muslim,PhD,No Limit,90-100,"Rs 35,000/year",12/30,https://scholarships.gov.in,1
Backward Class Merit Award 1609,State Education Board,Law,Goa,All,OBC,Muslim,Class 12,No Limit,80-90,"Rs 25,000/year",10/30,https://scholarships.gov.in,1
Single Parent Child Scholarship 1610,Zilla Parishad,Architecture,Andhra Pradesh,Female,Minority,Buddhist,Postgraduate,Upto 8L,Above 60,"Rs 75,000/year",12/30,https://scholarships.gov.in,1
BPL Student Aid 1611,Trust Fund,Agriculture,Madhya Pradesh,All,General,Hindu,Diploma,No Limit,50-60,"Rs 18,000/year",11/29,https://scholarships.gov.in,1
BPL Student Aid 1612,Zilla Parishad,Arts/Commerce,Arunachal Pradesh,All,EWS,Hindu,Class 12,Upto 1L,60-70,"Rs 50,000/year",12/31,https://scholarships.gov.in,1
Rural Student Scholarship 1613,Trust Fund,All,Punjab,Female,General,All,PhD,Upto 2.5L,Above 75,"Rs 20,000/year",10/31,https://scholarships.gov.in,1
Academic Excellence Grant 1614,Zilla Parishad,Pharmacy,Maharashtra,All,ST,Hindu,PhD,Upto 5L,Above 60,"Rs 12,000/year",10/30,https://scholarships.gov.in,1
Backward Class Merit Award 1615,Zilla Parishad,Science,Assam,Female,Minority,All,Diploma,Upto 8L,Above 60,"Rs 35,000/year",12/30,https://scholarships.gov.in,1
First Generation Learner Award 1616,District Collector Office,Education,Bihar,Male,General,Sikh,Diploma,Upto 3.5L,70-80,"Rs 35,000/year",10/30,https://scholarships.gov.in,1
Women in STEM Scholarship 1617,District Collector Office,Law,Assam,Female,All,Buddhist,Undergraduate,Upto 5L,50-60,"Rs 15,000/year",10/30,https://scholarships.gov.in,1
District Topper Scholarship 1618,NGO Foundation,All,Mizoram,Female,Minority,Sikh,Postgraduate,Upto 5L,80-90,"Rs 30,000/year",10/29,https://scholarships.gov.in,1
Rural Student Scholarship 1619,State Education Board,Management,Himachal Pradesh,Female,All,Sikh,Class 12,Upto 1L,90-100,"Rs 30,000/year",12/29,https://scholarships.gov.in,1
District Topper Scholarship 1620,District Collector Office,Agriculture,Madhya Pradesh,All,General,Sikh,PhD,Upto 1L,90-100,"Rs 6,000/year",9/29,https://scholarships.gov.in,1
Best Student Award Scholarship 1621,State Education Board,Medical,Andhra Pradesh,All,SC,Christian,PhD,No Limit,50-60,"Rs 25,000/year",9/30,https://scholarships.gov.in,1
Best Student Award Scholarship 1622,Zilla Parishad,Biotechnology,Arunachal Pradesh,Female,All,Sikh,Postgraduate,Upto 5L,Above 60,"Rs 25,000/year",11/29,https://scholarships.gov.in,1
Best Student Award Scholarship 1623,District Collector Office,Engineering,Madhya Pradesh,Female,ST,Christian,Class 12,Upto 2.5L,90-100,"Rs 75,000/year",11/31,https://scholarships.gov.in,1
BPL Student Aid 1624,District Collector Office,Engineering,Karnataka,Male,ST,Buddhist,Undergraduate,Upto 8L,60-70,"Rs 15,000/year",11/30,https://scholarships.gov.in,1
Sports & Academics Scholarship 1625,Zilla Parishad,Biotechnology,Manipur,All,ST,Muslim,Class 12,Upto 8L,50-60,"Rs 20,000/year",10/31,https://scholarships.gov.in,1
Women in STEM Scholarship 1626,Zilla Parishad,All,Sikkim,Male,All,Hindu,PhD,Upto 8L,Above 75,"Rs 1,000/year",9/29,https://scholarships.gov.in,1
Rural Student Scholarship 1627,State Education Board,Medical,Tripura,Male,ST,Muslim,Class 12,Upto 2.5L,Above 75,"Rs 40,000/year",11/31,https://scholarships.gov.in,1
Women in STEM Scholarship 1628,NGO Foundation,Law,Bihar,Male,ST,All,Diploma,Upto 8L,80-90,"Rs 75,000/year",12/29,https://scholarships.gov.in,1
Rural Student Scholarship 1629,Trust Fund,Pharmacy,Rajasthan,Female,Minority,Muslim,Diploma,Upto 8L,50-60,"Rs 3,000/year",11/29,https://scholarships.gov.in,1
Single Parent Child Scholarship 1630,State Education Board,Medical,Telangana,Female,ST,Hindu,Class 12,No Limit,80-90,"Rs 18,000/year",9/28,https://scholarships.gov.in,1
Single Parent Child Scholarship 1631,State Education Board,All,Uttar Pradesh,All,ST,Sikh,Postgraduate,Upto 5L,60-70,"Rs 75,000/year",12/30,https://scholarships.gov.in,1
Single Parent Child Scholarship 1632,State Education Board,Journalism,Delhi,Female,All,Jain,Class 12,Upto 3.5L,70-80,"Rs 25,000/year",9/29,https://scholarships.gov.in,1
Best Student Award Scholarship 1633,NGO Foundation,Pharmacy,Delhi,Female,Minority,Muslim,Undergraduate,Upto 5L,60-70,"Rs 6,000/year",9/31,https://scholarships.gov.in,1
Sports & Academics Scholarship 1634,District Collector Office,Computer Science,West Bengal,Female,General,Jain,Class 12,Upto 8L,50-60,"Rs 75,000/year",9/28,https://scholarships.gov.in,1
Sports & Academics Scholarship 1635,Zilla Parishad,Design,Punjab,Male,ST,All,Undergraduate,No Limit,70-80,"Rs 35,000/year",10/31,https://scholarships.gov.in,1
Backward Class Merit Award 1636,Zilla Parishad,Management,West Bengal,Female,Minority,Sikh,Postgraduate,Upto 1L,Above 60,"Rs 40,000/year",11/29,https://scholarships.gov.in,1
Academic Excellence Grant 1637,State Education Board,Management,Uttarakhand,All,SC,Hindu,Class 12,Upto 1L,50-60,"Rs 18,000/year",10/29,https://scholarships.gov.in,1
First Generation Learner Award 1638,Zilla Parishad,Design,Andhra Pradesh,Male,General,Sikh,Class 10,Upto 1L,50-60,"Rs 1,000/year",10/31,https://scholarships.gov.in,1
Sports & Academics Scholarship 1639,State Education Board,Engineering,Punjab,Male,EWS,Hindu,Postgraduate,Upto 5L,Above 60,"Rs 1,500/year",9/30,https://scholarships.gov.in,1
Women in STEM Scholarship 1640,State Education Board,Arts/Commerce,Mizoram,Male,Minority,Buddhist,Class 12,Upto 1L,60-70,"Rs 75,000/year",10/28,https://scholarships.gov.in,1
District Topper Scholarship 1641,Trust Fund,Education,Himachal Pradesh,Female,OBC,Hindu,Diploma,Upto 3.5L,60-70,"Rs 35,000/year",11/28,https://scholarships.gov.in,1
Backward Class Merit Award 1642,NGO Foundation,Management,Maharashtra,All,General,Christian,Postgraduate,Upto 1L,60-70,"Rs 18,000/year",10/30,https://scholarships.gov.in,1
Single Parent Child Scholarship 1643,NGO Foundation,Agriculture,Andhra Pradesh,Male,SC,Buddhist,Diploma,No Limit,60-70,"Rs 18,000/year",12/28,https://scholarships.gov.in,1
Backward Class Merit Award 1644,State Education Board,Management,Delhi,All,General,Jain,Class 10,Upto 3.5L,90-100,"Rs 3,000/year",12/31,https://scholarships.gov.in,1
Rural Student Scholarship 1645,District Collector Office,Law,Telangana,Male,Minority,Jain,Class 10,Upto 8L,90-100,"Rs 35,000/year",10/28,https://scholarships.gov.in,1
Academic Excellence Grant 1646,NGO Foundation,Science,Odisha,All,General,Christian,Postgraduate,Upto 1L,80-90,"Rs 10,000/year",11/31,https://scholarships.gov.in,1
BPL Student Aid 1647,Zilla Parishad,Engineering,Jharkhand,Female,SC,Christian,Class 10,Upto 2.5L,60-70,"Rs 2,500/year",10/31,https://scholarships.gov.in,1
Single Parent Child Scholarship 1648,Trust Fund,Journalism,Uttarakhand,Male,Minority,Christian,Undergraduate,Upto 5L,50-60,"Rs 1,000/year",12/31,https://scholarships.gov.in,1
Best Student Award Scholarship 1649,District Collector Office,Medical,Karnataka,All,Minority,Jain,Class 12,Upto 3.5L,90-100,"Rs 35,000/year",12/28,https://scholarships.gov.in,1
Backward Class Merit Award 1650,Trust Fund,Engineering,Punjab,All,Minority,Muslim,Diploma,No Limit,90-100,"Rs 1,500/year",10/28,https://scholarships.gov.in,1
Women in STEM Scholarship 1651,Zilla Parishad,Management,Assam,All,ST,Christian,Class 10,Upto 8L,90-100,"Rs 10,000/year",11/29,https://scholarships.gov.in,1
Women in STEM Scholarship 1652,NGO Foundation,Pharmacy,Sikkim,Female,Minority,Sikh,Diploma,Upto 1L,60-70,"Rs 3,000/year",9/29,https://scholarships.gov.in,1
Sports & Academics Scholarship 1653,Trust Fund,Medical,Jammu & Kashmir,All,OBC,Christian,Undergraduate,Upto 1L,Above 75,"Rs 2,500/year",10/29,https://scholarships.gov.in,1
Sports & Academics Scholarship 1654,State Education Board,Architecture,Uttarakhand,Female,All,Buddhist,PhD,Upto 2.5L,Above 60,"Rs 30,000/year",9/31,https://scholarships.gov.in,1
Backward Class Merit Award 1655,Zilla Parishad,Agriculture,Himachal Pradesh,Female,General,Hindu,Diploma,No Limit,50-60,"Rs 18,000/year",9/30,https://scholarships.gov.in,1
Academic Excellence Grant 1656,Trust Fund,Design,Odisha,Male,All,All,Class 10,Upto 5L,Above 60,"Rs 50,000/year",11/30,https://scholarships.gov.in,1
Academic Excellence Grant 1657,State Education Board,Journalism,West Bengal,Male,EWS,Muslim,Class 12,Upto 2.5L,60-70,"Rs 2,500/year",11/31,https://scholarships.gov.in,1
Academic Excellence Grant 1658,State Education Board,Computer Science,Mizoram,Male,ST,Buddhist,Class 10,Upto 1L,60-70,"Rs 30,000/year",12/30,https://scholarships.gov.in,1
Sports & Academics Scholarship 1659,Trust Fund,Engineering,Assam,Male,All,Hindu,PhD,No Limit,Above 60,"Rs 12,000/year",12/31,https://scholarships.gov.in,1
District Topper Scholarship 1660,Trust Fund,All,Arunachal Pradesh,Female,Minority,Buddhist,Undergraduate,Upto 1L,Above 60,"Rs 10,000/year",12/29,https://scholarships.gov.in,1
Single Parent Child Scholarship 1661,Zilla Parishad,Pharmacy,Bihar,Female,All,Sikh,Class 10,Upto 8L,Above 75,"Rs 60,000/year",9/29,https://scholarships.gov.in,1
Best Student Award Scholarship 1662,Trust Fund,Science,Karnataka,Female,ST,Hindu,Undergraduate,No Limit,70-80,"Rs 40,000/year",11/28,https://scholarships.gov.in,1
Best Student Award Scholarship 1663,District Collector Office,Journalism,Jammu & Kashmir,Male,Minority,Buddhist,Diploma,No Limit,Above 75,"Rs 2,500/year",11/28,https://scholarships.gov.in,1
First Generation Learner Award 1664,Trust Fund,Management,Telangana,Male,SC,All,PhD,Upto 5L,60-70,"Rs 30,000/year",11/31,https://scholarships.gov.in,1
Rural Student Scholarship 1665,Zilla Parishad,Architecture,Gujarat,All,OBC,Sikh,PhD,Upto 5L,70-80,"Rs 3,000/year",12/30,https://scholarships.gov.in,1
District Topper Scholarship 1666,District Collector Office,Computer Science,Odisha,All,General,Jain,Postgraduate,Upto 2.5L,70-80,"Rs 5,000/year",11/29,https://scholarships.gov.in,1
Backward Class Merit Award 1667,Trust Fund,All,Karnataka,Female,Minority,Buddhist,PhD,Upto 8L,60-70,"Rs 60,000/year",11/30,https://scholarships.gov.in,1
Backward Class Merit Award 1668,State Education Board,Science,Uttar Pradesh,All,General,Muslim,Class 10,Upto 2.5L,60-70,"Rs 10,000/year",11/29,https://scholarships.gov.in,1
Academic Excellence Grant 1669,District Collector Office,All,Chhattisgarh,All,SC,Buddhist,PhD,Upto 8L,50-60,"Rs 1,000/year",10/31,https://scholarships.gov.in,1
Sports & Academics Scholarship 1670,District Collector Office,Medical,Kerala,Female,Minority,Buddhist,Class 12,Upto 1L,Above 60,"Rs 60,000/year",10/30,https://scholarships.gov.in,1
Sports & Academics Scholarship 1671,Trust Fund,Journalism,Uttar Pradesh,All,All,Hindu,Class 12,No Limit,80-90,"Rs 2,500/year",9/28,https://scholarships.gov.in,1
BPL Student Aid 1672,District Collector Office,Biotechnology,Jharkhand,Male,SC,Muslim,Undergraduate,Upto 1L,60-70,"Rs 25,000/year",11/30,https://scholarships.gov.in,1
Academic Excellence Grant 1673,District Collector Office,Engineering,Uttarakhand,All,EWS,Muslim,Postgraduate,Upto 5L,Above 75,"Rs 2,000/year",9/31,https://scholarships.gov.in,1
Backward Class Merit Award 1674,District Collector Office,Agriculture,Gujarat,All,OBC,Hindu,Undergraduate,No Limit,Above 75,"Rs 25,000/year",9/29,https://scholarships.gov.in,1
Backward Class Merit Award 1675,NGO Foundation,Agriculture,Uttar Pradesh,Female,OBC,All,Postgraduate,Upto 1L,Above 60,"Rs 8,000/year",10/29,https://scholarships.gov.in,1
Best Student Award Scholarship 1676,NGO Foundation,Engineering,Goa,All,EWS,Hindu,PhD,Upto 5L,70-80,"Rs 40,000/year",10/29,https://scholarships.gov.in,1
Single Parent Child Scholarship 1677,Trust Fund,Engineering,Karnataka,Female,ST,Sikh,PhD,Upto 8L,70-80,"Rs 35,000/year",9/28,https://scholarships.gov.in,1
Backward Class Merit Award 1678,State Education Board,Agriculture,Andhra Pradesh,Male,ST,Christian,Postgraduate,Upto 1L,90-100,"Rs 18,000/year",9/28,https://scholarships.gov.in,1
Single Parent Child Scholarship 1679,Trust Fund,Arts/Commerce,Punjab,All,All,Buddhist,Diploma,Upto 5L,Above 75,"Rs 3,000/year",10/28,https://scholarships.gov.in,1
Rural Student Scholarship 1680,Zilla Parishad,Law,Telangana,Female,SC,Jain,Postgraduate,No Limit,50-60,"Rs 12,000/year",9/30,https://scholarships.gov.in,1
First Generation Learner Award 1681,NGO Foundation,All,Bihar,Female,Minority,Buddhist,Diploma,Upto 1L,60-70,"Rs 75,000/year",11/28,https://scholarships.gov.in,1
Sports & Academics Scholarship 1682,District Collector Office,Engineering,Uttarakhand,Male,ST,All,Diploma,Upto 3.5L,80-90,"Rs 75,000/year",12/30,https://scholarships.gov.in,1
Sports & Academics Scholarship 1683,State Education Board,Medical,Sikkim,All,General,Jain,Diploma,Upto 1L,60-70,"Rs 1,500/year",12/31,https://scholarships.gov.in,1
Single Parent Child Scholarship 1684,NGO Foundation,All,Bihar,Female,OBC,Christian,Undergraduate,No Limit,60-70,"Rs 2,000/year",9/29,https://scholarships.gov.in,1
Women in STEM Scholarship 1685,District Collector Office,Biotechnology,Uttarakhand,Female,EWS,Buddhist,Postgraduate,Upto 2.5L,80-90,"Rs 8,000/year",11/28,https://scholarships.gov.in,1
Sports & Academics Scholarship 1686,Trust Fund,Medical,West Bengal,Male,Minority,Christian,Class 10,Upto 5L,80-90,"Rs 50,000/year",10/28,https://scholarships.gov.in,1
Sports & Academics Scholarship 1687,Zilla Parishad,Biotechnology,Jharkhand,Male,EWS,All,Undergraduate,Upto 2.5L,50-60,"Rs 2,000/year",10/29,https://scholarships.gov.in,1
Single Parent Child Scholarship 1688,NGO Foundation,Medical,West Bengal,All,SC,Jain,Diploma,Upto 3.5L,50-60,"Rs 1,500/year",12/31,https://scholarships.gov.in,1
Academic Excellence Grant 1689,Trust Fund,Arts/Commerce,Gujarat,Female,ST,All,Diploma,No Limit,70-80,"Rs 1,000/year",12/31,https://scholarships.gov.in,1
Single Parent Child Scholarship 1690,Trust Fund,Science,West Bengal,All,All,Jain,Diploma,Upto 3.5L,70-80,"Rs 8,000/year",11/29,https://scholarships.gov.in,1
First Generation Learner Award 1691,NGO Foundation,Engineering,Rajasthan,Male,SC,Christian,Diploma,No Limit,Above 60,"Rs 12,000/year",10/29,https://scholarships.gov.in,1
Sports & Academics Scholarship 1692,State Education Board,Biotechnology,Goa,Male,ST,All,Class 12,Upto 1L,50-60,"Rs 25,000/year",10/29,https://scholarships.gov.in,1
Sports & Academics Scholarship 1693,NGO Foundation,Medical,Gujarat,All,General,Buddhist,Class 12,Upto 8L,50-60,"Rs 20,000/year",12/28,https://scholarships.gov.in,1
Women in STEM Scholarship 1694,District Collector Office,Arts/Commerce,Uttarakhand,All,OBC,Hindu,Class 10,Upto 3.5L,50-60,"Rs 2,000/year",10/28,https://scholarships.gov.in,1
District Topper Scholarship 1695,Trust Fund,Pharmacy,Kerala,All,OBC,Muslim,Diploma,Upto 8L,60-70,"Rs 18,000/year",12/28,https://scholarships.gov.in,1
Academic Excellence Grant 1696,District Collector Office,Computer Science,Bihar,All,All,Sikh,PhD,Upto 3.5L,70-80,"Rs 6,000/year",9/31,https://scholarships.gov.in,1
Academic Excellence Grant 1697,District Collector Office,Engineering,Rajasthan,All,Minority,Jain,Class 12,Upto 1L,Above 60,"Rs 30,000/year",12/29,https://scholarships.gov.in,1
Best Student Award Scholarship 1698,NGO Foundation,Management,Mizoram,Male,All,Hindu,PhD,Upto 3.5L,70-80,"Rs 30,000/year",10/29,https://scholarships.gov.in,1
Best Student Award Scholarship 1699,Trust Fund,Medical,Mizoram,Male,OBC,Jain,Postgraduate,Upto 8L,Above 60,"Rs 25,000/year",9/30,https://scholarships.gov.in,1
Rural Student Scholarship 1700,Trust Fund,Engineering,Karnataka,Female,ST,All,Undergraduate,Upto 5L,80-90,"Rs 2,500/year",12/31,https://scholarships.gov.in,1
District Topper Scholarship 1701,Trust Fund,All,Gujarat,All,OBC,All,Undergraduate,Upto 5L,90-100,"Rs 30,000/year",11/28,https://scholarships.gov.in,1
District Topper Scholarship 1702,State Education Board,Science,Assam,Male,Minority,Christian,Undergraduate,Upto 8L,60-70,"Rs 18,000/year",11/28,https://scholarships.gov.in,1
District Topper Scholarship 1703,Trust Fund,Engineering,Meghalaya,Female,OBC,Buddhist,Undergraduate,Upto 5L,50-60,"Rs 35,000/year",11/29,https://scholarships.gov.in,1
Academic Excellence Grant 1704,State Education Board,Architecture,Madhya Pradesh,Male,EWS,All,Postgraduate,No Limit,Above 60,"Rs 60,000/year",12/31,https://scholarships.gov.in,1
BPL Student Aid 1705,Zilla Parishad,Journalism,Jammu & Kashmir,Female,All,Buddhist,Class 12,Upto 1L,Above 60,"Rs 1,000/year",12/31,https://scholarships.gov.in,1
Backward Class Merit Award 1706,Trust Fund,Engineering,Tripura,Female,EWS,Sikh,Diploma,Upto 5L,50-60,"Rs 18,000/year",11/28,https://scholarships.gov.in,1
Rural Student Scholarship 1707,Zilla Parishad,Architecture,Nagaland,Female,OBC,Muslim,Class 10,No Limit,80-90,"Rs 40,000/year",11/29,https://scholarships.gov.in,1
Single Parent Child Scholarship 1708,Trust Fund,Computer Science,Arunachal Pradesh,Female,ST,Buddhist,Diploma,Upto 2.5L,50-60,"Rs 35,000/year",10/30,https://scholarships.gov.in,1
Rural Student Scholarship 1709,Trust Fund,Engineering,Punjab,All,EWS,Hindu,Undergraduate,Upto 5L,Above 75,"Rs 20,000/year",10/30,https://scholarships.gov.in,1
Women in STEM Scholarship 1710,NGO Foundation,Biotechnology,Jharkhand,All,OBC,Muslim,Postgraduate,Upto 2.5L,50-60,"Rs 25,000/year",9/31,https://scholarships.gov.in,1
Backward Class Merit Award 1711,Zilla Parishad,Arts/Commerce,Manipur,Male,SC,Muslim,Undergraduate,Upto 1L,Above 75,"Rs 30,000/year",12/29,https://scholarships.gov.in,1
Sports & Academics Scholarship 1712,District Collector Office,Agriculture,Tripura,Male,Minority,Jain,Undergraduate,Upto 5L,60-70,"Rs 2,000/year",9/30,https://scholarships.gov.in,1
Sports & Academics Scholarship 1713,State Education Board,Journalism,Kerala,Female,SC,Christian,Diploma,Upto 3.5L,Above 75,"Rs 5,000/year",11/31,https://scholarships.gov.in,1
District Topper Scholarship 1714,Trust Fund,Computer Science,Tamil Nadu,Male,ST,Sikh,Postgraduate,Upto 2.5L,50-60,"Rs 2,000/year",10/28,https://scholarships.gov.in,1
Academic Excellence Grant 1715,NGO Foundation,Law,Meghalaya,Female,SC,Jain,Postgraduate,Upto 1L,50-60,"Rs 5,000/year",11/29,https://scholarships.gov.in,1
Sports & Academics Scholarship 1716,State Education Board,Pharmacy,Jammu & Kashmir,Female,Minority,Buddhist,Postgraduate,Upto 5L,90-100,"Rs 60,000/year",11/28,https://scholarships.gov.in,1
District Topper Scholarship 1717,NGO Foundation,Pharmacy,Tripura,Male,All,Hindu,Undergraduate,Upto 8L,80-90,"Rs 5,000/year",10/30,https://scholarships.gov.in,1
Best Student Award Scholarship 1718,NGO Foundation,Design,Madhya Pradesh,Female,OBC,Buddhist,Undergraduate,Upto 3.5L,70-80,"Rs 5,000/year",10/30,https://scholarships.gov.in,1
District Topper Scholarship 1719,State Education Board,Arts/Commerce,Tamil Nadu,All,General,Christian,Class 12,Upto 3.5L,90-100,"Rs 10,000/year",10/30,https://scholarships.gov.in,1
BPL Student Aid 1720,State Education Board,Arts/Commerce,Rajasthan,Male,ST,Jain,Undergraduate,Upto 3.5L,80-90,"Rs 5,000/year",11/28,https://scholarships.gov.in,1
BPL Student Aid 1721,Trust Fund,Journalism,Nagaland,Male,ST,Christian,Undergraduate,Upto 5L,Above 60,"Rs 75,000/year",12/29,https://scholarships.gov.in,1
Best Student Award Scholarship 1722,Trust Fund,Journalism,Haryana,All,General,All,Class 10,No Limit,Above 75,"Rs 25,000/year",12/28,https://scholarships.gov.in,1
Academic Excellence Grant 1723,State Education Board,Architecture,Chhattisgarh,Male,OBC,Buddhist,Class 10,Upto 5L,50-60,"Rs 18,000/year",12/29,https://scholarships.gov.in,1
Best Student Award Scholarship 1724,Zilla Parishad,All,Jammu & Kashmir,Male,Minority,Sikh,Class 10,Upto 5L,Above 60,"Rs 35,000/year",9/28,https://scholarships.gov.in,1
First Generation Learner Award 1725,NGO Foundation,Education,Delhi,All,SC,Buddhist,Undergraduate,Upto 8L,80-90,"Rs 18,000/year",9/30,https://scholarships.gov.in,1
First Generation Learner Award 1726,Trust Fund,Biotechnology,Nagaland,All,SC,Muslim,Class 12,Upto 8L,50-60,"Rs 1,500/year",12/31,https://scholarships.gov.in,1
Women in STEM Scholarship 1727,Trust Fund,Engineering,Maharashtra,Female,General,All,Class 10,Upto 1L,50-60,"Rs 12,000/year",12/28,https://scholarships.gov.in,1
BPL Student Aid 1728,Zilla Parishad,Architecture,Goa,Female,ST,Buddhist,Undergraduate,Upto 8L,90-100,"Rs 6,000/year",10/30,https://scholarships.gov.in,1
Best Student Award Scholarship 1729,District Collector Office,Design,Andhra Pradesh,Female,SC,Sikh,Postgraduate,Upto 3.5L,80-90,"Rs 6,000/year",10/31,https://scholarships.gov.in,1
District Topper Scholarship 1730,Zilla Parishad,Design,Telangana,All,OBC,Jain,Diploma,Upto 5L,50-60,"Rs 30,000/year",12/29,https://scholarships.gov.in,1
BPL Student Aid 1731,District Collector Office,Architecture,Haryana,All,SC,All,Class 10,Upto 8L,Above 75,"Rs 35,000/year",11/29,https://scholarships.gov.in,1
BPL Student Aid 1732,State Education Board,Pharmacy,Karnataka,All,All,Muslim,Diploma,Upto 2.5L,90-100,"Rs 35,000/year",11/28,https://scholarships.gov.in,1
First Generation Learner Award 1733,District Collector Office,Architecture,Goa,Male,ST,All,Postgraduate,Upto 5L,80-90,"Rs 15,000/year",9/30,https://scholarships.gov.in,1
Rural Student Scholarship 1734,Trust Fund,Pharmacy,Rajasthan,Male,General,Buddhist,Undergraduate,Upto 5L,Above 75,"Rs 60,000/year",11/30,https://scholarships.gov.in,1
Rural Student Scholarship 1735,Trust Fund,Engineering,Nagaland,Female,SC,Muslim,PhD,Upto 5L,Above 75,"Rs 2,500/year",10/31,https://scholarships.gov.in,1
Sports & Academics Scholarship 1736,Zilla Parishad,Management,Tripura,Male,ST,Hindu,Diploma,Upto 5L,Above 60,"Rs 50,000/year",11/31,https://scholarships.gov.in,1
BPL Student Aid 1737,District Collector Office,Agriculture,Delhi,All,OBC,Buddhist,Class 12,Upto 5L,90-100,"Rs 8,000/year",11/31,https://scholarships.gov.in,1
Best Student Award Scholarship 1738,District Collector Office,Pharmacy,Delhi,All,Minority,Sikh,PhD,Upto 3.5L,60-70,"Rs 60,000/year",12/28,https://scholarships.gov.in,1
BPL Student Aid 1739,Trust Fund,Engineering,Karnataka,All,ST,Muslim,Class 10,Upto 5L,60-70,"Rs 25,000/year",11/30,https://scholarships.gov.in,1
Academic Excellence Grant 1740,District Collector Office,Journalism,Delhi,All,Minority,All,Diploma,Upto 3.5L,70-80,"Rs 8,000/year",12/28,https://scholarships.gov.in,1
Rural Student Scholarship 1741,District Collector Office,Architecture,Andhra Pradesh,All,Minority,Sikh,Postgraduate,Upto 1L,60-70,"Rs 50,000/year",10/31,https://scholarships.gov.in,1
First Generation Learner Award 1742,Zilla Parishad,Design,Sikkim,Male,All,Christian,Undergraduate,Upto 3.5L,Above 60,"Rs 30,000/year",10/31,https://scholarships.gov.in,1
Academic Excellence Grant 1743,NGO Foundation,Journalism,Delhi,Male,SC,Sikh,PhD,Upto 2.5L,70-80,"Rs 30,000/year",12/31,https://scholarships.gov.in,1
Rural Student Scholarship 1744,District Collector Office,Agriculture,Telangana,Male,SC,Buddhist,Undergraduate,Upto 3.5L,90-100,"Rs 2,000/year",9/31,https://scholarships.gov.in,1
District Topper Scholarship 1745,District Collector Office,Law,Jharkhand,Male,General,All,Postgraduate,Upto 1L,80-90,"Rs 2,000/year",9/28,https://scholarships.gov.in,1
Rural Student Scholarship 1746,Zilla Parishad,Management,Maharashtra,All,ST,Buddhist,Undergraduate,Upto 2.5L,Above 75,"Rs 6,000/year",11/30,https://scholarships.gov.in,1
Rural Student Scholarship 1747,Zilla Parishad,Education,Uttar Pradesh,All,OBC,Buddhist,Undergraduate,Upto 1L,90-100,"Rs 8,000/year",11/29,https://scholarships.gov.in,1
First Generation Learner Award 1748,NGO Foundation,Agriculture,Karnataka,All,SC,Hindu,Class 12,Upto 1L,90-100,"Rs 25,000/year",9/30,https://scholarships.gov.in,1
District Topper Scholarship 1749,NGO Foundation,Arts/Commerce,Bihar,All,Minority,Jain,Diploma,Upto 2.5L,Above 75,"Rs 1,000/year",11/30,https://scholarships.gov.in,1
District Topper Scholarship 1750,Trust Fund,Design,Meghalaya,Female,General,All,Class 12,Upto 5L,70-80,"Rs 5,000/year",9/29,https://scholarships.gov.in,1
Women in STEM Scholarship 1751,NGO Foundation,Management,Assam,Female,EWS,All,PhD,Upto 5L,50-60,"Rs 75,000/year",9/29,https://scholarships.gov.in,1
District Topper Scholarship 1752,NGO Foundation,Architecture,Manipur,All,All,Christian,Postgraduate,Upto 8L,Above 60,"Rs 8,000/year",11/31,https://scholarships.gov.in,1
BPL Student Aid 1753,State Education Board,Computer Science,Telangana,All,ST,Hindu,PhD,Upto 2.5L,Above 60,"Rs 8,000/year",11/31,https://scholarships.gov.in,1
Single Parent Child Scholarship 1754,District Collector Office,All,Maharashtra,Female,All,Jain,PhD,Upto 3.5L,80-90,"Rs 15,000/year",10/30,https://scholarships.gov.in,1
Women in STEM Scholarship 1755,Trust Fund,Law,Sikkim,Male,EWS,Hindu,Postgraduate,Upto 2.5L,80-90,"Rs 1,000/year",9/28,https://scholarships.gov.in,1
Women in STEM Scholarship 1756,State Education Board,Management,Mizoram,Female,OBC,Jain,Class 12,No Limit,70-80,"Rs 25,000/year",10/28,https://scholarships.gov.in,1
Backward Class Merit Award 1757,Zilla Parishad,Agriculture,Manipur,Male,Minority,Muslim,Undergraduate,Upto 5L,Above 75,"Rs 40,000/year",10/29,https://scholarships.gov.in,1
District Topper Scholarship 1758,Zilla Parishad,Journalism,Nagaland,All,General,Buddhist,PhD,Upto 1L,70-80,"Rs 8,000/year",12/30,https://scholarships.gov.in,1
Sports & Academics Scholarship 1759,District Collector Office,All,Haryana,Female,OBC,Buddhist,Diploma,Upto 2.5L,90-100,"Rs 2,500/year",12/30,https://scholarships.gov.in,1
Sports & Academics Scholarship 1760,Zilla Parishad,Computer Science,Sikkim,Female,EWS,Buddhist,PhD,No Limit,70-80,"Rs 20,000/year",12/28,https://scholarships.gov.in,1
First Generation Learner Award 1761,State Education Board,Law,Tripura,Female,OBC,Buddhist,PhD,Upto 3.5L,90-100,"Rs 15,000/year",9/30,https://scholarships.gov.in,1
First Generation Learner Award 1762,State Education Board,Science,Jammu & Kashmir,All,General,Sikh,PhD,Upto 5L,90-100,"Rs 2,000/year",11/28,https://scholarships.gov.in,1
Women in STEM Scholarship 1763,State Education Board,Computer Science,Odisha,Female,EWS,Hindu,Diploma,Upto 8L,80-90,"Rs 12,000/year",9/30,https://scholarships.gov.in,1
Sports & Academics Scholarship 1764,NGO Foundation,Computer Science,Assam,Female,All,Sikh,Diploma,No Limit,80-90,"Rs 2,000/year",10/29,https://scholarships.gov.in,1
First Generation Learner Award 1765,District Collector Office,Journalism,Andhra Pradesh,Female,ST,Hindu,Class 10,Upto 5L,50-60,"Rs 40,000/year",9/31,https://scholarships.gov.in,1
Rural Student Scholarship 1766,Zilla Parishad,Medical,Kerala,Female,Minority,Hindu,Undergraduate,Upto 5L,70-80,"Rs 30,000/year",9/31,https://scholarships.gov.in,1
Backward Class Merit Award 1767,Zilla Parishad,Design,Haryana,Female,All,Buddhist,Class 10,No Limit,70-80,"Rs 3,000/year",11/30,https://scholarships.gov.in,1
Single Parent Child Scholarship 1768,Trust Fund,Management,Himachal Pradesh,Female,General,Buddhist,PhD,No Limit,80-90,"Rs 2,000/year",12/29,https://scholarships.gov.in,1
Rural Student Scholarship 1769,Zilla Parishad,Engineering,Madhya Pradesh,All,All,Buddhist,Postgraduate,Upto 5L,50-60,"Rs 1,000/year",12/28,https://scholarships.gov.in,1
Sports & Academics Scholarship 1770,NGO Foundation,Arts/Commerce,Goa,All,OBC,Muslim,PhD,No Limit,60-70,"Rs 8,000/year",9/30,https://scholarships.gov.in,1
BPL Student Aid 1771,NGO Foundation,Law,Tripura,Male,General,Christian,Postgraduate,Upto 3.5L,Above 75,"Rs 20,000/year",11/28,https://scholarships.gov.in,1
Rural Student Scholarship 1772,NGO Foundation,Management,Punjab,All,All,Hindu,Postgraduate,Upto 3.5L,60-70,"Rs 40,000/year",11/29,https://scholarships.gov.in,1
Single Parent Child Scholarship 1773,State Education Board,Agriculture,Mizoram,Female,ST,Muslim,Class 10,No Limit,90-100,"Rs 1,500/year",9/30,https://scholarships.gov.in,1
Backward Class Merit Award 1774,Zilla Parishad,Law,Himachal Pradesh,Male,EWS,Muslim,Postgraduate,Upto 8L,70-80,"Rs 12,000/year",12/29,https://scholarships.gov.in,1
Best Student Award Scholarship 1775,Zilla Parishad,Agriculture,Rajasthan,Male,All,Christian,Class 10,No Limit,70-80,"Rs 1,500/year",11/29,https://scholarships.gov.in,1
Sports & Academics Scholarship 1776,District Collector Office,Agriculture,Assam,All,Minority,Buddhist,Class 10,No Limit,70-80,"Rs 75,000/year",11/29,https://scholarships.gov.in,1
Rural Student Scholarship 1777,Zilla Parishad,Law,Odisha,Male,Minority,All,Postgraduate,Upto 5L,80-90,"Rs 5,000/year",9/29,https://scholarships.gov.in,1
First Generation Learner Award 1778,Trust Fund,Computer Science,Uttarakhand,All,All,Sikh,Class 10,Upto 2.5L,90-100,"Rs 60,000/year",12/31,https://scholarships.gov.in,1
Single Parent Child Scholarship 1779,Trust Fund,Biotechnology,Uttar Pradesh,All,All,Jain,Class 12,Upto 5L,80-90,"Rs 15,000/year",9/31,https://scholarships.gov.in,1
BPL Student Aid 1780,State Education Board,Design,Maharashtra,Female,OBC,Jain,Undergraduate,No Limit,Above 60,"Rs 6,000/year",10/31,https://scholarships.gov.in,1
Best Student Award Scholarship 1781,NGO Foundation,All,Mizoram,Male,OBC,Jain,Undergraduate,Upto 2.5L,Above 75,"Rs 25,000/year",11/31,https://scholarships.gov.in,1
Best Student Award Scholarship 1782,NGO Foundation,Medical,Punjab,Male,ST,Sikh,Diploma,Upto 8L,80-90,"Rs 60,000/year",10/30,https://scholarships.gov.in,1
Sports & Academics Scholarship 1783,Trust Fund,Biotechnology,Tripura,Female,OBC,All,PhD,Upto 1L,Above 75,"Rs 6,000/year",9/30,https://scholarships.gov.in,1
Rural Student Scholarship 1784,Zilla Parishad,Engineering,Goa,Female,ST,Muslim,Diploma,No Limit,60-70,"Rs 3,000/year",10/28,https://scholarships.gov.in,1
Sports & Academics Scholarship 1785,District Collector Office,Pharmacy,Delhi,Female,ST,All,Class 10,Upto 2.5L,70-80,"Rs 2,500/year",12/28,https://scholarships.gov.in,1
Best Student Award Scholarship 1786,State Education Board,Computer Science,Meghalaya,Female,EWS,Muslim,Class 10,Upto 8L,Above 60,"Rs 35,000/year",11/31,https://scholarships.gov.in,1
BPL Student Aid 1787,State Education Board,Education,Manipur,Female,General,Christian,Class 12,No Limit,Above 60,"Rs 8,000/year",9/30,https://scholarships.gov.in,1
Rural Student Scholarship 1788,Trust Fund,Design,Himachal Pradesh,Male,SC,Sikh,PhD,Upto 1L,70-80,"Rs 2,000/year",11/28,https://scholarships.gov.in,1
BPL Student Aid 1789,Zilla Parishad,Science,Assam,All,ST,Jain,Undergraduate,Upto 8L,70-80,"Rs 35,000/year",10/30,https://scholarships.gov.in,1
Single Parent Child Scholarship 1790,NGO Foundation,Medical,Sikkim,All,SC,Jain,PhD,Upto 2.5L,90-100,"Rs 35,000/year",9/30,https://scholarships.gov.in,1
Women in STEM Scholarship 1791,Trust Fund,Arts/Commerce,Tamil Nadu,Male,OBC,Sikh,Undergraduate,Upto 3.5L,60-70,"Rs 2,000/year",10/31,https://scholarships.gov.in,1
District Topper Scholarship 1792,State Education Board,Education,Telangana,All,General,Buddhist,Class 10,Upto 1L,70-80,"Rs 40,000/year",9/28,https://scholarships.gov.in,1
Best Student Award Scholarship 1793,Zilla Parishad,Agriculture,Chhattisgarh,Male,SC,Muslim,PhD,Upto 8L,Above 75,"Rs 50,000/year",10/29,https://scholarships.gov.in,1
Backward Class Merit Award 1794,State Education Board,Agriculture,Himachal Pradesh,Female,SC,Buddhist,Undergraduate,Upto 1L,70-80,"Rs 15,000/year",10/28,https://scholarships.gov.in,1
Rural Student Scholarship 1795,State Education Board,Medical,Uttar Pradesh,Male,SC,Buddhist,Class 10,Upto 2.5L,70-80,"Rs 10,000/year",11/30,https://scholarships.gov.in,1
Rural Student Scholarship 1796,NGO Foundation,Medical,Uttar Pradesh,All,OBC,All,Undergraduate,Upto 3.5L,Above 60,"Rs 8,000/year",12/29,https://scholarships.gov.in,1
BPL Student Aid 1797,NGO Foundation,All,Telangana,All,OBC,Muslim,PhD,Upto 2.5L,80-90,"Rs 6,000/year",11/30,https://scholarships.gov.in,1
Backward Class Merit Award 1798,District Collector Office,Science,Andhra Pradesh,Male,General,Sikh,Class 10,Upto 3.5L,90-100,"Rs 12,000/year",9/31,https://scholarships.gov.in,1
Backward Class Merit Award 1799,District Collector Office,Pharmacy,Punjab,Female,ST,Buddhist,Postgraduate,Upto 5L,Above 60,"Rs 10,000/year",12/28,https://scholarships.gov.in,1
Best Student Award Scholarship 1800,Zilla Parishad,Arts/Commerce,Sikkim,Male,SC,Hindu,Class 10,Upto 2.5L,Above 75,"Rs 75,000/year",12/31,https://scholarships.gov.in,1
Academic Excellence Grant 1801,Trust Fund,Agriculture,Mizoram,Female,SC,Christian,PhD,Upto 5L,80-90,"Rs 10,000/year",12/31,https://scholarships.gov.in,1
First Generation Learner Award 1802,Trust Fund,Journalism,Gujarat,Male,EWS,Sikh,Undergraduate,Upto 3.5L,70-80,"Rs 6,000/year",9/28,https://scholarships.gov.in,1
District Topper Scholarship 1803,State Education Board,Medical,Manipur,Male,SC,Christian,PhD,Upto 1L,50-60,"Rs 20,000/year",11/28,https://scholarships.gov.in,1
District Topper Scholarship 1804,Trust Fund,Arts/Commerce,Tamil Nadu,Female,OBC,Hindu,Postgraduate,Upto 8L,90-100,"Rs 12,000/year",10/29,https://scholarships.gov.in,1
Best Student Award Scholarship 1805,Zilla Parishad,Computer Science,Uttarakhand,Male,General,Jain,Diploma,No Limit,Above 60,"Rs 25,000/year",9/28,https://scholarships.gov.in,1
First Generation Learner Award 1806,NGO Foundation,All,Meghalaya,Male,OBC,Christian,Class 12,No Limit,50-60,"Rs 5,000/year",9/31,https://scholarships.gov.in,1
BPL Student Aid 1807,State Education Board,Medical,Rajasthan,All,All,Jain,Undergraduate,Upto 5L,50-60,"Rs 20,000/year",10/31,https://scholarships.gov.in,1
Rural Student Scholarship 1808,State Education Board,Design,Arunachal Pradesh,Female,Minority,Christian,Class 12,Upto 1L,Above 75,"Rs 5,000/year",10/28,https://scholarships.gov.in,1
District Topper Scholarship 1809,State Education Board,All,Manipur,Male,Minority,Christian,Class 12,Upto 8L,Above 60,"Rs 12,000/year",10/29,https://scholarships.gov.in,1
Sports & Academics Scholarship 1810,NGO Foundation,Science,Rajasthan,Female,Minority,All,PhD,Upto 5L,50-60,"Rs 10,000/year",12/29,https://scholarships.gov.in,1
Best Student Award Scholarship 1811,State Education Board,Science,Kerala,Male,SC,Hindu,Class 12,Upto 3.5L,50-60,"Rs 30,000/year",10/31,https://scholarships.gov.in,1
First Generation Learner Award 1812,District Collector Office,Biotechnology,Mizoram,Male,Minority,Buddhist,Undergraduate,Upto 3.5L,70-80,"Rs 25,000/year",12/30,https://scholarships.gov.in,1
District Topper Scholarship 1813,District Collector Office,Architecture,Madhya Pradesh,Female,SC,Buddhist,Class 10,Upto 8L,90-100,"Rs 3,000/year",10/30,https://scholarships.gov.in,1
Rural Student Scholarship 1814,NGO Foundation,Engineering,Delhi,Female,OBC,All,Class 10,Upto 2.5L,50-60,"Rs 15,000/year",12/28,https://scholarships.gov.in,1
Sports & Academics Scholarship 1815,District Collector Office,Management,Bihar,Male,SC,Jain,Diploma,Upto 3.5L,70-80,"Rs 6,000/year",10/30,https://scholarships.gov.in,1
BPL Student Aid 1816,Zilla Parishad,Journalism,West Bengal,Female,SC,Hindu,Diploma,No Limit,90-100,"Rs 75,000/year",10/29,https://scholarships.gov.in,1
First Generation Learner Award 1817,NGO Foundation,Biotechnology,Haryana,Male,All,Muslim,Class 10,Upto 3.5L,Above 60,"Rs 35,000/year",10/28,https://scholarships.gov.in,1
Women in STEM Scholarship 1818,NGO Foundation,Computer Science,Haryana,All,OBC,Sikh,Class 12,Upto 5L,50-60,"Rs 15,000/year",9/29,https://scholarships.gov.in,1
Rural Student Scholarship 1819,District Collector Office,Engineering,Jammu & Kashmir,Female,OBC,Buddhist,Class 12,Upto 2.5L,60-70,"Rs 1,000/year",10/31,https://scholarships.gov.in,1
District Topper Scholarship 1820,District Collector Office,Design,Jharkhand,Female,SC,Jain,PhD,Upto 2.5L,Above 75,"Rs 8,000/year",10/28,https://scholarships.gov.in,1
Single Parent Child Scholarship 1821,Trust Fund,Science,Meghalaya,All,General,Jain,Undergraduate,No Limit,60-70,"Rs 6,000/year",10/28,https://scholarships.gov.in,1
BPL Student Aid 1822,NGO Foundation,Arts/Commerce,Jammu & Kashmir,All,General,Jain,PhD,Upto 3.5L,60-70,"Rs 3,000/year",12/29,https://scholarships.gov.in,1
District Topper Scholarship 1823,District Collector Office,Arts/Commerce,Maharashtra,Female,SC,Jain,Postgraduate,Upto 1L,Above 60,"Rs 6,000/year",11/30,https://scholarships.gov.in,1
Rural Student Scholarship 1824,Zilla Parishad,Arts/Commerce,Andhra Pradesh,Female,General,Hindu,Diploma,Upto 3.5L,80-90,"Rs 10,000/year",9/31,https://scholarships.gov.in,1
District Topper Scholarship 1825,State Education Board,Medical,Mizoram,Female,OBC,Jain,PhD,Upto 3.5L,90-100,"Rs 6,000/year",10/29,https://scholarships.gov.in,1
Rural Student Scholarship 1826,District Collector Office,Journalism,Assam,All,Minority,Sikh,Diploma,Upto 3.5L,90-100,"Rs 3,000/year",10/29,https://scholarships.gov.in,1
Best Student Award Scholarship 1827,Zilla Parishad,Engineering,Haryana,Female,ST,Muslim,PhD,No Limit,60-70,"Rs 60,000/year",11/31,https://scholarships.gov.in,1
BPL Student Aid 1828,State Education Board,Law,Uttar Pradesh,All,EWS,Jain,Class 10,Upto 3.5L,Above 60,"Rs 20,000/year",12/28,https://scholarships.gov.in,1
Academic Excellence Grant 1829,Trust Fund,Pharmacy,Rajasthan,All,SC,All,PhD,Upto 3.5L,80-90,"Rs 1,500/year",11/30,https://scholarships.gov.in,1
BPL Student Aid 1830,NGO Foundation,Management,Andhra Pradesh,Male,ST,Muslim,Class 10,Upto 5L,50-60,"Rs 40,000/year",11/31,https://scholarships.gov.in,1
First Generation Learner Award 1831,Trust Fund,Design,Mizoram,Male,SC,Jain,Class 12,Upto 8L,Above 60,"Rs 2,000/year",11/28,https://scholarships.gov.in,1
Best Student Award Scholarship 1832,District Collector Office,Law,Haryana,Male,All,Hindu,Class 10,Upto 1L,50-60,"Rs 1,500/year",11/29,https://scholarships.gov.in,1
Academic Excellence Grant 1833,NGO Foundation,Arts/Commerce,Rajasthan,Male,Minority,Sikh,PhD,Upto 8L,50-60,"Rs 30,000/year",10/29,https://scholarships.gov.in,1
First Generation Learner Award 1834,Zilla Parishad,Pharmacy,Chhattisgarh,All,SC,Christian,Postgraduate,Upto 1L,70-80,"Rs 18,000/year",12/31,https://scholarships.gov.in,1
Women in STEM Scholarship 1835,NGO Foundation,Arts/Commerce,Maharashtra,Male,EWS,All,Class 10,Upto 5L,80-90,"Rs 40,000/year",11/30,https://scholarships.gov.in,1
District Topper Scholarship 1836,District Collector Office,Medical,Telangana,Female,OBC,All,Diploma,No Limit,Above 75,"Rs 20,000/year",11/30,https://scholarships.gov.in,1
Backward Class Merit Award 1837,State Education Board,All,West Bengal,Female,EWS,Hindu,Diploma,Upto 1L,80-90,"Rs 2,000/year",11/28,https://scholarships.gov.in,1
First Generation Learner Award 1838,State Education Board,Education,Madhya Pradesh,All,OBC,All,Class 10,Upto 8L,50-60,"Rs 2,000/year",10/31,https://scholarships.gov.in,1
Single Parent Child Scholarship 1839,State Education Board,Education,Tamil Nadu,Male,ST,Muslim,Undergraduate,No Limit,50-60,"Rs 50,000/year",9/31,https://scholarships.gov.in,1
District Topper Scholarship 1840,District Collector Office,Engineering,Assam,Male,SC,Jain,Class 12,Upto 3.5L,50-60,"Rs 15,000/year",10/30,https://scholarships.gov.in,1
Women in STEM Scholarship 1841,Trust Fund,Computer Science,West Bengal,Male,ST,Muslim,Class 10,No Limit,90-100,"Rs 50,000/year",9/28,https://scholarships.gov.in,1
First Generation Learner Award 1842,Trust Fund,Architecture,Karnataka,Male,EWS,Christian,Class 10,Upto 2.5L,Above 60,"Rs 10,000/year",12/29,https://scholarships.gov.in,1
First Generation Learner Award 1843,Trust Fund,Science,Maharashtra,All,General,Sikh,Class 12,Upto 2.5L,70-80,"Rs 25,000/year",11/29,https://scholarships.gov.in,1
Single Parent Child Scholarship 1844,State Education Board,Biotechnology,Tamil Nadu,Male,General,Jain,Diploma,Upto 3.5L,60-70,"Rs 5,000/year",12/31,https://scholarships.gov.in,1
Backward Class Merit Award 1845,Zilla Parishad,Arts/Commerce,Goa,All,ST,Buddhist,PhD,Upto 5L,90-100,"Rs 60,000/year",11/31,https://scholarships.gov.in,1
Best Student Award Scholarship 1846,NGO Foundation,Arts/Commerce,Uttarakhand,Male,EWS,Jain,Class 10,Upto 1L,90-100,"Rs 25,000/year",11/31,https://scholarships.gov.in,1
District Topper Scholarship 1847,District Collector Office,Medical,Haryana,All,Minority,All,Diploma,Upto 3.5L,Above 60,"Rs 18,000/year",12/29,https://scholarships.gov.in,1
Women in STEM Scholarship 1848,NGO Foundation,Arts/Commerce,Kerala,Male,All,Hindu,Class 10,No Limit,90-100,"Rs 25,000/year",11/29,https://scholarships.gov.in,1
Rural Student Scholarship 1849,NGO Foundation,Engineering,Goa,Male,ST,Buddhist,Class 10,Upto 2.5L,50-60,"Rs 10,000/year",11/29,https://scholarships.gov.in,1
BPL Student Aid 1850,Zilla Parishad,Computer Science,Telangana,All,Minority,Muslim,PhD,Upto 2.5L,70-80,"Rs 8,000/year",12/31,https://scholarships.gov.in,1
District Topper Scholarship 1851,State Education Board,Medical,Punjab,Female,All,All,Class 12,Upto 2.5L,50-60,"Rs 35,000/year",9/31,https://scholarships.gov.in,1
Rural Student Scholarship 1852,NGO Foundation,Architecture,Manipur,All,General,All,Diploma,Upto 3.5L,Above 60,"Rs 12,000/year",10/30,https://scholarships.gov.in,1
Backward Class Merit Award 1853,Zilla Parishad,Biotechnology,Uttar Pradesh,Female,ST,Muslim,Diploma,No Limit,Above 60,"Rs 60,000/year",12/28,https://scholarships.gov.in,1
Women in STEM Scholarship 1854,Zilla Parishad,Education,Jharkhand,Male,All,Jain,Class 12,Upto 2.5L,60-70,"Rs 25,000/year",10/29,https://scholarships.gov.in,1
Rural Student Scholarship 1855,State Education Board,Design,Kerala,Male,EWS,Hindu,Undergraduate,Upto 5L,Above 60,"Rs 15,000/year",10/28,https://scholarships.gov.in,1
Women in STEM Scholarship 1856,Trust Fund,Science,Nagaland,All,OBC,Buddhist,Diploma,Upto 8L,70-80,"Rs 30,000/year",12/31,https://scholarships.gov.in,1
BPL Student Aid 1857,State Education Board,Pharmacy,Kerala,All,SC,Sikh,Diploma,Upto 2.5L,Above 60,"Rs 20,000/year",11/31,https://scholarships.gov.in,1
Women in STEM Scholarship 1858,Zilla Parishad,Law,Haryana,Female,General,Jain,Class 12,Upto 1L,Above 75,"Rs 75,000/year",11/31,https://scholarships.gov.in,1
District Topper Scholarship 1859,District Collector Office,Computer Science,Gujarat,All,Minority,All,PhD,Upto 1L,50-60,"Rs 25,000/year",12/29,https://scholarships.gov.in,1
Single Parent Child Scholarship 1860,District Collector Office,Computer Science,Tripura,Female,General,Sikh,Diploma,No Limit,60-70,"Rs 1,000/year",11/29,https://scholarships.gov.in,1
Academic Excellence Grant 1861,State Education Board,Design,Karnataka,Female,EWS,Muslim,Postgraduate,Upto 3.5L,Above 75,"Rs 3,000/year",11/28,https://scholarships.gov.in,1
Academic Excellence Grant 1862,Zilla Parishad,Engineering,Uttarakhand,All,General,Hindu,Postgraduate,No Limit,90-100,"Rs 12,000/year",11/31,https://scholarships.gov.in,1
Rural Student Scholarship 1863,Trust Fund,Medical,Himachal Pradesh,All,General,All,Undergraduate,Upto 5L,60-70,"Rs 10,000/year",9/28,https://scholarships.gov.in,1
BPL Student Aid 1864,Trust Fund,Design,Assam,All,EWS,Christian,Undergraduate,Upto 3.5L,50-60,"Rs 1,500/year",9/31,https://scholarships.gov.in,1
Backward Class Merit Award 1865,Zilla Parishad,Design,Assam,Female,Minority,Buddhist,Diploma,No Limit,Above 60,"Rs 15,000/year",11/30,https://scholarships.gov.in,1
Women in STEM Scholarship 1866,District Collector Office,Management,Telangana,Male,OBC,Christian,PhD,Upto 8L,Above 60,"Rs 75,000/year",11/28,https://scholarships.gov.in,1
BPL Student Aid 1867,District Collector Office,Computer Science,Uttarakhand,Male,ST,All,Undergraduate,Upto 8L,70-80,"Rs 6,000/year",9/28,https://scholarships.gov.in,1
Women in STEM Scholarship 1868,District Collector Office,Agriculture,Bihar,All,Minority,Jain,Class 12,Upto 3.5L,90-100,"Rs 3,000/year",12/29,https://scholarships.gov.in,1
Best Student Award Scholarship 1869,Zilla Parishad,Pharmacy,Nagaland,All,OBC,Muslim,Diploma,No Limit,Above 60,"Rs 2,000/year",11/30,https://scholarships.gov.in,1
First Generation Learner Award 1870,State Education Board,All,Bihar,Female,EWS,Jain,Class 10,Upto 1L,Above 75,"Rs 1,000/year",10/30,https://scholarships.gov.in,1
Single Parent Child Scholarship 1871,Trust Fund,Pharmacy,Karnataka,All,Minority,Hindu,Postgraduate,Upto 2.5L,80-90,"Rs 12,000/year",11/29,https://scholarships.gov.in,1
Single Parent Child Scholarship 1872,Zilla Parishad,Computer Science,Tamil Nadu,Female,OBC,Muslim,Undergraduate,No Limit,Above 75,"Rs 35,000/year",10/31,https://scholarships.gov.in,1
Sports & Academics Scholarship 1873,State Education Board,Computer Science,Telangana,Female,Minority,Christian,Undergraduate,Upto 5L,80-90,"Rs 10,000/year",12/28,https://scholarships.gov.in,1
Women in STEM Scholarship 1874,District Collector Office,Engineering,Arunachal Pradesh,Male,OBC,All,Diploma,Upto 1L,60-70,"Rs 75,000/year",11/31,https://scholarships.gov.in,1
BPL Student Aid 1875,District Collector Office,All,Rajasthan,Female,All,Christian,Postgraduate,Upto 2.5L,70-80,"Rs 35,000/year",10/28,https://scholarships.gov.in,1
BPL Student Aid 1876,State Education Board,Arts/Commerce,West Bengal,All,Minority,Muslim,Class 12,Upto 1L,50-60,"Rs 1,500/year",12/29,https://scholarships.gov.in,1
Academic Excellence Grant 1877,State Education Board,Law,Sikkim,All,SC,Christian,Class 12,Upto 8L,90-100,"Rs 20,000/year",9/31,https://scholarships.gov.in,1
Best Student Award Scholarship 1878,Zilla Parishad,Arts/Commerce,Manipur,Female,SC,Christian,Postgraduate,Upto 8L,Above 60,"Rs 30,000/year",11/29,https://scholarships.gov.in,1
Women in STEM Scholarship 1879,District Collector Office,Pharmacy,Odisha,Male,ST,Sikh,Undergraduate,Upto 2.5L,80-90,"Rs 35,000/year",10/29,https://scholarships.gov.in,1
Sports & Academics Scholarship 1880,Zilla Parishad,Medical,Delhi,All,EWS,Jain,Class 12,Upto 2.5L,Above 60,"Rs 12,000/year",9/31,https://scholarships.gov.in,1
BPL Student Aid 1881,State Education Board,Pharmacy,Chhattisgarh,Male,All,All,Class 12,Upto 1L,80-90,"Rs 10,000/year",10/28,https://scholarships.gov.in,1
Rural Student Scholarship 1882,Trust Fund,Management,Punjab,Male,ST,Sikh,PhD,No Limit,60-70,"Rs 1,500/year",11/28,https://scholarships.gov.in,1
District Topper Scholarship 1883,NGO Foundation,Arts/Commerce,Kerala,Female,EWS,Buddhist,Postgraduate,Upto 8L,70-80,"Rs 50,000/year",11/28,https://scholarships.gov.in,1
Women in STEM Scholarship 1884,District Collector Office,Arts/Commerce,Uttar Pradesh,All,OBC,Christian,Undergraduate,Upto 1L,70-80,"Rs 6,000/year",9/31,https://scholarships.gov.in,1
District Topper Scholarship 1885,State Education Board,All,Karnataka,Female,General,Jain,Diploma,Upto 2.5L,60-70,"Rs 8,000/year",9/29,https://scholarships.gov.in,1
Single Parent Child Scholarship 1886,State Education Board,Management,Assam,Female,SC,Muslim,Class 12,Upto 2.5L,80-90,"Rs 18,000/year",10/28,https://scholarships.gov.in,1
Backward Class Merit Award 1887,District Collector Office,Design,Karnataka,All,Minority,Buddhist,Diploma,Upto 8L,90-100,"Rs 30,000/year",11/28,https://scholarships.gov.in,1
Best Student Award Scholarship 1888,State Education Board,Science,Rajasthan,Male,ST,Christian,PhD,Upto 8L,Above 60,"Rs 2,000/year",11/29,https://scholarships.gov.in,1
Academic Excellence Grant 1889,Trust Fund,Law,West Bengal,Male,SC,Hindu,Postgraduate,No Limit,Above 75,"Rs 5,000/year",11/31,https://scholarships.gov.in,1
Rural Student Scholarship 1890,NGO Foundation,Design,Uttarakhand,Male,EWS,Hindu,Class 10,Upto 1L,70-80,"Rs 18,000/year",10/28,https://scholarships.gov.in,1
Academic Excellence Grant 1891,District Collector Office,Arts/Commerce,Jharkhand,Female,All,Christian,Postgraduate,Upto 2.5L,Above 75,"Rs 12,000/year",10/31,https://scholarships.gov.in,1
District Topper Scholarship 1892,District Collector Office,Architecture,Chhattisgarh,All,OBC,All,PhD,Upto 3.5L,Above 60,"Rs 40,000/year",12/28,https://scholarships.gov.in,1
First Generation Learner Award 1893,District Collector Office,Medical,Nagaland,Female,General,Christian,PhD,Upto 5L,60-70,"Rs 2,000/year",10/30,https://scholarships.gov.in,1
BPL Student Aid 1894,District Collector Office,Design,Andhra Pradesh,Male,All,Muslim,Postgraduate,Upto 3.5L,80-90,"Rs 60,000/year",12/31,https://scholarships.gov.in,1
BPL Student Aid 1895,Trust Fund,Law,Telangana,All,ST,Sikh,Class 10,Upto 1L,90-100,"Rs 1,000/year",11/28,https://scholarships.gov.in,1
Backward Class Merit Award 1896,Trust Fund,Education,Uttarakhand,Female,EWS,Jain,Class 12,Upto 2.5L,Above 60,"Rs 30,000/year",12/28,https://scholarships.gov.in,1
Women in STEM Scholarship 1897,District Collector Office,Pharmacy,Gujarat,All,ST,All,Undergraduate,Upto 2.5L,80-90,"Rs 30,000/year",10/28,https://scholarships.gov.in,1
District Topper Scholarship 1898,Zilla Parishad,Medical,West Bengal,Female,All,Sikh,Diploma,Upto 3.5L,80-90,"Rs 75,000/year",10/28,https://scholarships.gov.in,1
Rural Student Scholarship 1899,District Collector Office,Biotechnology,Himachal Pradesh,All,SC,All,Diploma,Upto 1L,90-100,"Rs 3,000/year",9/29,https://scholarships.gov.in,1
Backward Class Merit Award 1900,Zilla Parishad,Biotechnology,Odisha,All,OBC,Buddhist,PhD,Upto 3.5L,80-90,"Rs 1,000/year",11/28,https://scholarships.gov.in,1
Single Parent Child Scholarship 1901,District Collector Office,Architecture,Delhi,Female,SC,Jain,PhD,Upto 1L,Above 75,"Rs 12,000/year",9/28,https://scholarships.gov.in,1
Backward Class Merit Award 1902,Zilla Parishad,Architecture,Rajasthan,Male,All,Sikh,Class 12,No Limit,80-90,"Rs 18,000/year",10/29,https://scholarships.gov.in,1
Backward Class Merit Award 1903,District Collector Office,Journalism,Gujarat,Female,Minority,Hindu,Undergraduate,No Limit,70-80,"Rs 5,000/year",12/31,https://scholarships.gov.in,1
Best Student Award Scholarship 1904,Trust Fund,Education,Maharashtra,Male,All,Jain,Undergraduate,Upto 3.5L,60-70,"Rs 12,000/year",11/29,https://scholarships.gov.in,1
Best Student Award Scholarship 1905,State Education Board,Arts/Commerce,Bihar,Male,ST,Sikh,Postgraduate,Upto 3.5L,80-90,"Rs 15,000/year",11/29,https://scholarships.gov.in,1
First Generation Learner Award 1906,Trust Fund,Arts/Commerce,Tripura,Male,SC,Muslim,Class 12,Upto 1L,80-90,"Rs 3,000/year",12/30,https://scholarships.gov.in,1
Backward Class Merit Award 1907,District Collector Office,Pharmacy,Uttar Pradesh,Female,General,Christian,PhD,Upto 2.5L,80-90,"Rs 5,000/year",11/29,https://scholarships.gov.in,1
Women in STEM Scholarship 1908,NGO Foundation,Arts/Commerce,Telangana,Female,ST,Christian,Postgraduate,No Limit,80-90,"Rs 1,000/year",10/31,https://scholarships.gov.in,1
Single Parent Child Scholarship 1909,NGO Foundation,Pharmacy,Chhattisgarh,All,ST,Jain,Diploma,Upto 5L,60-70,"Rs 30,000/year",9/28,https://scholarships.gov.in,1
Backward Class Merit Award 1910,Trust Fund,Computer Science,Kerala,Male,OBC,Sikh,Undergraduate,Upto 5L,Above 60,"Rs 8,000/year",9/28,https://scholarships.gov.in,1
Academic Excellence Grant 1911,State Education Board,Pharmacy,Haryana,Male,ST,Hindu,PhD,Upto 5L,90-100,"Rs 60,000/year",12/31,https://scholarships.gov.in,1
Academic Excellence Grant 1912,NGO Foundation,Law,Manipur,All,General,Jain,Undergraduate,Upto 8L,70-80,"Rs 1,500/year",10/30,https://scholarships.gov.in,1
District Topper Scholarship 1913,NGO Foundation,Computer Science,Punjab,All,All,Buddhist,Postgraduate,Upto 2.5L,70-80,"Rs 60,000/year",12/31,https://scholarships.gov.in,1
Rural Student Scholarship 1914,State Education Board,All,Delhi,Female,General,Muslim,Class 12,Upto 8L,60-70,"Rs 1,500/year",12/30,https://scholarships.gov.in,1
Backward Class Merit Award 1915,NGO Foundation,Agriculture,Assam,Male,All,Jain,Class 10,Upto 2.5L,70-80,"Rs 5,000/year",12/29,https://scholarships.gov.in,1
Academic Excellence Grant 1916,NGO Foundation,Architecture,Kerala,Male,SC,Christian,Diploma,Upto 5L,Above 60,"Rs 3,000/year",10/29,https://scholarships.gov.in,1
BPL Student Aid 1917,Zilla Parishad,Agriculture,Gujarat,Male,All,Sikh,Diploma,Upto 3.5L,90-100,"Rs 5,000/year",12/31,https://scholarships.gov.in,1
Sports & Academics Scholarship 1918,Zilla Parishad,Design,Madhya Pradesh,All,OBC,Sikh,Class 12,Upto 8L,50-60,"Rs 60,000/year",12/31,https://scholarships.gov.in,1
District Topper Scholarship 1919,Zilla Parishad,Design,Assam,Female,General,Christian,Class 12,Upto 8L,60-70,"Rs 75,000/year",9/30,https://scholarships.gov.in,1
Rural Student Scholarship 1920,State Education Board,Computer Science,Odisha,Male,ST,Buddhist,PhD,No Limit,70-80,"Rs 30,000/year",12/31,https://scholarships.gov.in,1
Sports & Academics Scholarship 1921,NGO Foundation,Law,Chhattisgarh,All,General,Buddhist,PhD,No Limit,90-100,"Rs 75,000/year",10/29,https://scholarships.gov.in,1
First Generation Learner Award 1922,Trust Fund,Education,Uttar Pradesh,Female,OBC,Hindu,Diploma,Upto 2.5L,80-90,"Rs 75,000/year",10/29,https://scholarships.gov.in,1
BPL Student Aid 1923,District Collector Office,Law,Punjab,All,General,Hindu,Postgraduate,Upto 5L,60-70,"Rs 75,000/year",9/28,https://scholarships.gov.in,1
Backward Class Merit Award 1924,NGO Foundation,Pharmacy,Haryana,Female,Minority,Christian,Undergraduate,Upto 2.5L,50-60,"Rs 20,000/year",12/28,https://scholarships.gov.in,1
District Topper Scholarship 1925,NGO Foundation,Science,Sikkim,All,OBC,All,PhD,Upto 5L,Above 75,"Rs 2,000/year",11/31,https://scholarships.gov.in,1
BPL Student Aid 1926,Trust Fund,Design,Tamil Nadu,Male,EWS,All,Diploma,Upto 2.5L,90-100,"Rs 35,000/year",11/30,https://scholarships.gov.in,1
Rural Student Scholarship 1927,NGO Foundation,Engineering,Gujarat,Male,SC,Sikh,Class 10,Upto 3.5L,50-60,"Rs 35,000/year",9/31,https://scholarships.gov.in,1
Rural Student Scholarship 1928,State Education Board,Journalism,Jammu & Kashmir,Female,SC,Christian,PhD,No Limit,50-60,"Rs 1,000/year",10/28,https://scholarships.gov.in,1
Academic Excellence Grant 1929,NGO Foundation,Engineering,Bihar,Male,EWS,Christian,PhD,Upto 2.5L,50-60,"Rs 20,000/year",10/30,https://scholarships.gov.in,1
Best Student Award Scholarship 1930,Zilla Parishad,Pharmacy,Meghalaya,Female,SC,Hindu,PhD,No Limit,Above 60,"Rs 75,000/year",12/31,https://scholarships.gov.in,1
Academic Excellence Grant 1931,State Education Board,Arts/Commerce,Gujarat,Male,General,Sikh,Diploma,No Limit,80-90,"Rs 1,000/year",11/30,https://scholarships.gov.in,1
BPL Student Aid 1932,State Education Board,Management,Arunachal Pradesh,Female,General,Muslim,PhD,No Limit,Above 60,"Rs 40,000/year",9/29,https://scholarships.gov.in,1
Women in STEM Scholarship 1933,Zilla Parishad,Agriculture,Delhi,All,All,Muslim,Postgraduate,Upto 5L,Above 75,"Rs 8,000/year",12/29,https://scholarships.gov.in,1
Single Parent Child Scholarship 1934,Trust Fund,Architecture,Jharkhand,Male,ST,Hindu,Class 10,Upto 8L,50-60,"Rs 20,000/year",12/29,https://scholarships.gov.in,1
Rural Student Scholarship 1935,Zilla Parishad,Biotechnology,Meghalaya,All,ST,Buddhist,Undergraduate,Upto 2.5L,Above 75,"Rs 12,000/year",10/29,https://scholarships.gov.in,1
Rural Student Scholarship 1936,Trust Fund,Science,Karnataka,Female,ST,Sikh,Postgraduate,Upto 5L,60-70,"Rs 10,000/year",10/30,https://scholarships.gov.in,1
District Topper Scholarship 1937,Zilla Parishad,Science,Maharashtra,Male,ST,All,PhD,Upto 8L,90-100,"Rs 3,000/year",12/31,https://scholarships.gov.in,1
Rural Student Scholarship 1938,District Collector Office,Pharmacy,Meghalaya,Female,OBC,Muslim,Undergraduate,Upto 5L,Above 75,"Rs 20,000/year",10/30,https://scholarships.gov.in,1
Academic Excellence Grant 1939,Zilla Parishad,Science,Uttar Pradesh,Female,Minority,Hindu,PhD,Upto 5L,70-80,"Rs 20,000/year",9/28,https://scholarships.gov.in,1
Rural Student Scholarship 1940,Zilla Parishad,Management,Chhattisgarh,Female,ST,Christian,PhD,No Limit,50-60,"Rs 8,000/year",12/30,https://scholarships.gov.in,1
District Topper Scholarship 1941,Zilla Parishad,Computer Science,Maharashtra,Male,SC,Muslim,Diploma,Upto 5L,50-60,"Rs 8,000/year",9/30,https://scholarships.gov.in,1
Academic Excellence Grant 1942,State Education Board,Computer Science,Andhra Pradesh,Female,OBC,Sikh,Diploma,Upto 5L,Above 60,"Rs 1,500/year",10/31,https://scholarships.gov.in,1
Women in STEM Scholarship 1943,Zilla Parishad,Law,Telangana,All,All,Sikh,Diploma,Upto 1L,Above 60,"Rs 2,000/year",12/30,https://scholarships.gov.in,1
Backward Class Merit Award 1944,Trust Fund,Management,Nagaland,Male,ST,All,PhD,Upto 3.5L,90-100,"Rs 1,500/year",9/28,https://scholarships.gov.in,1
Academic Excellence Grant 1945,Trust Fund,Law,Karnataka,Male,All,Hindu,Undergraduate,Upto 5L,50-60,"Rs 30,000/year",9/31,https://scholarships.gov.in,1
Best Student Award Scholarship 1946,Zilla Parishad,Medical,Punjab,Male,EWS,Christian,Class 12,Upto 5L,Above 60,"Rs 40,000/year",12/30,https://scholarships.gov.in,1
Rural Student Scholarship 1947,Trust Fund,Journalism,Uttarakhand,Male,EWS,All,PhD,No Limit,80-90,"Rs 3,000/year",9/29,https://scholarships.gov.in,1
Sports & Academics Scholarship 1948,Trust Fund,Medical,Goa,Male,OBC,Buddhist,PhD,Upto 8L,50-60,"Rs 25,000/year",12/28,https://scholarships.gov.in,1
Backward Class Merit Award 1949,NGO Foundation,Management,Tamil Nadu,Female,EWS,Buddhist,Undergraduate,Upto 3.5L,80-90,"Rs 20,000/year",12/28,https://scholarships.gov.in,1
District Topper Scholarship 1950,District Collector Office,Arts/Commerce,Karnataka,All,SC,Buddhist,Class 12,Upto 8L,80-90,"Rs 10,000/year",12/31,https://scholarships.gov.in,1
Single Parent Child Scholarship 1951,Trust Fund,Arts/Commerce,Goa,Female,OBC,Christian,Diploma,Upto 3.5L,60-70,"Rs 50,000/year",12/29,https://scholarships.gov.in,1
Women in STEM Scholarship 1952,District Collector Office,Engineering,Karnataka,All,Minority,Christian,Postgraduate,Upto 3.5L,60-70,"Rs 8,000/year",12/30,https://scholarships.gov.in,1
Single Parent Child Scholarship 1953,Trust Fund,Engineering,Karnataka,Male,ST,Hindu,PhD,Upto 1L,70-80,"Rs 1,500/year",10/30,https://scholarships.gov.in,1
BPL Student Aid 1954,Trust Fund,Engineering,Gujarat,All,EWS,Christian,Postgraduate,Upto 2.5L,60-70,"Rs 30,000/year",12/30,https://scholarships.gov.in,1
First Generation Learner Award 1955,State Education Board,Management,Uttar Pradesh,Male,EWS,Buddhist,Postgraduate,No Limit,Above 60,"Rs 40,000/year",11/28,https://scholarships.gov.in,1
BPL Student Aid 1956,District Collector Office,All,Punjab,Male,All,Jain,Postgraduate,Upto 5L,80-90,"Rs 10,000/year",9/28,https://scholarships.gov.in,1
Rural Student Scholarship 1957,Zilla Parishad,Architecture,Gujarat,Male,SC,Jain,Class 12,No Limit,50-60,"Rs 2,000/year",9/30,https://scholarships.gov.in,1
Best Student Award Scholarship 1958,NGO Foundation,Engineering,Himachal Pradesh,Female,All,All,Class 12,Upto 2.5L,Above 75,"Rs 8,000/year",12/31,https://scholarships.gov.in,1
Women in STEM Scholarship 1959,NGO Foundation,Arts/Commerce,Uttar Pradesh,Female,All,Buddhist,PhD,Upto 3.5L,60-70,"Rs 2,000/year",10/31,https://scholarships.gov.in,1
District Topper Scholarship 1960,Zilla Parishad,Education,Telangana,Male,OBC,Buddhist,Diploma,Upto 3.5L,60-70,"Rs 2,000/year",12/29,https://scholarships.gov.in,1
District Topper Scholarship 1961,Trust Fund,Engineering,Kerala,All,All,Buddhist,Class 10,Upto 1L,Above 75,"Rs 50,000/year",9/29,https://scholarships.gov.in,1
Women in STEM Scholarship 1962,NGO Foundation,Science,Telangana,Female,OBC,Hindu,Postgraduate,Upto 1L,50-60,"Rs 20,000/year",11/28,https://scholarships.gov.in,1
Backward Class Merit Award 1963,Zilla Parishad,Law,Sikkim,All,SC,Christian,Class 12,No Limit,Above 75,"Rs 60,000/year",10/29,https://scholarships.gov.in,1
Best Student Award Scholarship 1964,State Education Board,Architecture,Goa,Female,General,All,Diploma,Upto 8L,50-60,"Rs 75,000/year",10/29,https://scholarships.gov.in,1
First Generation Learner Award 1965,State Education Board,Design,Goa,Female,EWS,Sikh,Class 10,Upto 3.5L,60-70,"Rs 8,000/year",11/30,https://scholarships.gov.in,1
First Generation Learner Award 1966,Zilla Parishad,Agriculture,Assam,All,OBC,Muslim,PhD,Upto 3.5L,50-60,"Rs 6,000/year",12/28,https://scholarships.gov.in,1
District Topper Scholarship 1967,District Collector Office,Law,Mizoram,All,General,Muslim,Undergraduate,Upto 1L,80-90,"Rs 20,000/year",11/29,https://scholarships.gov.in,1
Rural Student Scholarship 1968,Zilla Parishad,Biotechnology,Punjab,All,All,All,Class 12,Upto 5L,70-80,"Rs 1,500/year",10/30,https://scholarships.gov.in,1
First Generation Learner Award 1969,NGO Foundation,Computer Science,Tripura,All,Minority,All,Diploma,Upto 5L,50-60,"Rs 20,000/year",12/28,https://scholarships.gov.in,1
Best Student Award Scholarship 1970,District Collector Office,All,Meghalaya,Female,General,All,Diploma,No Limit,80-90,"Rs 8,000/year",11/28,https://scholarships.gov.in,1
Academic Excellence Grant 1971,Zilla Parishad,Biotechnology,Jammu & Kashmir,All,SC,Jain,Undergraduate,No Limit,70-80,"Rs 3,000/year",10/30,https://scholarships.gov.in,1
Rural Student Scholarship 1972,Trust Fund,Management,Tripura,Female,EWS,Jain,Undergraduate,Upto 3.5L,Above 75,"Rs 10,000/year",11/30,https://scholarships.gov.in,1
Single Parent Child Scholarship 1973,District Collector Office,Pharmacy,Gujarat,Female,All,Hindu,Diploma,Upto 8L,80-90,"Rs 1,000/year",11/30,https://scholarships.gov.in,1
Sports & Academics Scholarship 1974,NGO Foundation,Engineering,Nagaland,Male,OBC,Buddhist,Class 10,Upto 3.5L,70-80,"Rs 8,000/year",9/31,https://scholarships.gov.in,1
Backward Class Merit Award 1975,NGO Foundation,Law,Arunachal Pradesh,Female,All,Muslim,Diploma,Upto 3.5L,Above 75,"Rs 10,000/year",9/29,https://scholarships.gov.in,1
Academic Excellence Grant 1976,NGO Foundation,Biotechnology,Uttar Pradesh,Female,Minority,Sikh,PhD,No Limit,60-70,"Rs 75,000/year",10/29,https://scholarships.gov.in,1
Academic Excellence Grant 1977,NGO Foundation,Education,Mizoram,Female,EWS,Hindu,Diploma,Upto 1L,90-100,"Rs 6,000/year",9/30,https://scholarships.gov.in,1
Best Student Award Scholarship 1978,District Collector Office,Design,Andhra Pradesh,All,OBC,Christian,Diploma,Upto 1L,Above 60,"Rs 2,000/year",10/31,https://scholarships.gov.in,1
Backward Class Merit Award 1979,State Education Board,Agriculture,Meghalaya,Female,OBC,Buddhist,Class 10,Upto 5L,60-70,"Rs 3,000/year",9/28,https://scholarships.gov.in,1
First Generation Learner Award 1980,Trust Fund,Engineering,Punjab,Female,General,Jain,Class 10,Upto 1L,50-60,"Rs 35,000/year",10/29,https://scholarships.gov.in,1
Academic Excellence Grant 1981,State Education Board,Engineering,Assam,Female,All,Christian,Class 10,No Limit,50-60,"Rs 5,000/year",12/29,https://scholarships.gov.in,1
Best Student Award Scholarship 1982,NGO Foundation,Computer Science,Rajasthan,Male,ST,All,Undergraduate,No Limit,50-60,"Rs 1,500/year",9/29,https://scholarships.gov.in,1
Academic Excellence Grant 1983,District Collector Office,Biotechnology,Rajasthan,All,Minority,Sikh,Class 10,Upto 2.5L,80-90,"Rs 2,500/year",12/29,https://scholarships.gov.in,1
Academic Excellence Grant 1984,State Education Board,Science,Nagaland,All,OBC,Hindu,PhD,No Limit,80-90,"Rs 12,000/year",9/30,https://scholarships.gov.in,1
District Topper Scholarship 1985,State Education Board,Arts/Commerce,Meghalaya,Male,OBC,Hindu,Undergraduate,Upto 3.5L,80-90,"Rs 12,000/year",11/31,https://scholarships.gov.in,1
District Topper Scholarship 1986,NGO Foundation,Management,Sikkim,All,General,All,Diploma,No Limit,Above 60,"Rs 15,000/year",9/31,https://scholarships.gov.in,1
Backward Class Merit Award 1987,Trust Fund,Engineering,Rajasthan,Female,ST,Hindu,Diploma,Upto 5L,50-60,"Rs 8,000/year",11/28,https://scholarships.gov.in,1
Women in STEM Scholarship 1988,Zilla Parishad,Biotechnology,Nagaland,Male,SC,All,PhD,Upto 3.5L,Above 60,"Rs 30,000/year",10/30,https://scholarships.gov.in,1
BPL Student Aid 1989,NGO Foundation,Engineering,Uttarakhand,Male,All,Buddhist,PhD,Upto 2.5L,Above 75,"Rs 2,000/year",12/28,https://scholarships.gov.in,1
Women in STEM Scholarship 1990,Zilla Parishad,Science,Haryana,Female,All,Christian,Postgraduate,No Limit,80-90,"Rs 20,000/year",11/31,https://scholarships.gov.in,1
Single Parent Child Scholarship 1991,District Collector Office,Engineering,Telangana,Male,SC,Christian,Postgraduate,No Limit,Above 60,"Rs 75,000/year",11/29,https://scholarships.gov.in,1
Rural Student Scholarship 1992,Trust Fund,Medical,Jammu & Kashmir,All,ST,Muslim,Class 12,Upto 3.5L,Above 60,"Rs 60,000/year",12/31,https://scholarships.gov.in,1
Academic Excellence Grant 1993,State Education Board,Medical,Mizoram,Male,SC,Sikh,Class 12,Upto 8L,50-60,"Rs 25,000/year",10/31,https://scholarships.gov.in,1
Backward Class Merit Award 1994,District Collector Office,Arts/Commerce,Telangana,Female,Minority,Christian,Diploma,Upto 3.5L,Above 75,"Rs 18,000/year",10/31,https://scholarships.gov.in,1
Academic Excellence Grant 1995,District Collector Office,Management,Goa,Male,SC,Hindu,PhD,Upto 3.5L,70-80,"Rs 60,000/year",9/30,https://scholarships.gov.in,1
Single Parent Child Scholarship 1996,Trust Fund,Education,Uttar Pradesh,Female,ST,Buddhist,Diploma,Upto 8L,Above 60,"Rs 50,000/year",10/29,https://scholarships.gov.in,1
Rural Student Scholarship 1997,District Collector Office,Journalism,Uttar Pradesh,Male,SC,Buddhist,Class 10,No Limit,60-70,"Rs 1,500/year",9/30,https://scholarships.gov.in,1
Sports & Academics Scholarship 1998,NGO Foundation,Science,Goa,All,General,Buddhist,PhD,Upto 1L,50-60,"Rs 3,000/year",9/31,https://scholarships.gov.in,1
Academic Excellence Grant 1999,State Education Board,Medical,Tripura,All,EWS,Jain,Diploma,Upto 3.5L,60-70,"Rs 2,000/year",12/30,https://scholarships.gov.in,1
Women in STEM Scholarship 2000,District Collector Office,Education,Punjab,All,EWS,Christian,Postgraduate,Upto 8L,90-100,"Rs 60,000/year",10/29,https://scholarships.gov.in,1
District Topper Scholarship 2001,State Education Board,Education,Nagaland,All,General,All,PhD,Upto 1L,90-100,"Rs 40,000/year",10/28,https://scholarships.gov.in,1
Single Parent Child Scholarship 2002,Zilla Parishad,All,Sikkim,Male,All,Christian,PhD,No Limit,60-70,"Rs 25,000/year",12/31,https://scholarships.gov.in,1
Academic Excellence Grant 2003,State Education Board,Management,Manipur,Female,SC,Sikh,Postgraduate,Upto 3.5L,60-70,"Rs 40,000/year",11/28,https://scholarships.gov.in,1
Rural Student Scholarship 2004,NGO Foundation,Computer Science,Nagaland,All,SC,Christian,Class 10,Upto 8L,50-60,"Rs 40,000/year",12/31,https://scholarships.gov.in,1
Sports & Academics Scholarship 2005,Trust Fund,Computer Science,West Bengal,Female,EWS,Sikh,Undergraduate,No Limit,50-60,"Rs 2,500/year",11/29,https://scholarships.gov.in,1
Sports & Academics Scholarship 2006,NGO Foundation,Law,Goa,All,SC,Buddhist,Class 10,Upto 5L,Above 75,"Rs 12,000/year",10/30,https://scholarships.gov.in,1
Best Student Award Scholarship 2007,State Education Board,Law,Jammu & Kashmir,Male,All,Jain,PhD,Upto 1L,Above 75,"Rs 10,000/year",11/31,https://scholarships.gov.in,1
BPL Student Aid 2008,State Education Board,All,Maharashtra,Female,General,Christian,Diploma,Upto 2.5L,80-90,"Rs 40,000/year",9/30,https://scholarships.gov.in,1
Academic Excellence Grant 2009,District Collector Office,Architecture,Mizoram,Female,Minority,Hindu,Class 12,Upto 8L,Above 75,"Rs 20,000/year",9/28,https://scholarships.gov.in,1
Best Student Award Scholarship 2010,NGO Foundation,Biotechnology,Kerala,Female,EWS,Buddhist,Class 12,Upto 1L,60-70,"Rs 3,000/year",10/30,https://scholarships.gov.in,1
BPL Student Aid 2011,State Education Board,All,Delhi,All,ST,Buddhist,PhD,Upto 2.5L,70-80,"Rs 2,500/year",12/29,https://scholarships.gov.in,1
Sports & Academics Scholarship 2012,District Collector Office,Journalism,Arunachal Pradesh,All,Minority,Muslim,Class 10,Upto 1L,Above 75,"Rs 20,000/year",12/30,https://scholarships.gov.in,1
District Topper Scholarship 2013,State Education Board,Education,Himachal Pradesh,Female,SC,Jain,PhD,Upto 8L,60-70,"Rs 75,000/year",11/31,https://scholarships.gov.in,1
District Topper Scholarship 2014,State Education Board,Architecture,Meghalaya,Female,ST,Muslim,Postgraduate,No Limit,50-60,"Rs 10,000/year",9/29,https://scholarships.gov.in,1
Single Parent Child Scholarship 2015,Zilla Parishad,Arts/Commerce,Tamil Nadu,Female,ST,Sikh,Undergraduate,Upto 8L,70-80,"Rs 8,000/year",11/29,https://scholarships.gov.in,1
Sports & Academics Scholarship 2016,District Collector Office,Architecture,Manipur,Male,Minority,Jain,Diploma,Upto 2.5L,70-80,"Rs 75,000/year",10/30,https://scholarships.gov.in,1
First Generation Learner Award 2017,District Collector Office,Science,Tripura,All,SC,Muslim,Class 10,Upto 1L,70-80,"Rs 10,000/year",12/30,https://scholarships.gov.in,1
First Generation Learner Award 2018,Zilla Parishad,Education,Jharkhand,Female,ST,Muslim,Undergraduate,Upto 2.5L,70-80,"Rs 8,000/year",12/30,https://scholarships.gov.in,1
Academic Excellence Grant 2019,NGO Foundation,All,Meghalaya,All,Minority,All,Diploma,Upto 5L,70-80,"Rs 3,000/year",10/29,https://scholarships.gov.in,1
Sports & Academics Scholarship 2020,NGO Foundation,Education,Jammu & Kashmir,Female,ST,Hindu,Postgraduate,Upto 1L,70-80,"Rs 30,000/year",9/31,https://scholarships.gov.in,1
Backward Class Merit Award 2021,NGO Foundation,Arts/Commerce,Jammu & Kashmir,Male,General,Muslim,PhD,Upto 3.5L,80-90,"Rs 10,000/year",9/31,https://scholarships.gov.in,1
Academic Excellence Grant 2022,Trust Fund,Education,Jharkhand,All,All,Jain,Diploma,Upto 5L,80-90,"Rs 30,000/year",12/31,https://scholarships.gov.in,1
Best Student Award Scholarship 2023,Zilla Parishad,All,Mizoram,Female,ST,Jain,Undergraduate,Upto 1L,80-90,"Rs 2,000/year",11/30,https://scholarships.gov.in,1
Academic Excellence Grant 2024,NGO Foundation,Engineering,Sikkim,All,SC,Buddhist,Postgraduate,Upto 8L,80-90,"Rs 10,000/year",12/31,https://scholarships.gov.in,1
First Generation Learner Award 2025,State Education Board,Pharmacy,Uttar Pradesh,Female,Minority,Jain,Class 12,Upto 2.5L,90-100,"Rs 5,000/year",9/30,https://scholarships.gov.in,1
Women in STEM Scholarship 2026,District Collector Office,Biotechnology,Mizoram,Male,ST,Hindu,PhD,Upto 8L,50-60,"Rs 2,000/year",9/30,https://scholarships.gov.in,1
District Topper Scholarship 2027,Zilla Parishad,Pharmacy,Madhya Pradesh,All,ST,Muslim,Postgraduate,Upto 2.5L,Above 60,"Rs 3,000/year",12/29,https://scholarships.gov.in,1
Rural Student Scholarship 2028,District Collector Office,Arts/Commerce,West Bengal,All,OBC,Christian,Diploma,No Limit,80-90,"Rs 40,000/year",10/30,https://scholarships.gov.in,1
Rural Student Scholarship 2029,State Education Board,Journalism,Sikkim,Female,Minority,All,Class 12,No Limit,70-80,"Rs 1,500/year",10/30,https://scholarships.gov.in,1
Best Student Award Scholarship 2030,Trust Fund,Biotechnology,Meghalaya,Female,EWS,Muslim,Postgraduate,Upto 3.5L,Above 60,"Rs 2,500/year",11/31,https://scholarships.gov.in,1
District Topper Scholarship 2031,Zilla Parishad,Education,Chhattisgarh,Male,All,Hindu,Diploma,Upto 1L,60-70,"Rs 1,000/year",10/31,https://scholarships.gov.in,1
Rural Student Scholarship 2032,District Collector Office,Science,Meghalaya,All,SC,Jain,Class 12,Upto 8L,Above 60,"Rs 1,500/year",11/28,https://scholarships.gov.in,1
Academic Excellence Grant 2033,Zilla Parishad,Design,Delhi,Male,All,Muslim,Undergraduate,Upto 5L,70-80,"Rs 6,000/year",12/29,https://scholarships.gov.in,1
Best Student Award Scholarship 2034,District Collector Office,Management,Sikkim,Male,All,Christian,Class 10,Upto 3.5L,70-80,"Rs 6,000/year",11/30,https://scholarships.gov.in,1
District Topper Scholarship 2035,State Education Board,Architecture,Delhi,Male,OBC,All,Class 12,Upto 8L,Above 60,"Rs 2,000/year",10/29,https://scholarships.gov.in,1
Single Parent Child Scholarship 2036,NGO Foundation,Architecture,Mizoram,Female,Minority,Christian,Postgraduate,No Limit,Above 60,"Rs 75,000/year",10/28,https://scholarships.gov.in,1
Single Parent Child Scholarship 2037,Trust Fund,Law,Karnataka,Female,ST,Sikh,Class 10,Upto 3.5L,50-60,"Rs 3,000/year",10/28,https://scholarships.gov.in,1
Single Parent Child Scholarship 2038,District Collector Office,Architecture,Rajasthan,All,All,Muslim,Diploma,Upto 5L,Above 60,"Rs 30,000/year",12/28,https://scholarships.gov.in,1
District Topper Scholarship 2039,NGO Foundation,Science,Arunachal Pradesh,All,All,Christian,Diploma,Upto 5L,Above 60,"Rs 12,000/year",9/31,https://scholarships.gov.in,1
Academic Excellence Grant 2040,District Collector Office,Law,Arunachal Pradesh,All,Minority,Buddhist,Diploma,Upto 5L,Above 60,"Rs 10,000/year",12/30,https://scholarships.gov.in,1
First Generation Learner Award 2041,District Collector Office,Arts/Commerce,Jammu & Kashmir,All,OBC,Buddhist,Postgraduate,Upto 5L,Above 60,"Rs 75,000/year",10/30,https://scholarships.gov.in,1
Single Parent Child Scholarship 2042,Trust Fund,Medical,Tamil Nadu,Female,Minority,Jain,Class 12,Upto 1L,90-100,"Rs 25,000/year",9/29,https://scholarships.gov.in,1
Academic Excellence Grant 2043,District Collector Office,Pharmacy,Rajasthan,Male,All,Jain,Undergraduate,No Limit,60-70,"Rs 6,000/year",9/31,https://scholarships.gov.in,1
District Topper Scholarship 2044,Zilla Parishad,Management,Jharkhand,All,Minority,Muslim,Undergraduate,Upto 2.5L,60-70,"Rs 50,000/year",10/30,https://scholarships.gov.in,1
District Topper Scholarship 2045,State Education Board,Law,Rajasthan,All,OBC,All,Undergraduate,Upto 2.5L,60-70,"Rs 10,000/year",11/30,https://scholarships.gov.in,1
BPL Student Aid 2046,Zilla Parishad,Arts/Commerce,Madhya Pradesh,All,SC,All,Class 12,Upto 1L,80-90,"Rs 2,500/year",10/29,https://scholarships.gov.in,1
First Generation Learner Award 2047,District Collector Office,Science,Maharashtra,All,OBC,Muslim,Postgraduate,Upto 3.5L,Above 75,"Rs 1,500/year",9/31,https://scholarships.gov.in,1
Sports & Academics Scholarship 2048,NGO Foundation,Science,Odisha,Female,SC,Christian,Class 10,Upto 8L,90-100,"Rs 75,000/year",9/28,https://scholarships.gov.in,1
Single Parent Child Scholarship 2049,Trust Fund,Arts/Commerce,Goa,Male,General,Hindu,Undergraduate,No Limit,90-100,"Rs 2,500/year",9/31,https://scholarships.gov.in,1
Best Student Award Scholarship 2050,NGO Foundation,Computer Science,Kerala,Male,Minority,Christian,Class 12,Upto 8L,Above 60,"Rs 12,000/year",11/30,https://scholarships.gov.in,1
Academic Excellence Grant 2051,NGO Foundation,Agriculture,Maharashtra,Male,ST,Jain,Class 10,Upto 8L,Above 60,"Rs 15,000/year",10/31,https://scholarships.gov.in,1
District Topper Scholarship 2052,Zilla Parishad,Education,Mizoram,Male,EWS,Sikh,Class 12,Upto 3.5L,50-60,"Rs 35,000/year",10/30,https://scholarships.gov.in,1
BPL Student Aid 2053,Zilla Parishad,Education,Madhya Pradesh,Female,Minority,Jain,Diploma,Upto 2.5L,90-100,"Rs 10,000/year",11/29,https://scholarships.gov.in,1
Women in STEM Scholarship 2054,NGO Foundation,Architecture,Andhra Pradesh,All,OBC,Sikh,Diploma,Upto 5L,70-80,"Rs 20,000/year",10/29,https://scholarships.gov.in,1
Academic Excellence Grant 2055,Trust Fund,Engineering,Tripura,All,SC,Buddhist,Diploma,No Limit,Above 60,"Rs 5,000/year",11/29,https://scholarships.gov.in,1
BPL Student Aid 2056,Trust Fund,Agriculture,Goa,Female,General,Christian,Postgraduate,No Limit,60-70,"Rs 3,000/year",10/29,https://scholarships.gov.in,1
Rural Student Scholarship 2057,District Collector Office,Agriculture,Madhya Pradesh,Female,All,Muslim,Diploma,Upto 5L,60-70,"Rs 18,000/year",9/28,https://scholarships.gov.in,1
First Generation Learner Award 2058,District Collector Office,Management,Manipur,Female,ST,All,Class 10,No Limit,90-100,"Rs 50,000/year",10/30,https://scholarships.gov.in,1
Rural Student Scholarship 2059,NGO Foundation,Biotechnology,Nagaland,Male,EWS,Hindu,PhD,Upto 3.5L,Above 60,"Rs 3,000/year",11/30,https://scholarships.gov.in,1
Sports & Academics Scholarship 2060,NGO Foundation,Architecture,Goa,Male,All,Muslim,Diploma,Upto 3.5L,Above 75,"Rs 15,000/year",12/30,https://scholarships.gov.in,1
Sports & Academics Scholarship 2061,Zilla Parishad,Engineering,Assam,Female,Minority,Jain,Class 10,Upto 1L,60-70,"Rs 30,000/year",11/30,https://scholarships.gov.in,1
Rural Student Scholarship 2062,Trust Fund,Computer Science,Jammu & Kashmir,Female,EWS,Hindu,Class 12,Upto 3.5L,Above 60,"Rs 2,500/year",11/31,https://scholarships.gov.in,1
District Topper Scholarship 2063,Zilla Parishad,Management,Uttarakhand,Female,General,Hindu,Class 10,Upto 5L,90-100,"Rs 5,000/year",11/29,https://scholarships.gov.in,1
District Topper Scholarship 2064,Zilla Parishad,Journalism,Kerala,Male,All,Sikh,Diploma,Upto 2.5L,Above 75,"Rs 40,000/year",10/29,https://scholarships.gov.in,1
District Topper Scholarship 2065,Trust Fund,Biotechnology,Karnataka,Female,EWS,All,Diploma,Upto 8L,Above 75,"Rs 20,000/year",12/29,https://scholarships.gov.in,1
Backward Class Merit Award 2066,Zilla Parishad,Architecture,Himachal Pradesh,Female,SC,Muslim,Undergraduate,Upto 8L,60-70,"Rs 3,000/year",9/28,https://scholarships.gov.in,1
District Topper Scholarship 2067,District Collector Office,Computer Science,Karnataka,All,SC,All,Undergraduate,No Limit,80-90,"Rs 18,000/year",11/31,https://scholarships.gov.in,1
District Topper Scholarship 2068,Trust Fund,Arts/Commerce,Jharkhand,Male,ST,Buddhist,Class 10,Upto 3.5L,80-90,"Rs 2,500/year",9/29,https://scholarships.gov.in,1
Rural Student Scholarship 2069,Trust Fund,Engineering,Telangana,Female,All,Buddhist,Postgraduate,Upto 3.5L,Above 60,"Rs 50,000/year",10/31,https://scholarships.gov.in,1
First Generation Learner Award 2070,NGO Foundation,Architecture,Andhra Pradesh,Female,General,Christian,Class 10,No Limit,70-80,"Rs 12,000/year",12/28,https://scholarships.gov.in,1
BPL Student Aid 2071,Trust Fund,Engineering,West Bengal,Male,All,Sikh,Diploma,Upto 2.5L,50-60,"Rs 10,000/year",9/31,https://scholarships.gov.in,1
Academic Excellence Grant 2072,District Collector Office,Design,Delhi,Female,OBC,Muslim,Diploma,Upto 5L,90-100,"Rs 15,000/year",9/29,https://scholarships.gov.in,1
Academic Excellence Grant 2073,District Collector Office,Education,Telangana,Male,General,Sikh,Class 10,Upto 8L,60-70,"Rs 15,000/year",12/30,https://scholarships.gov.in,1
District Topper Scholarship 2074,State Education Board,Architecture,Madhya Pradesh,Female,EWS,Jain,Class 10,Upto 2.5L,70-80,"Rs 2,000/year",9/31,https://scholarships.gov.in,1
Sports & Academics Scholarship 2075,NGO Foundation,Journalism,Punjab,All,ST,All,PhD,Upto 3.5L,50-60,"Rs 50,000/year",12/31,https://scholarships.gov.in,1
Academic Excellence Grant 2076,District Collector Office,Engineering,Maharashtra,All,General,Sikh,Diploma,Upto 5L,90-100,"Rs 6,000/year",10/28,https://scholarships.gov.in,1
BPL Student Aid 2077,District Collector Office,Agriculture,Telangana,Male,Minority,Christian,Postgraduate,Upto 2.5L,Above 60,"Rs 2,000/year",10/29,https://scholarships.gov.in,1
Rural Student Scholarship 2078,Trust Fund,Engineering,Uttar Pradesh,All,All,Sikh,Postgraduate,Upto 8L,70-80,"Rs 50,000/year",12/29,https://scholarships.gov.in,1
Best Student Award Scholarship 2079,NGO Foundation,Arts/Commerce,Madhya Pradesh,Female,SC,Hindu,Undergraduate,Upto 8L,90-100,"Rs 5,000/year",10/28,https://scholarships.gov.in,1
Sports & Academics Scholarship 2080,Zilla Parishad,Pharmacy,Odisha,Male,All,Buddhist,Undergraduate,Upto 3.5L,80-90,"Rs 6,000/year",12/28,https://scholarships.gov.in,1
District Topper Scholarship 2081,NGO Foundation,Architecture,Maharashtra,Female,Minority,Christian,Diploma,No Limit,70-80,"Rs 25,000/year",9/29,https://scholarships.gov.in,1
Best Student Award Scholarship 2082,District Collector Office,Law,Goa,All,OBC,Jain,Class 10,Upto 2.5L,60-70,"Rs 50,000/year",10/31,https://scholarships.gov.in,1
Single Parent Child Scholarship 2083,District Collector Office,Architecture,Chhattisgarh,All,Minority,Muslim,Undergraduate,Upto 8L,90-100,"Rs 30,000/year",10/30,https://scholarships.gov.in,1
Backward Class Merit Award 2084,Zilla Parishad,Science,Delhi,Female,SC,All,PhD,Upto 8L,80-90,"Rs 35,000/year",9/31,https://scholarships.gov.in,1
Sports & Academics Scholarship 2085,NGO Foundation,Medical,Himachal Pradesh,Female,EWS,All,Class 12,Upto 2.5L,50-60,"Rs 10,000/year",11/30,https://scholarships.gov.in,1
Best Student Award Scholarship 2086,Zilla Parishad,Architecture,Jammu & Kashmir,Female,OBC,Muslim,Postgraduate,Upto 8L,60-70,"Rs 18,000/year",11/30,https://scholarships.gov.in,1
District Topper Scholarship 2087,District Collector Office,Biotechnology,Bihar,All,EWS,Christian,Undergraduate,Upto 3.5L,50-60,"Rs 6,000/year",9/30,https://scholarships.gov.in,1
Rural Student Scholarship 2088,Zilla Parishad,Biotechnology,Mizoram,Female,OBC,All,Class 12,Upto 5L,50-60,"Rs 20,000/year",12/28,https://scholarships.gov.in,1
Rural Student Scholarship 2089,Zilla Parishad,Engineering,Jharkhand,Male,General,Sikh,PhD,Upto 3.5L,Above 75,"Rs 15,000/year",11/31,https://scholarships.gov.in,1
Rural Student Scholarship 2090,District Collector Office,Computer Science,Madhya Pradesh,Female,Minority,Hindu,Postgraduate,Upto 3.5L,70-80,"Rs 8,000/year",11/28,https://scholarships.gov.in,1
Women in STEM Scholarship 2091,District Collector Office,Arts/Commerce,Kerala,Male,Minority,All,Diploma,Upto 8L,Above 60,"Rs 18,000/year",9/31,https://scholarships.gov.in,1
First Generation Learner Award 2092,District Collector Office,Education,Mizoram,All,Minority,Buddhist,Undergraduate,Upto 2.5L,Above 60,"Rs 5,000/year",9/31,https://scholarships.gov.in,1
First Generation Learner Award 2093,Zilla Parishad,Law,Uttar Pradesh,Male,All,Muslim,Diploma,Upto 8L,80-90,"Rs 1,500/year",9/30,https://scholarships.gov.in,1
Best Student Award Scholarship 2094,Trust Fund,Arts/Commerce,Chhattisgarh,Female,All,Jain,Class 10,Upto 8L,90-100,"Rs 30,000/year",9/29,https://scholarships.gov.in,1
Sports & Academics Scholarship 2095,District Collector Office,Law,Meghalaya,Female,SC,Christian,Undergraduate,Upto 3.5L,60-70,"Rs 75,000/year",9/29,https://scholarships.gov.in,1
Backward Class Merit Award 2096,NGO Foundation,Journalism,Andhra Pradesh,All,EWS,Jain,Undergraduate,Upto 3.5L,80-90,"Rs 1,500/year",10/28,https://scholarships.gov.in,1
Rural Student Scholarship 2097,NGO Foundation,Engineering,Tripura,All,SC,Christian,PhD,Upto 2.5L,70-80,"Rs 50,000/year",12/28,https://scholarships.gov.in,1
Backward Class Merit Award 2098,State Education Board,Journalism,Jammu & Kashmir,Female,Minority,Buddhist,Class 12,Upto 1L,70-80,"Rs 30,000/year",10/29,https://scholarships.gov.in,1
Single Parent Child Scholarship 2099,Zilla Parishad,Medical,Tamil Nadu,Male,OBC,Jain,Class 10,Upto 3.5L,80-90,"Rs 75,000/year",10/28,https://scholarships.gov.in,1
Rural Student Scholarship 2100,State Education Board,Design,Meghalaya,Male,OBC,Christian,Undergraduate,Upto 1L,70-80,"Rs 40,000/year",10/28,https://scholarships.gov.in,1
Sports & Academics Scholarship 2101,NGO Foundation,Biotechnology,Meghalaya,All,General,Sikh,Class 12,Upto 1L,70-80,"Rs 18,000/year",12/31,https://scholarships.gov.in,1
BPL Student Aid 2102,State Education Board,Law,Telangana,Male,General,Sikh,Postgraduate,No Limit,90-100,"Rs 20,000/year",11/31,https://scholarships.gov.in,1
Backward Class Merit Award 2103,State Education Board,All,Jharkhand,Male,All,Christian,Diploma,Upto 8L,90-100,"Rs 15,000/year",10/30,https://scholarships.gov.in,1
Backward Class Merit Award 2104,NGO Foundation,Agriculture,Karnataka,All,General,Hindu,Undergraduate,Upto 5L,Above 60,"Rs 1,500/year",9/30,https://scholarships.gov.in,1
District Topper Scholarship 2105,District Collector Office,Computer Science,Delhi,Female,Minority,Buddhist,PhD,Upto 1L,Above 60,"Rs 2,000/year",11/31,https://scholarships.gov.in,1
Rural Student Scholarship 2106,Trust Fund,Architecture,Himachal Pradesh,Male,Minority,Jain,Class 10,Upto 1L,70-80,"Rs 30,000/year",12/31,https://scholarships.gov.in,1
BPL Student Aid 2107,Trust Fund,Arts/Commerce,Goa,All,EWS,All,Diploma,Upto 5L,Above 60,"Rs 60,000/year",11/31,https://scholarships.gov.in,1
District Topper Scholarship 2108,Trust Fund,Arts/Commerce,Meghalaya,Female,All,Sikh,Postgraduate,Upto 2.5L,90-100,"Rs 10,000/year",10/30,https://scholarships.gov.in,1
Single Parent Child Scholarship 2109,State Education Board,Education,West Bengal,Male,OBC,Jain,Undergraduate,No Limit,Above 60,"Rs 75,000/year",9/31,https://scholarships.gov.in,1
District Topper Scholarship 2110,Zilla Parishad,Education,Chhattisgarh,Male,Minority,Sikh,Postgraduate,Upto 2.5L,90-100,"Rs 30,000/year",10/28,https://scholarships.gov.in,1
Backward Class Merit Award 2111,State Education Board,Pharmacy,Punjab,All,General,Christian,PhD,No Limit,50-60,"Rs 60,000/year",10/28,https://scholarships.gov.in,1
BPL Student Aid 2112,NGO Foundation,Law,Gujarat,Female,General,Buddhist,Undergraduate,No Limit,80-90,"Rs 30,000/year",10/30,https://scholarships.gov.in,1
Rural Student Scholarship 2113,NGO Foundation,Journalism,Andhra Pradesh,Female,ST,Hindu,Postgraduate,Upto 3.5L,80-90,"Rs 8,000/year",9/31,https://scholarships.gov.in,1
Rural Student Scholarship 2114,Trust Fund,Arts/Commerce,Tamil Nadu,All,ST,All,Undergraduate,Upto 8L,90-100,"Rs 5,000/year",11/29,https://scholarships.gov.in,1
Single Parent Child Scholarship 2115,Trust Fund,Management,Kerala,Male,General,All,Diploma,Upto 5L,Above 75,"Rs 2,000/year",11/31,https://scholarships.gov.in,1
Sports & Academics Scholarship 2116,District Collector Office,Design,Tamil Nadu,Female,All,Christian,Postgraduate,Upto 3.5L,90-100,"Rs 2,000/year",9/30,https://scholarships.gov.in,1
Academic Excellence Grant 2117,NGO Foundation,Design,Arunachal Pradesh,Female,OBC,Buddhist,Class 12,Upto 8L,Above 75,"Rs 1,000/year",12/30,https://scholarships.gov.in,1
Sports & Academics Scholarship 2118,State Education Board,Architecture,Arunachal Pradesh,All,ST,Christian,Class 10,No Limit,90-100,"Rs 10,000/year",12/31,https://scholarships.gov.in,1
Single Parent Child Scholarship 2119,District Collector Office,All,Nagaland,All,General,Sikh,Diploma,Upto 3.5L,90-100,"Rs 3,000/year",11/29,https://scholarships.gov.in,1
Backward Class Merit Award 2120,State Education Board,Pharmacy,Haryana,Male,ST,Hindu,PhD,No Limit,Above 60,"Rs 5,000/year",10/31,https://scholarships.gov.in,1
First Generation Learner Award 2121,District Collector Office,Journalism,Arunachal Pradesh,All,OBC,Jain,PhD,Upto 2.5L,Above 60,"Rs 75,000/year",11/29,https://scholarships.gov.in,1
Single Parent Child Scholarship 2122,Trust Fund,Engineering,Tamil Nadu,All,OBC,Christian,Class 12,Upto 3.5L,80-90,"Rs 40,000/year",12/28,https://scholarships.gov.in,1
Single Parent Child Scholarship 2123,State Education Board,Design,Gujarat,Female,EWS,Muslim,PhD,Upto 5L,70-80,"Rs 12,000/year",10/31,https://scholarships.gov.in,1
Women in STEM Scholarship 2124,NGO Foundation,Design,Assam,Male,ST,Jain,Class 12,No Limit,Above 60,"Rs 50,000/year",10/30,https://scholarships.gov.in,1
Women in STEM Scholarship 2125,Trust Fund,Science,Nagaland,All,EWS,Hindu,Postgraduate,Upto 8L,90-100,"Rs 2,000/year",10/30,https://scholarships.gov.in,1
BPL Student Aid 2126,Zilla Parishad,Science,Bihar,Female,General,Muslim,Class 10,Upto 1L,60-70,"Rs 40,000/year",10/29,https://scholarships.gov.in,1
BPL Student Aid 2127,NGO Foundation,Agriculture,Punjab,Female,General,Jain,PhD,Upto 1L,90-100,"Rs 1,500/year",12/28,https://scholarships.gov.in,1
Academic Excellence Grant 2128,District Collector Office,Design,Telangana,Male,EWS,All,Undergraduate,Upto 1L,60-70,"Rs 2,000/year",12/29,https://scholarships.gov.in,1
Rural Student Scholarship 2129,District Collector Office,Architecture,Nagaland,Male,All,Hindu,Postgraduate,Upto 8L,50-60,"Rs 40,000/year",12/31,https://scholarships.gov.in,1
Single Parent Child Scholarship 2130,Zilla Parishad,Engineering,Tamil Nadu,Male,ST,Sikh,Postgraduate,Upto 2.5L,80-90,"Rs 35,000/year",12/28,https://scholarships.gov.in,1
Best Student Award Scholarship 2131,State Education Board,Design,Goa,Female,General,Sikh,Undergraduate,Upto 2.5L,50-60,"Rs 15,000/year",10/28,https://scholarships.gov.in,1
BPL Student Aid 2132,District Collector Office,Management,Telangana,All,General,Christian,PhD,Upto 3.5L,60-70,"Rs 1,500/year",10/28,https://scholarships.gov.in,1
District Topper Scholarship 2133,Trust Fund,Engineering,Delhi,Male,General,Jain,Diploma,Upto 1L,80-90,"Rs 1,000/year",11/28,https://scholarships.gov.in,1
First Generation Learner Award 2134,NGO Foundation,Journalism,Jharkhand,Male,SC,Buddhist,PhD,Upto 5L,70-80,"Rs 40,000/year",9/28,https://scholarships.gov.in,1
Single Parent Child Scholarship 2135,District Collector Office,Journalism,Assam,Male,ST,All,Undergraduate,Upto 8L,Above 75,"Rs 12,000/year",12/28,https://scholarships.gov.in,1
Single Parent Child Scholarship 2136,Trust Fund,Journalism,Mizoram,Female,Minority,Hindu,Postgraduate,Upto 1L,60-70,"Rs 10,000/year",9/31,https://scholarships.gov.in,1
Best Student Award Scholarship 2137,District Collector Office,All,Haryana,Female,SC,Christian,Diploma,Upto 3.5L,Above 60,"Rs 50,000/year",10/30,https://scholarships.gov.in,1
Women in STEM Scholarship 2138,Trust Fund,Arts/Commerce,Bihar,Male,SC,Christian,Class 10,Upto 8L,70-80,"Rs 8,000/year",10/28,https://scholarships.gov.in,1
Single Parent Child Scholarship 2139,Zilla Parishad,Architecture,Tamil Nadu,Male,OBC,Christian,Class 10,Upto 2.5L,50-60,"Rs 15,000/year",10/30,https://scholarships.gov.in,1
BPL Student Aid 2140,NGO Foundation,Pharmacy,Bihar,Female,OBC,Muslim,Postgraduate,Upto 1L,90-100,"Rs 25,000/year",11/28,https://scholarships.gov.in,1
BPL Student Aid 2141,District Collector Office,Science,Arunachal Pradesh,All,All,Muslim,Class 10,Upto 2.5L,80-90,"Rs 5,000/year",12/30,https://scholarships.gov.in,1
Sports & Academics Scholarship 2142,State Education Board,Computer Science,Haryana,Female,General,Buddhist,PhD,Upto 2.5L,50-60,"Rs 25,000/year",10/29,https://scholarships.gov.in,1
Backward Class Merit Award 2143,NGO Foundation,Computer Science,Uttar Pradesh,All,General,Sikh,Class 10,Upto 3.5L,50-60,"Rs 60,000/year",9/29,https://scholarships.gov.in,1
Single Parent Child Scholarship 2144,District Collector Office,Architecture,Arunachal Pradesh,Female,Minority,All,PhD,Upto 3.5L,90-100,"Rs 5,000/year",11/31,https://scholarships.gov.in,1
Sports & Academics Scholarship 2145,District Collector Office,Architecture,Chhattisgarh,All,EWS,Christian,Class 10,No Limit,90-100,"Rs 1,500/year",9/31,https://scholarships.gov.in,1
Women in STEM Scholarship 2146,District Collector Office,Design,Manipur,Female,SC,Hindu,Postgraduate,No Limit,80-90,"Rs 8,000/year",12/31,https://scholarships.gov.in,1
First Generation Learner Award 2147,State Education Board,Management,Uttar Pradesh,Female,Minority,Christian,Class 12,Upto 2.5L,70-80,"Rs 3,000/year",10/31,https://scholarships.gov.in,1
Rural Student Scholarship 2148,District Collector Office,Medical,Sikkim,All,ST,Hindu,Postgraduate,Upto 5L,Above 60,"Rs 20,000/year",9/31,https://scholarships.gov.in,1
Best Student Award Scholarship 2149,State Education Board,Agriculture,Andhra Pradesh,All,SC,Hindu,Diploma,Upto 1L,Above 60,"Rs 1,500/year",12/30,https://scholarships.gov.in,1
Academic Excellence Grant 2150,NGO Foundation,Arts/Commerce,Tamil Nadu,Male,Minority,All,Diploma,Upto 8L,70-80,"Rs 75,000/year",12/28,https://scholarships.gov.in,1
BPL Student Aid 2151,District Collector Office,Computer Science,Gujarat,Male,ST,Christian,Diploma,Upto 3.5L,50-60,"Rs 5,000/year",10/31,https://scholarships.gov.in,1
Backward Class Merit Award 2152,Zilla Parishad,Science,Jharkhand,All,Minority,Buddhist,Class 10,Upto 8L,Above 60,"Rs 8,000/year",11/28,https://scholarships.gov.in,1
Best Student Award Scholarship 2153,State Education Board,Biotechnology,Tripura,Female,OBC,Muslim,Postgraduate,Upto 5L,Above 60,"Rs 75,000/year",9/29,https://scholarships.gov.in,1
First Generation Learner Award 2154,Trust Fund,Biotechnology,Punjab,Female,Minority,Muslim,Class 12,No Limit,Above 60,"Rs 25,000/year",11/29,https://scholarships.gov.in,1
Sports & Academics Scholarship 2155,District Collector Office,Law,Goa,Male,OBC,All,Diploma,No Limit,70-80,"Rs 2,500/year",10/29,https://scholarships.gov.in,1
Best Student Award Scholarship 2156,Trust Fund,Arts/Commerce,Rajasthan,Male,All,Sikh,PhD,Upto 5L,Above 75,"Rs 3,000/year",9/29,https://scholarships.gov.in,1
Academic Excellence Grant 2157,Trust Fund,Arts/Commerce,Assam,Female,EWS,Sikh,Undergraduate,Upto 8L,50-60,"Rs 35,000/year",11/29,https://scholarships.gov.in,1
Academic Excellence Grant 2158,District Collector Office,Agriculture,Kerala,Female,All,Jain,PhD,Upto 5L,80-90,"Rs 25,000/year",11/31,https://scholarships.gov.in,1
Academic Excellence Grant 2159,Trust Fund,Engineering,Tripura,All,ST,Buddhist,PhD,Upto 2.5L,Above 75,"Rs 20,000/year",10/28,https://scholarships.gov.in,1
First Generation Learner Award 2160,Trust Fund,Architecture,Haryana,All,EWS,Sikh,Undergraduate,Upto 2.5L,Above 60,"Rs 35,000/year",9/31,https://scholarships.gov.in,1
Single Parent Child Scholarship 2161,Trust Fund,Pharmacy,Manipur,Male,Minority,Hindu,Postgraduate,Upto 3.5L,Above 75,"Rs 2,000/year",10/28,https://scholarships.gov.in,1
Sports & Academics Scholarship 2162,State Education Board,Engineering,Assam,All,General,Christian,Class 10,Upto 1L,80-90,"Rs 1,000/year",12/28,https://scholarships.gov.in,1
Rural Student Scholarship 2163,State Education Board,Biotechnology,Goa,Female,ST,Hindu,Class 10,Upto 5L,70-80,"Rs 30,000/year",11/31,https://scholarships.gov.in,1
Academic Excellence Grant 2164,Trust Fund,Design,Meghalaya,Male,All,Sikh,Class 12,Upto 8L,Above 75,"Rs 35,000/year",11/30,https://scholarships.gov.in,1
First Generation Learner Award 2165,NGO Foundation,Architecture,Haryana,Female,EWS,Buddhist,Postgraduate,Upto 5L,Above 60,"Rs 1,000/year",12/29,https://scholarships.gov.in,1
District Topper Scholarship 2166,State Education Board,Engineering,Assam,All,EWS,Sikh,Class 12,Upto 2.5L,90-100,"Rs 2,000/year",11/30,https://scholarships.gov.in,1
BPL Student Aid 2167,Trust Fund,Engineering,Telangana,Male,OBC,Jain,Class 10,No Limit,Above 60,"Rs 20,000/year",11/29,https://scholarships.gov.in,1
Women in STEM Scholarship 2168,NGO Foundation,Management,Uttarakhand,All,OBC,Jain,Undergraduate,Upto 1L,90-100,"Rs 75,000/year",10/30,https://scholarships.gov.in,1
Best Student Award Scholarship 2169,State Education Board,Agriculture,Rajasthan,Male,ST,All,Class 10,Upto 1L,Above 60,"Rs 15,000/year",9/28,https://scholarships.gov.in,1
Women in STEM Scholarship 2170,State Education Board,Law,Tamil Nadu,All,General,All,Postgraduate,No Limit,Above 75,"Rs 1,000/year",9/30,https://scholarships.gov.in,1
Women in STEM Scholarship 2171,District Collector Office,Design,Meghalaya,All,General,Buddhist,Postgraduate,Upto 3.5L,80-90,"Rs 35,000/year",10/30,https://scholarships.gov.in,1
District Topper Scholarship 2172,District Collector Office,Engineering,Jammu & Kashmir,All,Minority,All,PhD,Upto 2.5L,90-100,"Rs 10,000/year",11/30,https://scholarships.gov.in,1
District Topper Scholarship 2173,NGO Foundation,Education,Gujarat,Female,SC,Buddhist,Undergraduate,Upto 3.5L,60-70,"Rs 60,000/year",10/31,https://scholarships.gov.in,1
Single Parent Child Scholarship 2174,NGO Foundation,Pharmacy,Sikkim,Male,OBC,Muslim,Postgraduate,Upto 8L,Above 75,"Rs 6,000/year",12/31,https://scholarships.gov.in,1
BPL Student Aid 2175,Zilla Parishad,Journalism,Arunachal Pradesh,All,ST,Sikh,Undergraduate,Upto 2.5L,90-100,"Rs 18,000/year",11/28,https://scholarships.gov.in,1
Best Student Award Scholarship 2176,Zilla Parishad,Journalism,Punjab,Male,All,Christian,Postgraduate,No Limit,60-70,"Rs 18,000/year",12/31,https://scholarships.gov.in,1
Women in STEM Scholarship 2177,Trust Fund,Medical,Tripura,Female,ST,Jain,Undergraduate,Upto 3.5L,90-100,"Rs 40,000/year",12/28,https://scholarships.gov.in,1
Sports & Academics Scholarship 2178,District Collector Office,Medical,Arunachal Pradesh,Female,OBC,All,Class 12,Upto 1L,70-80,"Rs 15,000/year",10/29,https://scholarships.gov.in,1
First Generation Learner Award 2179,Trust Fund,Science,Gujarat,All,Minority,Hindu,Class 10,Upto 5L,Above 75,"Rs 60,000/year",10/31,https://scholarships.gov.in,1
Academic Excellence Grant 2180,State Education Board,Engineering,Haryana,All,All,All,Class 10,Upto 8L,70-80,"Rs 5,000/year",9/28,https://scholarships.gov.in,1
Best Student Award Scholarship 2181,State Education Board,Biotechnology,Rajasthan,Female,SC,Muslim,Class 10,Upto 1L,80-90,"Rs 60,000/year",12/30,https://scholarships.gov.in,1
BPL Student Aid 2182,District Collector Office,Agriculture,Assam,Female,EWS,Christian,Diploma,No Limit,50-60,"Rs 35,000/year",11/30,https://scholarships.gov.in,1
Sports & Academics Scholarship 2183,Zilla Parishad,Medical,Delhi,Male,SC,Sikh,Class 10,Upto 5L,80-90,"Rs 1,000/year",12/28,https://scholarships.gov.in,1
Women in STEM Scholarship 2184,District Collector Office,Agriculture,Rajasthan,Male,OBC,Hindu,Class 12,Upto 5L,80-90,"Rs 25,000/year",10/28,https://scholarships.gov.in,1
Best Student Award Scholarship 2185,Zilla Parishad,Education,Jammu & Kashmir,All,OBC,Muslim,Undergraduate,No Limit,80-90,"Rs 1,000/year",12/28,https://scholarships.gov.in,1
BPL Student Aid 2186,District Collector Office,Science,Uttar Pradesh,Male,SC,All,Diploma,No Limit,Above 75,"Rs 3,000/year",9/28,https://scholarships.gov.in,1
Best Student Award Scholarship 2187,State Education Board,Biotechnology,Meghalaya,Male,Minority,Muslim,Diploma,Upto 2.5L,80-90,"Rs 60,000/year",10/29,https://scholarships.gov.in,1
BPL Student Aid 2188,District Collector Office,Engineering,Himachal Pradesh,Female,Minority,Muslim,Undergraduate,Upto 8L,60-70,"Rs 1,000/year",12/29,https://scholarships.gov.in,1
Rural Student Scholarship 2189,Zilla Parishad,Engineering,Uttar Pradesh,Female,EWS,Sikh,Postgraduate,Upto 3.5L,Above 75,"Rs 30,000/year",10/28,https://scholarships.gov.in,1
District Topper Scholarship 2190,District Collector Office,Agriculture,Manipur,Female,All,Hindu,Diploma,Upto 1L,80-90,"Rs 2,000/year",11/31,https://scholarships.gov.in,1
Backward Class Merit Award 2191,Zilla Parishad,Medical,Goa,Female,Minority,All,Postgraduate,No Limit,Above 60,"Rs 12,000/year",12/30,https://scholarships.gov.in,1
District Topper Scholarship 2192,District Collector Office,Medical,West Bengal,All,All,Jain,PhD,No Limit,Above 60,"Rs 3,000/year",11/29,https://scholarships.gov.in,1
Best Student Award Scholarship 2193,District Collector Office,Journalism,Bihar,All,Minority,Buddhist,Class 12,Upto 5L,50-60,"Rs 60,000/year",12/30,https://scholarships.gov.in,1
Academic Excellence Grant 2194,District Collector Office,Architecture,Rajasthan,Male,ST,Christian,Class 10,No Limit,70-80,"Rs 1,500/year",10/31,https://scholarships.gov.in,1
Rural Student Scholarship 2195,District Collector Office,Pharmacy,Kerala,Female,Minority,Christian,Diploma,Upto 3.5L,80-90,"Rs 6,000/year",11/31,https://scholarships.gov.in,1
District Topper Scholarship 2196,NGO Foundation,Medical,Arunachal Pradesh,Male,ST,Christian,Diploma,Upto 1L,80-90,"Rs 20,000/year",10/29,https://scholarships.gov.in,1
Women in STEM Scholarship 2197,Zilla Parishad,All,Tamil Nadu,Male,ST,All,Undergraduate,Upto 8L,50-60,"Rs 75,000/year",12/29,https://scholarships.gov.in,1
Women in STEM Scholarship 2198,District Collector Office,Architecture,Punjab,Female,OBC,Sikh,Class 12,No Limit,70-80,"Rs 1,500/year",12/30,https://scholarships.gov.in,1
Women in STEM Scholarship 2199,Zilla Parishad,Architecture,Telangana,All,EWS,Hindu,PhD,Upto 1L,Above 75,"Rs 25,000/year",12/31,https://scholarships.gov.in,1
Single Parent Child Scholarship 2200,District Collector Office,Biotechnology,Assam,All,EWS,All,Class 10,Upto 5L,60-70,"Rs 3,000/year",12/31,https://scholarships.gov.in,1
Sports & Academics Scholarship 2201,Trust Fund,Journalism,Kerala,All,OBC,Jain,Class 12,Upto 3.5L,50-60,"Rs 18,000/year",12/29,https://scholarships.gov.in,1
Academic Excellence Grant 2202,Zilla Parishad,Design,Uttarakhand,Male,General,Jain,Class 10,No Limit,60-70,"Rs 6,000/year",11/30,https://scholarships.gov.in,1
First Generation Learner Award 2203,Trust Fund,Management,Gujarat,Female,Minority,All,Class 12,Upto 2.5L,90-100,"Rs 5,000/year",11/31,https://scholarships.gov.in,1
Women in STEM Scholarship 2204,Zilla Parishad,Science,Tripura,Female,EWS,Muslim,Undergraduate,Upto 5L,80-90,"Rs 5,000/year",12/31,https://scholarships.gov.in,1
Rural Student Scholarship 2205,District Collector Office,Education,Meghalaya,Male,ST,Christian,Diploma,Upto 5L,80-90,"Rs 12,000/year",10/29,https://scholarships.gov.in,1
Single Parent Child Scholarship 2206,NGO Foundation,Agriculture,Assam,Male,All,Hindu,PhD,Upto 5L,Above 60,"Rs 50,000/year",10/29,https://scholarships.gov.in,1
Academic Excellence Grant 2207,District Collector Office,Journalism,Assam,Female,OBC,Hindu,PhD,Upto 1L,90-100,"Rs 30,000/year",11/29,https://scholarships.gov.in,1
Sports & Academics Scholarship 2208,NGO Foundation,Computer Science,Haryana,All,Minority,Christian,PhD,Upto 5L,80-90,"Rs 35,000/year",10/29,https://scholarships.gov.in,1
Rural Student Scholarship 2209,NGO Foundation,Computer Science,Uttarakhand,Female,Minority,Jain,Undergraduate,Upto 1L,60-70,"Rs 2,000/year",12/30,https://scholarships.gov.in,1
Single Parent Child Scholarship 2210,Trust Fund,Agriculture,Bihar,Female,All,Sikh,Class 10,Upto 1L,Above 60,"Rs 25,000/year",9/29,https://scholarships.gov.in,1
Academic Excellence Grant 2211,State Education Board,Engineering,Nagaland,All,SC,Muslim,Class 10,Upto 2.5L,50-60,"Rs 8,000/year",11/31,https://scholarships.gov.in,1
BPL Student Aid 2212,Trust Fund,Biotechnology,Goa,All,All,Christian,PhD,Upto 8L,80-90,"Rs 3,000/year",11/28,https://scholarships.gov.in,1
District Topper Scholarship 2213,NGO Foundation,Medical,Gujarat,Female,General,Muslim,PhD,Upto 5L,60-70,"Rs 50,000/year",11/29,https://scholarships.gov.in,1
Women in STEM Scholarship 2214,State Education Board,Journalism,Himachal Pradesh,Male,ST,Buddhist,Class 10,Upto 1L,60-70,"Rs 2,000/year",10/28,https://scholarships.gov.in,1
Rural Student Scholarship 2215,Trust Fund,Management,Uttar Pradesh,Male,ST,All,Class 12,Upto 1L,80-90,"Rs 2,000/year",10/29,https://scholarships.gov.in,1
Single Parent Child Scholarship 2216,Trust Fund,Design,Manipur,Male,EWS,Christian,Diploma,Upto 1L,Above 60,"Rs 75,000/year",12/29,https://scholarships.gov.in,1
Rural Student Scholarship 2217,Trust Fund,Law,Uttarakhand,Male,Minority,Christian,Class 12,No Limit,60-70,"Rs 18,000/year",9/31,https://scholarships.gov.in,1
District Topper Scholarship 2218,Zilla Parishad,Law,Meghalaya,Female,OBC,All,Undergraduate,No Limit,60-70,"Rs 5,000/year",11/30,https://scholarships.gov.in,1
Sports & Academics Scholarship 2219,Trust Fund,Design,Andhra Pradesh,Female,SC,Jain,Diploma,Upto 3.5L,60-70,"Rs 40,000/year",12/29,https://scholarships.gov.in,1
Single Parent Child Scholarship 2220,NGO Foundation,Agriculture,Madhya Pradesh,Male,SC,Christian,Diploma,Upto 5L,60-70,"Rs 40,000/year",12/31,https://scholarships.gov.in,1
District Topper Scholarship 2221,Trust Fund,Medical,Jammu & Kashmir,Female,SC,Buddhist,Class 12,No Limit,Above 75,"Rs 20,000/year",11/29,https://scholarships.gov.in,1
Backward Class Merit Award 2222,Zilla Parishad,Engineering,Assam,All,Minority,Christian,Class 10,Upto 2.5L,90-100,"Rs 1,000/year",12/28,https://scholarships.gov.in,1
Backward Class Merit Award 2223,District Collector Office,Pharmacy,Maharashtra,Female,EWS,Buddhist,Diploma,Upto 2.5L,50-60,"Rs 10,000/year",12/30,https://scholarships.gov.in,1
Sports & Academics Scholarship 2224,Zilla Parishad,Agriculture,West Bengal,All,OBC,Christian,Postgraduate,Upto 8L,Above 60,"Rs 12,000/year",9/31,https://scholarships.gov.in,1
First Generation Learner Award 2225,NGO Foundation,Design,Gujarat,Female,All,Jain,Postgraduate,Upto 5L,70-80,"Rs 30,000/year",11/31,https://scholarships.gov.in,1
First Generation Learner Award 2226,District Collector Office,Engineering,Rajasthan,Male,SC,Buddhist,PhD,No Limit,90-100,"Rs 50,000/year",10/30,https://scholarships.gov.in,1
First Generation Learner Award 2227,Zilla Parishad,Medical,West Bengal,All,EWS,All,Class 10,Upto 2.5L,Above 60,"Rs 3,000/year",9/31,https://scholarships.gov.in,1
Single Parent Child Scholarship 2228,District Collector Office,All,Jammu & Kashmir,Male,ST,All,PhD,No Limit,70-80,"Rs 40,000/year",9/29,https://scholarships.gov.in,1
Single Parent Child Scholarship 2229,District Collector Office,Biotechnology,Sikkim,Female,Minority,Christian,Diploma,No Limit,50-60,"Rs 6,000/year",11/31,https://scholarships.gov.in,1
Sports & Academics Scholarship 2230,Zilla Parishad,Computer Science,Sikkim,Female,EWS,Buddhist,Postgraduate,Upto 1L,80-90,"Rs 1,500/year",9/30,https://scholarships.gov.in,1
Sports & Academics Scholarship 2231,District Collector Office,Law,Mizoram,Male,General,Sikh,Postgraduate,Upto 8L,Above 75,"Rs 20,000/year",9/29,https://scholarships.gov.in,1
Academic Excellence Grant 2232,NGO Foundation,Computer Science,Manipur,Female,General,All,Class 10,Upto 5L,60-70,"Rs 1,000/year",10/30,https://scholarships.gov.in,1
District Topper Scholarship 2233,District Collector Office,Computer Science,Manipur,Female,Minority,Christian,PhD,No Limit,60-70,"Rs 75,000/year",11/31,https://scholarships.gov.in,1
Best Student Award Scholarship 2234,District Collector Office,Biotechnology,Tamil Nadu,All,All,Christian,Class 12,Upto 3.5L,60-70,"Rs 5,000/year",10/30,https://scholarships.gov.in,1
Women in STEM Scholarship 2235,Zilla Parishad,Education,Jharkhand,Female,Minority,Buddhist,Class 10,Upto 5L,50-60,"Rs 6,000/year",9/28,https://scholarships.gov.in,1
First Generation Learner Award 2236,Trust Fund,Biotechnology,Uttarakhand,Female,EWS,Buddhist,Class 12,Upto 8L,70-80,"Rs 1,000/year",12/28,https://scholarships.gov.in,1
Sports & Academics Scholarship 2237,Trust Fund,Agriculture,Chhattisgarh,Male,General,All,Diploma,Upto 1L,90-100,"Rs 3,000/year",11/30,https://scholarships.gov.in,1
Rural Student Scholarship 2238,District Collector Office,Agriculture,Assam,Female,All,Muslim,Class 12,Upto 3.5L,70-80,"Rs 2,000/year",9/29,https://scholarships.gov.in,1
First Generation Learner Award 2239,District Collector Office,Engineering,Goa,All,General,Muslim,Class 12,Upto 2.5L,80-90,"Rs 20,000/year",10/28,https://scholarships.gov.in,1
Academic Excellence Grant 2240,NGO Foundation,Law,Delhi,All,Minority,Hindu,Postgraduate,Upto 8L,60-70,"Rs 3,000/year",10/31,https://scholarships.gov.in,1
Backward Class Merit Award 2241,District Collector Office,Computer Science,Chhattisgarh,Male,OBC,Hindu,Diploma,Upto 3.5L,90-100,"Rs 1,000/year",10/28,https://scholarships.gov.in,1
Rural Student Scholarship 2242,District Collector Office,Education,Kerala,Male,All,Buddhist,PhD,No Limit,90-100,"Rs 18,000/year",12/30,https://scholarships.gov.in,1
Single Parent Child Scholarship 2243,Trust Fund,Computer Science,Haryana,Male,EWS,Muslim,Class 10,Upto 1L,Above 75,"Rs 1,500/year",11/29,https://scholarships.gov.in,1
Backward Class Merit Award 2244,NGO Foundation,Education,Maharashtra,Female,EWS,All,Postgraduate,Upto 2.5L,80-90,"Rs 30,000/year",10/31,https://scholarships.gov.in,1
Rural Student Scholarship 2245,State Education Board,Pharmacy,Telangana,Female,EWS,Hindu,Class 10,Upto 8L,Above 75,"Rs 40,000/year",12/28,https://scholarships.gov.in,1
Women in STEM Scholarship 2246,NGO Foundation,Architecture,Jammu & Kashmir,All,SC,Hindu,Postgraduate,Upto 8L,90-100,"Rs 5,000/year",10/29,https://scholarships.gov.in,1
Single Parent Child Scholarship 2247,Trust Fund,Law,Punjab,Female,All,Hindu,PhD,Upto 5L,Above 75,"Rs 18,000/year",12/28,https://scholarships.gov.in,1
First Generation Learner Award 2248,Zilla Parishad,Pharmacy,Goa,Female,OBC,Sikh,Class 12,Upto 5L,50-60,"Rs 15,000/year",11/29,https://scholarships.gov.in,1
Backward Class Merit Award 2249,State Education Board,Journalism,Manipur,Female,OBC,Buddhist,PhD,Upto 8L,90-100,"Rs 3,000/year",9/31,https://scholarships.gov.in,1
District Topper Scholarship 2250,District Collector Office,Arts/Commerce,Himachal Pradesh,Male,SC,All,Diploma,Upto 8L,Above 75,"Rs 1,000/year",12/31,https://scholarships.gov.in,1
First Generation Learner Award 2251,Zilla Parishad,Design,Arunachal Pradesh,All,Minority,Buddhist,Class 12,No Limit,80-90,"Rs 40,000/year",9/29,https://scholarships.gov.in,1
Backward Class Merit Award 2252,Trust Fund,Engineering,Goa,Female,OBC,Muslim,Class 10,Upto 3.5L,60-70,"Rs 3,000/year",9/28,https://scholarships.gov.in,1
BPL Student Aid 2253,Zilla Parishad,Architecture,Nagaland,Male,All,All,Undergraduate,Upto 3.5L,90-100,"Rs 5,000/year",11/28,https://scholarships.gov.in,1
BPL Student Aid 2254,Zilla Parishad,Pharmacy,West Bengal,All,All,Jain,Postgraduate,No Limit,60-70,"Rs 50,000/year",9/29,https://scholarships.gov.in,1
Academic Excellence Grant 2255,NGO Foundation,Science,Haryana,Male,SC,Hindu,Class 10,Upto 3.5L,90-100,"Rs 5,000/year",9/29,https://scholarships.gov.in,1
District Topper Scholarship 2256,Zilla Parishad,Pharmacy,Jharkhand,Female,OBC,Jain,Class 10,No Limit,Above 60,"Rs 20,000/year",12/28,https://scholarships.gov.in,1
Best Student Award Scholarship 2257,Zilla Parishad,Architecture,Gujarat,Female,OBC,Jain,Class 10,Upto 8L,50-60,"Rs 1,000/year",11/31,https://scholarships.gov.in,1
Backward Class Merit Award 2258,NGO Foundation,Engineering,Bihar,Male,EWS,Muslim,Postgraduate,Upto 3.5L,80-90,"Rs 75,000/year",10/28,https://scholarships.gov.in,1
BPL Student Aid 2259,District Collector Office,Architecture,Uttar Pradesh,All,OBC,Christian,Undergraduate,Upto 5L,90-100,"Rs 1,500/year",10/31,https://scholarships.gov.in,1
Women in STEM Scholarship 2260,Trust Fund,Architecture,Chhattisgarh,All,SC,Sikh,Class 12,Upto 3.5L,90-100,"Rs 35,000/year",9/29,https://scholarships.gov.in,1
Backward Class Merit Award 2261,Trust Fund,Arts/Commerce,Nagaland,All,OBC,All,Class 10,No Limit,80-90,"Rs 1,000/year",11/31,https://scholarships.gov.in,1
First Generation Learner Award 2262,State Education Board,Law,Sikkim,All,OBC,Muslim,Class 12,Upto 3.5L,Above 60,"Rs 75,000/year",10/28,https://scholarships.gov.in,1
First Generation Learner Award 2263,State Education Board,Education,Meghalaya,Female,General,All,Undergraduate,Upto 2.5L,60-70,"Rs 12,000/year",12/31,https://scholarships.gov.in,1
Sports & Academics Scholarship 2264,NGO Foundation,Law,Meghalaya,All,EWS,Muslim,Postgraduate,Upto 5L,Above 75,"Rs 6,000/year",12/28,https://scholarships.gov.in,1
Backward Class Merit Award 2265,State Education Board,Arts/Commerce,Bihar,Female,OBC,Jain,Diploma,Upto 8L,Above 75,"Rs 1,500/year",12/28,https://scholarships.gov.in,1
Women in STEM Scholarship 2266,NGO Foundation,Computer Science,Gujarat,All,ST,Muslim,Class 12,Upto 8L,Above 75,"Rs 18,000/year",9/28,https://scholarships.gov.in,1
First Generation Learner Award 2267,NGO Foundation,Science,Nagaland,All,ST,Muslim,Class 12,Upto 5L,70-80,"Rs 10,000/year",10/31,https://scholarships.gov.in,1
Rural Student Scholarship 2268,NGO Foundation,Management,Madhya Pradesh,Male,SC,Jain,Diploma,No Limit,90-100,"Rs 1,500/year",12/28,https://scholarships.gov.in,1
First Generation Learner Award 2269,State Education Board,Engineering,Rajasthan,Male,OBC,Hindu,Undergraduate,Upto 3.5L,50-60,"Rs 15,000/year",11/29,https://scholarships.gov.in,1
Backward Class Merit Award 2270,State Education Board,Education,Tamil Nadu,Male,General,All,Postgraduate,Upto 5L,80-90,"Rs 2,000/year",10/28,https://scholarships.gov.in,1
Rural Student Scholarship 2271,Zilla Parishad,Pharmacy,Assam,Female,Minority,Hindu,PhD,Upto 1L,80-90,"Rs 1,000/year",10/28,https://scholarships.gov.in,1
Sports & Academics Scholarship 2272,Zilla Parishad,Biotechnology,Telangana,Male,All,Jain,PhD,Upto 5L,Above 75,"Rs 60,000/year",12/29,https://scholarships.gov.in,1
District Topper Scholarship 2273,Trust Fund,Medical,Tamil Nadu,Female,EWS,Buddhist,Class 12,Upto 8L,70-80,"Rs 1,000/year",10/28,https://scholarships.gov.in,1
Rural Student Scholarship 2274,State Education Board,Design,Jharkhand,Male,Minority,Christian,PhD,Upto 8L,80-90,"Rs 10,000/year",9/28,https://scholarships.gov.in,1
Backward Class Merit Award 2275,District Collector Office,All,Punjab,All,SC,Christian,Postgraduate,No Limit,Above 75,"Rs 2,000/year",9/30,https://scholarships.gov.in,1
Sports & Academics Scholarship 2276,State Education Board,Journalism,Haryana,Male,OBC,Muslim,Undergraduate,No Limit,90-100,"Rs 8,000/year",10/29,https://scholarships.gov.in,1
Single Parent Child Scholarship 2277,NGO Foundation,Education,Gujarat,All,All,Muslim,Class 10,Upto 5L,Above 75,"Rs 3,000/year",10/30,https://scholarships.gov.in,1
Backward Class Merit Award 2278,District Collector Office,Journalism,Karnataka,Male,All,Hindu,PhD,Upto 1L,50-60,"Rs 50,000/year",12/28,https://scholarships.gov.in,1
Single Parent Child Scholarship 2279,State Education Board,Pharmacy,Maharashtra,All,Minority,All,Class 12,Upto 2.5L,50-60,"Rs 5,000/year",10/29,https://scholarships.gov.in,1
Academic Excellence Grant 2280,Trust Fund,Management,Himachal Pradesh,Male,SC,Buddhist,Class 10,No Limit,Above 60,"Rs 2,500/year",9/28,https://scholarships.gov.in,1
District Topper Scholarship 2281,Zilla Parishad,Management,Tamil Nadu,All,Minority,Jain,Class 12,Upto 8L,50-60,"Rs 2,500/year",9/31,https://scholarships.gov.in,1
BPL Student Aid 2282,District Collector Office,Biotechnology,Sikkim,Male,All,Buddhist,Undergraduate,Upto 5L,60-70,"Rs 2,500/year",9/28,https://scholarships.gov.in,1
Women in STEM Scholarship 2283,NGO Foundation,Science,Maharashtra,Male,SC,Hindu,Class 12,No Limit,90-100,"Rs 25,000/year",12/31,https://scholarships.gov.in,1
BPL Student Aid 2284,Zilla Parishad,Pharmacy,West Bengal,Female,General,Buddhist,Diploma,No Limit,70-80,"Rs 30,000/year",10/29,https://scholarships.gov.in,1
Best Student Award Scholarship 2285,District Collector Office,Arts/Commerce,Nagaland,All,SC,Sikh,Diploma,Upto 2.5L,80-90,"Rs 18,000/year",11/30,https://scholarships.gov.in,1
District Topper Scholarship 2286,NGO Foundation,Law,Kerala,Female,Minority,All,Undergraduate,Upto 8L,60-70,"Rs 2,000/year",9/28,https://scholarships.gov.in,1
Rural Student Scholarship 2287,Trust Fund,Engineering,Rajasthan,All,OBC,Christian,Diploma,Upto 3.5L,70-80,"Rs 10,000/year",9/31,https://scholarships.gov.in,1
BPL Student Aid 2288,Zilla Parishad,Medical,Jammu & Kashmir,Male,All,Sikh,Postgraduate,Upto 2.5L,90-100,"Rs 8,000/year",12/30,https://scholarships.gov.in,1
Rural Student Scholarship 2289,Trust Fund,Education,Uttar Pradesh,Male,Minority,Jain,Undergraduate,Upto 1L,Above 75,"Rs 20,000/year",9/28,https://scholarships.gov.in,1
Single Parent Child Scholarship 2290,State Education Board,Pharmacy,Rajasthan,Female,ST,Buddhist,Undergraduate,Upto 5L,Above 75,"Rs 6,000/year",9/28,https://scholarships.gov.in,1
Rural Student Scholarship 2291,District Collector Office,Pharmacy,Uttarakhand,Female,SC,Hindu,Postgraduate,No Limit,70-80,"Rs 25,000/year",12/28,https://scholarships.gov.in,1
Women in STEM Scholarship 2292,Trust Fund,Medical,Madhya Pradesh,Male,EWS,Sikh,PhD,No Limit,70-80,"Rs 25,000/year",11/30,https://scholarships.gov.in,1
Sports & Academics Scholarship 2293,State Education Board,Arts/Commerce,Bihar,All,Minority,Muslim,PhD,Upto 5L,60-70,"Rs 2,500/year",12/31,https://scholarships.gov.in,1
First Generation Learner Award 2294,NGO Foundation,Pharmacy,Uttar Pradesh,All,General,Jain,Class 10,Upto 3.5L,50-60,"Rs 40,000/year",12/28,https://scholarships.gov.in,1
District Topper Scholarship 2295,Zilla Parishad,Law,Karnataka,Male,SC,All,PhD,Upto 2.5L,50-60,"Rs 25,000/year",9/31,https://scholarships.gov.in,1
Rural Student Scholarship 2296,District Collector Office,Science,Rajasthan,All,ST,Muslim,Postgraduate,Upto 8L,Above 75,"Rs 6,000/year",11/28,https://scholarships.gov.in,1
Rural Student Scholarship 2297,NGO Foundation,Management,Uttar Pradesh,Male,EWS,Sikh,Postgraduate,Upto 1L,Above 75,"Rs 1,000/year",9/28,https://scholarships.gov.in,1
Best Student Award Scholarship 2298,Zilla Parishad,Computer Science,Himachal Pradesh,Male,EWS,Sikh,Undergraduate,No Limit,50-60,"Rs 5,000/year",9/29,https://scholarships.gov.in,1
Single Parent Child Scholarship 2299,State Education Board,All,Bihar,All,OBC,Jain,Class 10,No Limit,80-90,"Rs 2,000/year",11/31,https://scholarships.gov.in,1
Single Parent Child Scholarship 2300,NGO Foundation,Architecture,Andhra Pradesh,Female,OBC,Christian,PhD,Upto 1L,90-100,"Rs 3,000/year",10/31,https://scholarships.gov.in,1
District Topper Scholarship 2301,Zilla Parishad,Arts/Commerce,Tripura,Male,ST,Jain,Postgraduate,Upto 5L,Above 60,"Rs 50,000/year",12/29,https://scholarships.gov.in,1
Backward Class Merit Award 2302,Zilla Parishad,Biotechnology,Madhya Pradesh,Female,Minority,Christian,Undergraduate,Upto 3.5L,Above 75,"Rs 3,000/year",10/29,https://scholarships.gov.in,1
First Generation Learner Award 2303,State Education Board,Engineering,Odisha,All,EWS,Christian,Diploma,No Limit,Above 60,"Rs 35,000/year",10/30,https://scholarships.gov.in,1
Women in STEM Scholarship 2304,Trust Fund,Computer Science,Uttar Pradesh,Male,OBC,All,Undergraduate,Upto 8L,Above 60,"Rs 20,000/year",11/30,https://scholarships.gov.in,1
District Topper Scholarship 2305,NGO Foundation,Pharmacy,Karnataka,Male,All,Jain,Undergraduate,No Limit,Above 75,"Rs 10,000/year",11/29,https://scholarships.gov.in,1
Single Parent Child Scholarship 2306,Trust Fund,Agriculture,Haryana,Female,EWS,Jain,PhD,Upto 2.5L,Above 75,"Rs 5,000/year",10/31,https://scholarships.gov.in,1
District Topper Scholarship 2307,Zilla Parishad,Journalism,Kerala,All,General,Buddhist,Postgraduate,No Limit,60-70,"Rs 12,000/year",12/31,https://scholarships.gov.in,1
Sports & Academics Scholarship 2308,Trust Fund,Design,Uttarakhand,Male,All,All,Class 10,Upto 2.5L,50-60,"Rs 1,500/year",11/31,https://scholarships.gov.in,1
District Topper Scholarship 2309,State Education Board,Computer Science,Uttarakhand,Female,All,Buddhist,Class 12,Upto 2.5L,60-70,"Rs 10,000/year",12/30,https://scholarships.gov.in,1
District Topper Scholarship 2310,Trust Fund,Design,Madhya Pradesh,Male,EWS,Jain,Undergraduate,Upto 2.5L,90-100,"Rs 12,000/year",9/28,https://scholarships.gov.in,1
District Topper Scholarship 2311,Trust Fund,Management,Tripura,All,EWS,Sikh,Class 12,No Limit,60-70,"Rs 30,000/year",11/30,https://scholarships.gov.in,1
Single Parent Child Scholarship 2312,District Collector Office,Education,Andhra Pradesh,Male,General,Muslim,Class 12,Upto 8L,70-80,"Rs 5,000/year",11/30,https://scholarships.gov.in,1
BPL Student Aid 2313,State Education Board,Management,Delhi,Male,EWS,All,Class 12,No Limit,80-90,"Rs 18,000/year",9/30,https://scholarships.gov.in,1
Academic Excellence Grant 2314,Trust Fund,Biotechnology,Manipur,All,All,Muslim,PhD,No Limit,60-70,"Rs 10,000/year",9/30,https://scholarships.gov.in,1
Rural Student Scholarship 2315,District Collector Office,Science,Meghalaya,Female,Minority,Muslim,PhD,No Limit,Above 60,"Rs 12,000/year",10/30,https://scholarships.gov.in,1
Backward Class Merit Award 2316,State Education Board,Agriculture,Himachal Pradesh,Female,General,Hindu,Diploma,Upto 3.5L,Above 60,"Rs 35,000/year",12/31,https://scholarships.gov.in,1
Academic Excellence Grant 2317,State Education Board,Agriculture,Meghalaya,Female,General,Jain,PhD,Upto 2.5L,Above 60,"Rs 25,000/year",12/29,https://scholarships.gov.in,1
Rural Student Scholarship 2318,NGO Foundation,Law,Odisha,All,SC,Jain,Undergraduate,Upto 8L,80-90,"Rs 10,000/year",9/31,https://scholarships.gov.in,1
Backward Class Merit Award 2319,District Collector Office,Architecture,Bihar,Female,All,Muslim,PhD,Upto 2.5L,50-60,"Rs 3,000/year",9/28,https://scholarships.gov.in,1
First Generation Learner Award 2320,Zilla Parishad,Design,Telangana,Male,General,Buddhist,PhD,Upto 2.5L,Above 75,"Rs 2,500/year",10/31,https://scholarships.gov.in,1
First Generation Learner Award 2321,State Education Board,Biotechnology,Jharkhand,Female,ST,Christian,Diploma,Upto 8L,Above 60,"Rs 1,000/year",9/28,https://scholarships.gov.in,1
First Generation Learner Award 2322,Zilla Parishad,Architecture,Haryana,Female,EWS,Buddhist,Postgraduate,Upto 8L,Above 75,"Rs 12,000/year",11/28,https://scholarships.gov.in,1
Best Student Award Scholarship 2323,District Collector Office,Arts/Commerce,Telangana,Female,EWS,All,Postgraduate,Upto 5L,70-80,"Rs 5,000/year",12/30,https://scholarships.gov.in,1
Women in STEM Scholarship 2324,Trust Fund,Medical,Jammu & Kashmir,Female,ST,All,Postgraduate,Upto 1L,90-100,"Rs 20,000/year",12/30,https://scholarships.gov.in,1
Sports & Academics Scholarship 2325,District Collector Office,Engineering,Assam,Female,General,Buddhist,Undergraduate,Upto 3.5L,50-60,"Rs 15,000/year",12/30,https://scholarships.gov.in,1
Sports & Academics Scholarship 2326,State Education Board,Education,Madhya Pradesh,Male,Minority,Hindu,PhD,Upto 1L,90-100,"Rs 60,000/year",11/31,https://scholarships.gov.in,1
Single Parent Child Scholarship 2327,Zilla Parishad,Law,West Bengal,Male,General,Buddhist,Class 10,Upto 2.5L,Above 60,"Rs 30,000/year",12/29,https://scholarships.gov.in,1
First Generation Learner Award 2328,Zilla Parishad,Journalism,Sikkim,Male,General,Jain,PhD,Upto 2.5L,Above 75,"Rs 20,000/year",11/28,https://scholarships.gov.in,1
Rural Student Scholarship 2329,State Education Board,Medical,Mizoram,All,SC,Jain,Postgraduate,Upto 3.5L,Above 75,"Rs 10,000/year",9/31,https://scholarships.gov.in,1
First Generation Learner Award 2330,Trust Fund,Architecture,Mizoram,All,OBC,Sikh,Postgraduate,Upto 1L,70-80,"Rs 40,000/year",10/29,https://scholarships.gov.in,1
Sports & Academics Scholarship 2331,Zilla Parishad,Biotechnology,Nagaland,All,OBC,Christian,Diploma,Upto 8L,90-100,"Rs 18,000/year",12/29,https://scholarships.gov.in,1
First Generation Learner Award 2332,State Education Board,Journalism,Maharashtra,Female,OBC,Sikh,Postgraduate,Upto 5L,90-100,"Rs 3,000/year",10/30,https://scholarships.gov.in,1
Single Parent Child Scholarship 2333,District Collector Office,Science,Odisha,All,General,Jain,Postgraduate,No Limit,50-60,"Rs 20,000/year",10/29,https://scholarships.gov.in,1
Sports & Academics Scholarship 2334,Trust Fund,Agriculture,Karnataka,Male,OBC,Christian,Class 10,Upto 8L,50-60,"Rs 2,000/year",9/31,https://scholarships.gov.in,1
Best Student Award Scholarship 2335,Trust Fund,Science,Goa,All,Minority,Muslim,Diploma,Upto 3.5L,80-90,"Rs 6,000/year",9/30,https://scholarships.gov.in,1
Backward Class Merit Award 2336,NGO Foundation,Engineering,Telangana,Female,OBC,Jain,PhD,Upto 8L,90-100,"Rs 2,000/year",10/28,https://scholarships.gov.in,1
Academic Excellence Grant 2337,Trust Fund,Education,Goa,Male,OBC,Muslim,Class 10,Upto 8L,60-70,"Rs 75,000/year",12/28,https://scholarships.gov.in,1
Sports & Academics Scholarship 2338,NGO Foundation,Architecture,Uttar Pradesh,Female,OBC,Hindu,Postgraduate,Upto 3.5L,60-70,"Rs 6,000/year",11/28,https://scholarships.gov.in,1
Sports & Academics Scholarship 2339,Zilla Parishad,Engineering,Jammu & Kashmir,All,All,Christian,PhD,No Limit,Above 75,"Rs 18,000/year",9/29,https://scholarships.gov.in,1
Best Student Award Scholarship 2340,Trust Fund,Education,Jharkhand,Female,SC,Muslim,Undergraduate,No Limit,Above 75,"Rs 25,000/year",9/30,https://scholarships.gov.in,1
First Generation Learner Award 2341,State Education Board,Design,Odisha,All,SC,All,Diploma,Upto 5L,70-80,"Rs 6,000/year",10/31,https://scholarships.gov.in,1
Rural Student Scholarship 2342,NGO Foundation,Science,Tamil Nadu,Male,ST,Jain,Postgraduate,Upto 2.5L,90-100,"Rs 40,000/year",9/29,https://scholarships.gov.in,1
Single Parent Child Scholarship 2343,Trust Fund,Science,Haryana,Female,General,Hindu,Undergraduate,Upto 2.5L,Above 75,"Rs 8,000/year",11/29,https://scholarships.gov.in,1
First Generation Learner Award 2344,State Education Board,Arts/Commerce,Jammu & Kashmir,Female,All,Muslim,Diploma,Upto 2.5L,Above 75,"Rs 10,000/year",11/30,https://scholarships.gov.in,1
Sports & Academics Scholarship 2345,District Collector Office,Medical,Goa,Female,OBC,Hindu,Diploma,Upto 3.5L,50-60,"Rs 35,000/year",12/28,https://scholarships.gov.in,1
Single Parent Child Scholarship 2346,Trust Fund,Law,Uttarakhand,All,Minority,Sikh,Undergraduate,No Limit,80-90,"Rs 30,000/year",10/30,https://scholarships.gov.in,1
Single Parent Child Scholarship 2347,NGO Foundation,Computer Science,Madhya Pradesh,Female,OBC,All,PhD,Upto 2.5L,Above 75,"Rs 2,000/year",11/28,https://scholarships.gov.in,1
Best Student Award Scholarship 2348,District Collector Office,Architecture,Rajasthan,Female,OBC,Jain,Postgraduate,No Limit,Above 60,"Rs 2,000/year",9/30,https://scholarships.gov.in,1
First Generation Learner Award 2349,District Collector Office,Computer Science,Nagaland,All,General,Hindu,Postgraduate,Upto 5L,70-80,"Rs 8,000/year",10/31,https://scholarships.gov.in,1
Academic Excellence Grant 2350,Zilla Parishad,Science,Odisha,All,ST,Buddhist,Class 12,Upto 5L,50-60,"Rs 1,000/year",10/28,https://scholarships.gov.in,1
Academic Excellence Grant 2351,NGO Foundation,Agriculture,Assam,Male,All,Christian,Postgraduate,Upto 8L,60-70,"Rs 6,000/year",11/28,https://scholarships.gov.in,1
Single Parent Child Scholarship 2352,District Collector Office,Agriculture,Manipur,Male,SC,All,Diploma,Upto 5L,Above 75,"Rs 1,500/year",11/29,https://scholarships.gov.in,1
Single Parent Child Scholarship 2353,NGO Foundation,Medical,Himachal Pradesh,Male,All,Jain,Class 10,Upto 8L,80-90,"Rs 1,500/year",10/31,https://scholarships.gov.in,1
Women in STEM Scholarship 2354,NGO Foundation,Science,Uttar Pradesh,Female,OBC,All,PhD,Upto 2.5L,80-90,"Rs 50,000/year",11/30,https://scholarships.gov.in,1
First Generation Learner Award 2355,Trust Fund,Arts/Commerce,Punjab,Female,EWS,All,Class 12,Upto 2.5L,60-70,"Rs 1,000/year",9/29,https://scholarships.gov.in,1
Academic Excellence Grant 2356,Zilla Parishad,Architecture,Maharashtra,Male,EWS,Muslim,Class 12,Upto 1L,Above 75,"Rs 35,000/year",11/28,https://scholarships.gov.in,1
Academic Excellence Grant 2357,Trust Fund,Pharmacy,Punjab,Female,OBC,Christian,Postgraduate,Upto 1L,Above 60,"Rs 15,000/year",10/31,https://scholarships.gov.in,1
Women in STEM Scholarship 2358,NGO Foundation,Medical,West Bengal,Female,ST,Muslim,PhD,Upto 1L,90-100,"Rs 2,500/year",9/31,https://scholarships.gov.in,1
BPL Student Aid 2359,NGO Foundation,Education,Delhi,All,OBC,Jain,Undergraduate,Upto 5L,Above 75,"Rs 40,000/year",11/30,https://scholarships.gov.in,1
Sports & Academics Scholarship 2360,Zilla Parishad,Biotechnology,Telangana,All,SC,Buddhist,Postgraduate,Upto 8L,60-70,"Rs 40,000/year",11/29,https://scholarships.gov.in,1
First Generation Learner Award 2361,Zilla Parishad,Design,Kerala,All,OBC,Muslim,Class 12,No Limit,90-100,"Rs 35,000/year",12/30,https://scholarships.gov.in,1
District Topper Scholarship 2362,Zilla Parishad,Science,Himachal Pradesh,Female,ST,Sikh,Postgraduate,Upto 5L,90-100,"Rs 12,000/year",9/29,https://scholarships.gov.in,1
Backward Class Merit Award 2363,Trust Fund,Management,Delhi,Female,OBC,Christian,Class 10,Upto 3.5L,80-90,"Rs 12,000/year",9/28,https://scholarships.gov.in,1
Sports & Academics Scholarship 2364,Trust Fund,Journalism,Rajasthan,All,Minority,Sikh,Class 10,No Limit,80-90,"Rs 1,500/year",12/29,https://scholarships.gov.in,1
Best Student Award Scholarship 2365,Zilla Parishad,Management,Kerala,All,General,All,Class 12,Upto 3.5L,Above 60,"Rs 6,000/year",11/28,https://scholarships.gov.in,1
Women in STEM Scholarship 2366,District Collector Office,Architecture,West Bengal,All,ST,Christian,Undergraduate,No Limit,Above 60,"Rs 15,000/year",12/31,https://scholarships.gov.in,1
BPL Student Aid 2367,District Collector Office,Architecture,Punjab,Male,OBC,Sikh,Postgraduate,Upto 2.5L,90-100,"Rs 12,000/year",10/30,https://scholarships.gov.in,1
Rural Student Scholarship 2368,NGO Foundation,Agriculture,Bihar,All,Minority,All,Postgraduate,Upto 5L,90-100,"Rs 18,000/year",10/30,https://scholarships.gov.in,1
Women in STEM Scholarship 2369,Trust Fund,Biotechnology,Arunachal Pradesh,Female,SC,Hindu,Undergraduate,Upto 3.5L,70-80,"Rs 60,000/year",10/28,https://scholarships.gov.in,1
BPL Student Aid 2370,District Collector Office,All,Nagaland,Male,ST,Sikh,Class 10,No Limit,80-90,"Rs 20,000/year",9/31,https://scholarships.gov.in,1
BPL Student Aid 2371,District Collector Office,Science,Madhya Pradesh,Male,SC,Buddhist,Class 10,Upto 2.5L,50-60,"Rs 10,000/year",10/29,https://scholarships.gov.in,1
Backward Class Merit Award 2372,NGO Foundation,Computer Science,Karnataka,Female,EWS,Muslim,Diploma,Upto 1L,80-90,"Rs 3,000/year",11/31,https://scholarships.gov.in,1
Best Student Award Scholarship 2373,District Collector Office,Education,Chhattisgarh,Female,ST,Christian,PhD,Upto 1L,60-70,"Rs 2,500/year",10/29,https://scholarships.gov.in,1
Best Student Award Scholarship 2374,Trust Fund,Computer Science,Madhya Pradesh,All,OBC,Jain,PhD,No Limit,50-60,"Rs 15,000/year",11/29,https://scholarships.gov.in,1
BPL Student Aid 2375,Trust Fund,Education,Himachal Pradesh,All,ST,Muslim,Class 12,Upto 5L,60-70,"Rs 35,000/year",11/30,https://scholarships.gov.in,1
Backward Class Merit Award 2376,NGO Foundation,Computer Science,Delhi,Female,General,Jain,PhD,No Limit,50-60,"Rs 12,000/year",9/30,https://scholarships.gov.in,1
Sports & Academics Scholarship 2377,NGO Foundation,Pharmacy,Uttar Pradesh,Female,General,Christian,PhD,Upto 2.5L,50-60,"Rs 5,000/year",12/28,https://scholarships.gov.in,1
First Generation Learner Award 2378,State Education Board,Science,Gujarat,Male,EWS,All,Class 10,Upto 5L,90-100,"Rs 40,000/year",12/30,https://scholarships.gov.in,1
Rural Student Scholarship 2379,State Education Board,Computer Science,Sikkim,Female,EWS,Buddhist,Class 12,Upto 3.5L,80-90,"Rs 75,000/year",11/29,https://scholarships.gov.in,1
Rural Student Scholarship 2380,NGO Foundation,Agriculture,Arunachal Pradesh,All,ST,Jain,Undergraduate,No Limit,70-80,"Rs 18,000/year",9/30,https://scholarships.gov.in,1
Academic Excellence Grant 2381,NGO Foundation,All,Karnataka,All,ST,Christian,PhD,Upto 5L,90-100,"Rs 18,000/year",11/29,https://scholarships.gov.in,1
Academic Excellence Grant 2382,District Collector Office,Medical,Madhya Pradesh,Female,EWS,Muslim,Undergraduate,Upto 3.5L,70-80,"Rs 30,000/year",9/29,https://scholarships.gov.in,1
BPL Student Aid 2383,Zilla Parishad,Agriculture,Sikkim,Male,All,Jain,Postgraduate,Upto 5L,80-90,"Rs 2,500/year",10/29,https://scholarships.gov.in,1
Rural Student Scholarship 2384,Trust Fund,Management,Uttarakhand,All,ST,Jain,PhD,No Limit,Above 75,"Rs 30,000/year",9/28,https://scholarships.gov.in,1
Rural Student Scholarship 2385,District Collector Office,Agriculture,Tripura,Female,All,All,PhD,Upto 1L,70-80,"Rs 12,000/year",11/28,https://scholarships.gov.in,1
District Topper Scholarship 2386,Trust Fund,Medical,Manipur,All,General,All,Class 12,Upto 8L,70-80,"Rs 60,000/year",11/28,https://scholarships.gov.in,1
BPL Student Aid 2387,NGO Foundation,Engineering,Mizoram,Female,ST,Sikh,Undergraduate,Upto 3.5L,80-90,"Rs 50,000/year",12/30,https://scholarships.gov.in,1
Rural Student Scholarship 2388,Trust Fund,Design,Jammu & Kashmir,Male,SC,Christian,Postgraduate,Upto 1L,70-80,"Rs 6,000/year",11/28,https://scholarships.gov.in,1
Sports & Academics Scholarship 2389,Trust Fund,Medical,Jharkhand,Female,EWS,Jain,Undergraduate,Upto 1L,Above 75,"Rs 3,000/year",9/29,https://scholarships.gov.in,1
Backward Class Merit Award 2390,NGO Foundation,Arts/Commerce,Arunachal Pradesh,All,SC,Christian,Diploma,Upto 8L,70-80,"Rs 15,000/year",12/31,https://scholarships.gov.in,1
BPL Student Aid 2391,Trust Fund,Design,Nagaland,All,OBC,Christian,Diploma,Upto 8L,50-60,"Rs 2,000/year",10/29,https://scholarships.gov.in,1
First Generation Learner Award 2392,State Education Board,Design,Uttar Pradesh,Female,All,Buddhist,Postgraduate,Upto 8L,60-70,"Rs 12,000/year",12/30,https://scholarships.gov.in,1
District Topper Scholarship 2393,Trust Fund,All,Mizoram,All,General,Jain,Postgraduate,No Limit,50-60,"Rs 35,000/year",12/30,https://scholarships.gov.in,1
Women in STEM Scholarship 2394,Trust Fund,Engineering,Mizoram,All,General,Jain,Postgraduate,Upto 3.5L,70-80,"Rs 20,000/year",9/29,https://scholarships.gov.in,1
Backward Class Merit Award 2395,District Collector Office,All,Arunachal Pradesh,Female,General,Jain,Class 12,Upto 3.5L,60-70,"Rs 2,500/year",9/30,https://scholarships.gov.in,1
Women in STEM Scholarship 2396,Trust Fund,Architecture,Punjab,Male,OBC,Christian,Undergraduate,Upto 3.5L,60-70,"Rs 50,000/year",10/31,https://scholarships.gov.in,1
Sports & Academics Scholarship 2397,Zilla Parishad,Journalism,Arunachal Pradesh,Female,EWS,Muslim,Postgraduate,Upto 2.5L,Above 75,"Rs 8,000/year",11/31,https://scholarships.gov.in,1
Women in STEM Scholarship 2398,NGO Foundation,All,Tamil Nadu,Male,OBC,Hindu,PhD,No Limit,Above 60,"Rs 10,000/year",12/29,https://scholarships.gov.in,1
BPL Student Aid 2399,Zilla Parishad,Pharmacy,Punjab,Female,EWS,All,PhD,No Limit,80-90,"Rs 25,000/year",12/29,https://scholarships.gov.in,1
Sports & Academics Scholarship 2400,Trust Fund,Journalism,Delhi,Male,All,Hindu,PhD,Upto 2.5L,Above 75,"Rs 8,000/year",9/28,https://scholarships.gov.in,1
Academic Excellence Grant 2401,Trust Fund,Management,Assam,All,Minority,Hindu,Class 10,No Limit,80-90,"Rs 40,000/year",10/31,https://scholarships.gov.in,1
BPL Student Aid 2402,District Collector Office,Arts/Commerce,Mizoram,Male,OBC,Buddhist,Undergraduate,No Limit,80-90,"Rs 30,000/year",10/30,https://scholarships.gov.in,1
Academic Excellence Grant 2403,Zilla Parishad,Engineering,Meghalaya,All,General,Jain,Class 10,No Limit,50-60,"Rs 50,000/year",9/28,https://scholarships.gov.in,1
Women in STEM Scholarship 2404,Trust Fund,Computer Science,Kerala,Male,ST,Jain,Postgraduate,Upto 3.5L,70-80,"Rs 30,000/year",10/30,https://scholarships.gov.in,1
Single Parent Child Scholarship 2405,NGO Foundation,Journalism,Goa,Female,Minority,Buddhist,PhD,Upto 5L,60-70,"Rs 6,000/year",12/31,https://scholarships.gov.in,1
First Generation Learner Award 2406,Zilla Parishad,Agriculture,Odisha,Male,ST,Hindu,Class 12,Upto 1L,70-80,"Rs 30,000/year",9/28,https://scholarships.gov.in,1
Rural Student Scholarship 2407,Zilla Parishad,Medical,Delhi,Female,Minority,Hindu,Class 10,No Limit,70-80,"Rs 3,000/year",9/29,https://scholarships.gov.in,1
Single Parent Child Scholarship 2408,State Education Board,Pharmacy,Tripura,All,General,Muslim,Postgraduate,No Limit,Above 75,"Rs 1,000/year",10/31,https://scholarships.gov.in,1
Single Parent Child Scholarship 2409,Trust Fund,Law,West Bengal,Female,SC,Jain,Class 12,No Limit,60-70,"Rs 2,000/year",9/29,https://scholarships.gov.in,1
District Topper Scholarship 2410,NGO Foundation,Biotechnology,Haryana,All,EWS,All,Postgraduate,Upto 5L,Above 60,"Rs 2,500/year",9/29,https://scholarships.gov.in,1
Single Parent Child Scholarship 2411,District Collector Office,Computer Science,Jharkhand,Female,ST,Muslim,Class 12,Upto 8L,50-60,"Rs 15,000/year",12/30,https://scholarships.gov.in,1
Best Student Award Scholarship 2412,State Education Board,Biotechnology,Meghalaya,Male,General,Jain,Diploma,Upto 5L,Above 60,"Rs 8,000/year",9/28,https://scholarships.gov.in,1
Backward Class Merit Award 2413,District Collector Office,Agriculture,Odisha,All,ST,Sikh,Class 12,Upto 5L,50-60,"Rs 15,000/year",10/28,https://scholarships.gov.in,1
Single Parent Child Scholarship 2414,District Collector Office,Arts/Commerce,Bihar,Female,All,Sikh,Undergraduate,No Limit,Above 75,"Rs 15,000/year",9/29,https://scholarships.gov.in,1
Single Parent Child Scholarship 2415,Trust Fund,Engineering,Manipur,Female,Minority,Hindu,PhD,Upto 3.5L,50-60,"Rs 60,000/year",10/31,https://scholarships.gov.in,1
First Generation Learner Award 2416,State Education Board,Design,Tamil Nadu,All,SC,Sikh,Class 10,No Limit,Above 60,"Rs 30,000/year",9/31,https://scholarships.gov.in,1
Best Student Award Scholarship 2417,NGO Foundation,Arts/Commerce,Tamil Nadu,Female,SC,All,PhD,Upto 3.5L,90-100,"Rs 1,500/year",10/29,https://scholarships.gov.in,1
First Generation Learner Award 2418,Trust Fund,Management,Karnataka,Male,SC,Buddhist,Class 10,No Limit,80-90,"Rs 1,500/year",12/29,https://scholarships.gov.in,1
First Generation Learner Award 2419,Zilla Parishad,All,Telangana,Female,All,Jain,Class 12,Upto 5L,Above 60,"Rs 3,000/year",11/30,https://scholarships.gov.in,1
Sports & Academics Scholarship 2420,NGO Foundation,All,Jammu & Kashmir,Male,All,Muslim,Class 12,No Limit,Above 60,"Rs 60,000/year",11/30,https://scholarships.gov.in,1
Backward Class Merit Award 2421,District Collector Office,Pharmacy,Assam,Male,EWS,Hindu,Diploma,Upto 5L,60-70,"Rs 1,500/year",11/30,https://scholarships.gov.in,1
BPL Student Aid 2422,Zilla Parishad,Law,Arunachal Pradesh,Female,General,Buddhist,Postgraduate,No Limit,50-60,"Rs 20,000/year",12/28,https://scholarships.gov.in,1
Sports & Academics Scholarship 2423,District Collector Office,Agriculture,Odisha,Female,General,All,Undergraduate,Upto 5L,50-60,"Rs 60,000/year",10/28,https://scholarships.gov.in,1
BPL Student Aid 2424,NGO Foundation,Pharmacy,Mizoram,Male,All,Muslim,Class 12,No Limit,70-80,"Rs 1,000/year",12/30,https://scholarships.gov.in,1
Rural Student Scholarship 2425,Zilla Parishad,All,Chhattisgarh,Female,All,Christian,Postgraduate,Upto 2.5L,60-70,"Rs 20,000/year",12/30,https://scholarships.gov.in,1
BPL Student Aid 2426,State Education Board,Computer Science,Chhattisgarh,Female,All,Muslim,Undergraduate,Upto 3.5L,Above 60,"Rs 1,500/year",12/30,https://scholarships.gov.in,1
Single Parent Child Scholarship 2427,State Education Board,Law,Goa,All,General,Hindu,PhD,Upto 8L,80-90,"Rs 12,000/year",12/30,https://scholarships.gov.in,1
Women in STEM Scholarship 2428,Trust Fund,Design,Bihar,All,OBC,Christian,Diploma,Upto 8L,90-100,"Rs 60,000/year",11/29,https://scholarships.gov.in,1
Sports & Academics Scholarship 2429,NGO Foundation,Biotechnology,Rajasthan,Male,OBC,Sikh,Class 10,Upto 2.5L,90-100,"Rs 6,000/year",12/28,https://scholarships.gov.in,1
BPL Student Aid 2430,District Collector Office,Education,Jammu & Kashmir,Female,All,Sikh,Diploma,Upto 2.5L,Above 60,"Rs 1,000/year",10/28,https://scholarships.gov.in,1
Women in STEM Scholarship 2431,NGO Foundation,Journalism,Gujarat,Female,SC,Jain,Undergraduate,Upto 1L,60-70,"Rs 25,000/year",10/28,https://scholarships.gov.in,1
District Topper Scholarship 2432,Trust Fund,Management,Mizoram,Male,ST,Jain,Class 10,Upto 3.5L,Above 75,"Rs 50,000/year",12/28,https://scholarships.gov.in,1
BPL Student Aid 2433,State Education Board,Medical,Himachal Pradesh,All,SC,Muslim,Class 12,No Limit,Above 75,"Rs 12,000/year",12/30,https://scholarships.gov.in,1
First Generation Learner Award 2434,NGO Foundation,Medical,Rajasthan,Male,ST,All,PhD,No Limit,90-100,"Rs 75,000/year",9/28,https://scholarships.gov.in,1
Academic Excellence Grant 2435,Zilla Parishad,Management,Assam,All,SC,Sikh,Diploma,Upto 5L,80-90,"Rs 35,000/year",12/28,https://scholarships.gov.in,1
Best Student Award Scholarship 2436,District Collector Office,Biotechnology,Uttar Pradesh,Male,Minority,Christian,Class 12,Upto 1L,70-80,"Rs 10,000/year",9/30,https://scholarships.gov.in,1
Women in STEM Scholarship 2437,Trust Fund,Law,Sikkim,Female,Minority,Jain,Diploma,No Limit,60-70,"Rs 3,000/year",10/29,https://scholarships.gov.in,1
BPL Student Aid 2438,State Education Board,Science,Arunachal Pradesh,Male,SC,Jain,PhD,Upto 1L,50-60,"Rs 1,500/year",12/31,https://scholarships.gov.in,1
Backward Class Merit Award 2439,NGO Foundation,Design,Mizoram,Male,ST,Sikh,Postgraduate,No Limit,Above 75,"Rs 35,000/year",9/29,https://scholarships.gov.in,1
Best Student Award Scholarship 2440,Zilla Parishad,Education,Haryana,All,OBC,Sikh,Undergraduate,Upto 3.5L,70-80,"Rs 75,000/year",9/28,https://scholarships.gov.in,1
Sports & Academics Scholarship 2441,Trust Fund,Law,Manipur,Female,ST,Jain,Class 10,Upto 3.5L,Above 60,"Rs 35,000/year",9/30,https://scholarships.gov.in,1
Best Student Award Scholarship 2442,District Collector Office,Engineering,Nagaland,Male,Minority,Christian,Class 10,Upto 8L,70-80,"Rs 50,000/year",11/29,https://scholarships.gov.in,1
Backward Class Merit Award 2443,Trust Fund,Architecture,Meghalaya,Female,SC,Hindu,Class 12,No Limit,Above 75,"Rs 30,000/year",10/29,https://scholarships.gov.in,1
BPL Student Aid 2444,Trust Fund,Pharmacy,Arunachal Pradesh,Female,OBC,Muslim,PhD,No Limit,90-100,"Rs 30,000/year",12/28,https://scholarships.gov.in,1
First Generation Learner Award 2445,NGO Foundation,Biotechnology,Chhattisgarh,Female,SC,Buddhist,Class 10,Upto 8L,Above 60,"Rs 20,000/year",9/30,https://scholarships.gov.in,1
BPL Student Aid 2446,Trust Fund,Arts/Commerce,Madhya Pradesh,Female,OBC,Jain,Undergraduate,Upto 2.5L,90-100,"Rs 75,000/year",10/31,https://scholarships.gov.in,1
Academic Excellence Grant 2447,State Education Board,Law,Mizoram,All,SC,Buddhist,Diploma,Upto 5L,60-70,"Rs 50,000/year",9/30,https://scholarships.gov.in,1
Backward Class Merit Award 2448,State Education Board,Design,Odisha,Male,Minority,Sikh,Diploma,Upto 8L,Above 75,"Rs 10,000/year",9/29,https://scholarships.gov.in,1
Best Student Award Scholarship 2449,District Collector Office,Engineering,Tamil Nadu,Male,SC,Buddhist,PhD,Upto 5L,50-60,"Rs 15,000/year",12/30,https://scholarships.gov.in,1
First Generation Learner Award 2450,District Collector Office,Medical,Uttarakhand,Female,OBC,Buddhist,Undergraduate,Upto 3.5L,70-80,"Rs 1,000/year",12/31,https://scholarships.gov.in,1
Academic Excellence Grant 2451,District Collector Office,Biotechnology,Mizoram,Female,Minority,Christian,Undergraduate,Upto 3.5L,60-70,"Rs 1,000/year",11/31,https://scholarships.gov.in,1
Rural Student Scholarship 2452,NGO Foundation,Arts/Commerce,Assam,Female,Minority,Buddhist,PhD,Upto 3.5L,50-60,"Rs 2,000/year",11/30,https://scholarships.gov.in,1
Sports & Academics Scholarship 2453,NGO Foundation,Science,Goa,Male,OBC,Hindu,Undergraduate,Upto 5L,80-90,"Rs 30,000/year",11/28,https://scholarships.gov.in,1
Academic Excellence Grant 2454,Trust Fund,Management,Meghalaya,Male,Minority,Sikh,Class 10,Upto 1L,90-100,"Rs 60,000/year",10/30,https://scholarships.gov.in,1
Women in STEM Scholarship 2455,District Collector Office,Design,Gujarat,Female,General,Muslim,Undergraduate,Upto 8L,60-70,"Rs 15,000/year",10/29,https://scholarships.gov.in,1
First Generation Learner Award 2456,Zilla Parishad,Architecture,Chhattisgarh,Female,EWS,Muslim,Undergraduate,Upto 1L,50-60,"Rs 3,000/year",11/28,https://scholarships.gov.in,1
Single Parent Child Scholarship 2457,District Collector Office,Medical,Odisha,Male,SC,Hindu,Class 12,Upto 1L,Above 75,"Rs 5,000/year",10/31,https://scholarships.gov.in,1
Academic Excellence Grant 2458,Trust Fund,Law,Chhattisgarh,Female,Minority,Hindu,Postgraduate,Upto 3.5L,50-60,"Rs 50,000/year",9/29,https://scholarships.gov.in,1
Rural Student Scholarship 2459,District Collector Office,Law,Nagaland,All,All,Jain,Class 12,Upto 1L,90-100,"Rs 6,000/year",10/30,https://scholarships.gov.in,1
Backward Class Merit Award 2460,State Education Board,Biotechnology,Meghalaya,Female,Minority,All,Class 10,No Limit,70-80,"Rs 3,000/year",10/30,https://scholarships.gov.in,1
BPL Student Aid 2461,Trust Fund,Science,Jammu & Kashmir,All,OBC,Buddhist,Class 12,Upto 2.5L,Above 60,"Rs 3,000/year",9/28,https://scholarships.gov.in,1
First Generation Learner Award 2462,District Collector Office,Agriculture,Bihar,Male,General,Sikh,Postgraduate,Upto 1L,90-100,"Rs 50,000/year",12/29,https://scholarships.gov.in,1
First Generation Learner Award 2463,Trust Fund,Computer Science,Manipur,Male,SC,Sikh,Diploma,Upto 5L,90-100,"Rs 40,000/year",12/30,https://scholarships.gov.in,1
District Topper Scholarship 2464,District Collector Office,Biotechnology,Assam,Female,Minority,Muslim,Class 10,Upto 3.5L,50-60,"Rs 1,500/year",9/31,https://scholarships.gov.in,1
Single Parent Child Scholarship 2465,District Collector Office,Medical,Goa,All,EWS,Christian,Class 12,Upto 2.5L,70-80,"Rs 30,000/year",11/31,https://scholarships.gov.in,1
Single Parent Child Scholarship 2466,NGO Foundation,Biotechnology,Goa,Female,Minority,Sikh,PhD,Upto 1L,Above 60,"Rs 20,000/year",11/28,https://scholarships.gov.in,1
Best Student Award Scholarship 2467,State Education Board,Engineering,Haryana,Female,EWS,Jain,Class 10,Upto 1L,Above 60,"Rs 75,000/year",11/29,https://scholarships.gov.in,1
District Topper Scholarship 2468,NGO Foundation,Agriculture,Arunachal Pradesh,Female,Minority,Christian,PhD,Upto 1L,80-90,"Rs 50,000/year",9/30,https://scholarships.gov.in,1
Backward Class Merit Award 2469,Trust Fund,Journalism,Rajasthan,All,SC,Jain,Undergraduate,No Limit,70-80,"Rs 75,000/year",9/31,https://scholarships.gov.in,1
Women in STEM Scholarship 2470,NGO Foundation,All,Jharkhand,Female,SC,Hindu,Class 12,Upto 1L,Above 75,"Rs 2,000/year",11/30,https://scholarships.gov.in,1
Rural Student Scholarship 2471,District Collector Office,Agriculture,Himachal Pradesh,All,General,Jain,Class 12,Upto 3.5L,60-70,"Rs 1,500/year",9/28,https://scholarships.gov.in,1
Women in STEM Scholarship 2472,NGO Foundation,Design,Tripura,Female,All,Hindu,Class 10,Upto 1L,90-100,"Rs 8,000/year",9/28,https://scholarships.gov.in,1
Backward Class Merit Award 2473,State Education Board,Engineering,Chhattisgarh,Male,OBC,Buddhist,Diploma,Upto 5L,80-90,"Rs 5,000/year",11/31,https://scholarships.gov.in,1
District Topper Scholarship 2474,Zilla Parishad,Computer Science,Haryana,Female,All,Hindu,Postgraduate,Upto 8L,Above 75,"Rs 12,000/year",9/30,https://scholarships.gov.in,1
Sports & Academics Scholarship 2475,District Collector Office,Pharmacy,Gujarat,All,ST,Buddhist,Class 10,Upto 5L,Above 75,"Rs 1,500/year",12/30,https://scholarships.gov.in,1
Single Parent Child Scholarship 2476,Trust Fund,Management,Arunachal Pradesh,Male,OBC,Muslim,Undergraduate,No Limit,80-90,"Rs 12,000/year",12/30,https://scholarships.gov.in,1
Rural Student Scholarship 2477,NGO Foundation,Management,Uttarakhand,Female,All,Jain,Undergraduate,Upto 5L,Above 60,"Rs 30,000/year",11/30,https://scholarships.gov.in,1
Best Student Award Scholarship 2478,State Education Board,Management,Sikkim,Male,All,Muslim,Class 10,Upto 2.5L,50-60,"Rs 20,000/year",11/31,https://scholarships.gov.in,1
Rural Student Scholarship 2479,Zilla Parishad,Biotechnology,Jammu & Kashmir,All,ST,Hindu,Postgraduate,Upto 8L,90-100,"Rs 1,500/year",10/29,https://scholarships.gov.in,1
BPL Student Aid 2480,District Collector Office,Pharmacy,Jharkhand,Female,Minority,Muslim,PhD,Upto 5L,50-60,"Rs 60,000/year",11/28,https://scholarships.gov.in,1
BPL Student Aid 2481,State Education Board,Computer Science,Jammu & Kashmir,All,ST,Christian,PhD,Upto 8L,80-90,"Rs 50,000/year",11/28,https://scholarships.gov.in,1
Sports & Academics Scholarship 2482,NGO Foundation,Computer Science,Sikkim,Male,Minority,Sikh,Class 12,Upto 3.5L,80-90,"Rs 10,000/year",9/29,https://scholarships.gov.in,1
Academic Excellence Grant 2483,State Education Board,Management,Kerala,All,ST,Jain,Diploma,Upto 2.5L,Above 60,"Rs 8,000/year",11/28,https://scholarships.gov.in,1
Single Parent Child Scholarship 2484,NGO Foundation,Journalism,Bihar,All,ST,Sikh,Diploma,Upto 1L,70-80,"Rs 5,000/year",10/28,https://scholarships.gov.in,1
Academic Excellence Grant 2485,NGO Foundation,Architecture,Jammu & Kashmir,Male,Minority,Christian,Class 12,Upto 5L,70-80,"Rs 15,000/year",9/31,https://scholarships.gov.in,1
Rural Student Scholarship 2486,Trust Fund,Agriculture,Punjab,Female,SC,All,Postgraduate,Upto 2.5L,50-60,"Rs 2,500/year",11/30,https://scholarships.gov.in,1
Rural Student Scholarship 2487,District Collector Office,All,Meghalaya,All,EWS,Sikh,PhD,Upto 2.5L,50-60,"Rs 25,000/year",10/30,https://scholarships.gov.in,1
First Generation Learner Award 2488,Trust Fund,Education,Jharkhand,All,SC,Christian,Postgraduate,Upto 2.5L,60-70,"Rs 2,500/year",12/28,https://scholarships.gov.in,1
Backward Class Merit Award 2489,State Education Board,Biotechnology,Himachal Pradesh,Male,OBC,Christian,Diploma,Upto 8L,Above 75,"Rs 2,000/year",9/31,https://scholarships.gov.in,1
Rural Student Scholarship 2490,State Education Board,Design,Andhra Pradesh,Female,ST,Muslim,Undergraduate,Upto 8L,90-100,"Rs 12,000/year",12/31,https://scholarships.gov.in,1
BPL Student Aid 2491,NGO Foundation,Medical,Mizoram,All,EWS,All,Postgraduate,No Limit,60-70,"Rs 30,000/year",9/28,https://scholarships.gov.in,1
Academic Excellence Grant 2492,State Education Board,Engineering,Mizoram,All,Minority,All,Diploma,No Limit,70-80,"Rs 10,000/year",10/31,https://scholarships.gov.in,1
Academic Excellence Grant 2493,District Collector Office,Computer Science,Tamil Nadu,Male,SC,All,Class 10,No Limit,Above 60,"Rs 1,000/year",10/28,https://scholarships.gov.in,1
Single Parent Child Scholarship 2494,NGO Foundation,Design,Kerala,Female,Minority,Jain,Undergraduate,Upto 8L,50-60,"Rs 1,500/year",9/30,https://scholarships.gov.in,1
District Topper Scholarship 2495,District Collector Office,Education,Assam,Female,OBC,All,Class 12,No Limit,60-70,"Rs 50,000/year",9/30,https://scholarships.gov.in,1
Women in STEM Scholarship 2496,NGO Foundation,Arts/Commerce,Kerala,Male,SC,Christian,Postgraduate,Upto 2.5L,50-60,"Rs 50,000/year",11/29,https://scholarships.gov.in,1
Single Parent Child Scholarship 2497,NGO Foundation,Education,Himachal Pradesh,All,Minority,Jain,Class 12,Upto 3.5L,60-70,"Rs 50,000/year",9/30,https://scholarships.gov.in,1
First Generation Learner Award 2498,Trust Fund,Pharmacy,Maharashtra,Male,All,Buddhist,Class 12,Upto 8L,70-80,"Rs 12,000/year",12/30,https://scholarships.gov.in,1
Women in STEM Scholarship 2499,District Collector Office,Education,West Bengal,All,EWS,Hindu,Class 12,Upto 1L,80-90,"Rs 1,000/year",12/29,https://scholarships.gov.in,1
District Topper Scholarship 2500,Zilla Parishad,Education,Jammu & Kashmir,Male,Minority,Buddhist,PhD,Upto 2.5L,50-60,"Rs 10,000/year",9/31,https://scholarships.gov.in,1
First Generation Learner Award 2501,State Education Board,Science,Sikkim,Female,OBC,Jain,PhD,Upto 2.5L,Above 75,"Rs 40,000/year",9/29,https://scholarships.gov.in,1
Women in STEM Scholarship 2502,District Collector Office,Agriculture,Chhattisgarh,Female,EWS,Buddhist,Class 12,Upto 8L,70-80,"Rs 35,000/year",12/28,https://scholarships.gov.in,1
Single Parent Child Scholarship 2503,Zilla Parishad,Architecture,Kerala,Female,OBC,Sikh,Class 12,Upto 1L,50-60,"Rs 1,500/year",10/30,https://scholarships.gov.in,1
Backward Class Merit Award 2504,State Education Board,Education,Tripura,Male,Minority,Jain,Undergraduate,Upto 5L,80-90,"Rs 8,000/year",9/30,https://scholarships.gov.in,1
Single Parent Child Scholarship 2505,District Collector Office,Education,Gujarat,Female,Minority,All,Class 12,Upto 1L,Above 75,"Rs 20,000/year",9/31,https://scholarships.gov.in,1
First Generation Learner Award 2506,NGO Foundation,Management,Jharkhand,All,Minority,Hindu,Undergraduate,Upto 5L,60-70,"Rs 50,000/year",12/28,https://scholarships.gov.in,1
District Topper Scholarship 2507,Trust Fund,Management,Mizoram,Male,EWS,Buddhist,PhD,Upto 1L,50-60,"Rs 6,000/year",10/29,https://scholarships.gov.in,1
District Topper Scholarship 2508,District Collector Office,Architecture,Arunachal Pradesh,Male,ST,Christian,Postgraduate,Upto 3.5L,90-100,"Rs 2,500/year",11/30,https://scholarships.gov.in,1
Backward Class Merit Award 2509,NGO Foundation,Management,Jharkhand,Female,SC,Hindu,Postgraduate,Upto 2.5L,80-90,"Rs 75,000/year",12/28,https://scholarships.gov.in,1
Rural Student Scholarship 2510,Zilla Parishad,Medical,Bihar,Male,All,Sikh,Class 12,Upto 2.5L,90-100,"Rs 50,000/year",9/28,https://scholarships.gov.in,1
First Generation Learner Award 2511,Trust Fund,Law,Karnataka,Female,General,Jain,Diploma,Upto 3.5L,80-90,"Rs 35,000/year",10/28,https://scholarships.gov.in,1
Backward Class Merit Award 2512,Zilla Parishad,Biotechnology,West Bengal,Male,Minority,Christian,PhD,Upto 2.5L,70-80,"Rs 75,000/year",10/31,https://scholarships.gov.in,1
First Generation Learner Award 2513,State Education Board,Arts/Commerce,Manipur,All,Minority,All,Class 12,Upto 2.5L,Above 75,"Rs 2,500/year",12/29,https://scholarships.gov.in,1
Single Parent Child Scholarship 2514,State Education Board,Education,Arunachal Pradesh,Female,SC,All,Diploma,Upto 3.5L,90-100,"Rs 6,000/year",11/28,https://scholarships.gov.in,1
Best Student Award Scholarship 2515,Zilla Parishad,Engineering,Uttarakhand,Male,SC,Hindu,Postgraduate,No Limit,Above 75,"Rs 1,000/year",12/29,https://scholarships.gov.in,1
Rural Student Scholarship 2516,District Collector Office,Journalism,Uttar Pradesh,Male,ST,All,Diploma,No Limit,70-80,"Rs 6,000/year",11/29,https://scholarships.gov.in,1
District Topper Scholarship 2517,District Collector Office,Management,Bihar,All,ST,Sikh,PhD,Upto 3.5L,Above 75,"Rs 8,000/year",10/29,https://scholarships.gov.in,1
District Topper Scholarship 2518,District Collector Office,Law,Bihar,Male,EWS,All,Diploma,Upto 3.5L,60-70,"Rs 12,000/year",10/31,https://scholarships.gov.in,1
BPL Student Aid 2519,Zilla Parishad,Arts/Commerce,Gujarat,Female,All,Muslim,Diploma,Upto 2.5L,60-70,"Rs 40,000/year",12/29,https://scholarships.gov.in,1
BPL Student Aid 2520,Trust Fund,Medical,Jharkhand,All,Minority,Sikh,Postgraduate,Upto 2.5L,Above 60,"Rs 12,000/year",10/31,https://scholarships.gov.in,1
Backward Class Merit Award 2521,District Collector Office,Education,Sikkim,All,Minority,Jain,Diploma,No Limit,Above 75,"Rs 1,500/year",9/31,https://scholarships.gov.in,1
Best Student Award Scholarship 2522,State Education Board,All,Haryana,All,EWS,All,Undergraduate,Upto 3.5L,90-100,"Rs 25,000/year",12/31,https://scholarships.gov.in,1
Rural Student Scholarship 2523,District Collector Office,Journalism,Karnataka,Male,ST,Jain,Class 12,Upto 3.5L,Above 75,"Rs 3,000/year",12/31,https://scholarships.gov.in,1
Women in STEM Scholarship 2524,NGO Foundation,Biotechnology,Tamil Nadu,Female,ST,Hindu,Class 10,Upto 5L,Above 60,"Rs 12,000/year",11/31,https://scholarships.gov.in,1
Best Student Award Scholarship 2525,Zilla Parishad,Engineering,Rajasthan,Male,EWS,Sikh,Postgraduate,No Limit,50-60,"Rs 2,000/year",12/31,https://scholarships.gov.in,1
Academic Excellence Grant 2526,Trust Fund,Education,Mizoram,Male,General,Muslim,Diploma,Upto 2.5L,80-90,"Rs 5,000/year",12/30,https://scholarships.gov.in,1
District Topper Scholarship 2527,State Education Board,Architecture,Nagaland,Female,General,Jain,Class 10,Upto 1L,50-60,"Rs 20,000/year",9/31,https://scholarships.gov.in,1
Rural Student Scholarship 2528,Zilla Parishad,Engineering,Mizoram,All,SC,Muslim,Undergraduate,Upto 3.5L,90-100,"Rs 6,000/year",12/28,https://scholarships.gov.in,1
Best Student Award Scholarship 2529,Zilla Parishad,Science,Maharashtra,Female,SC,Jain,Postgraduate,Upto 2.5L,90-100,"Rs 5,000/year",10/30,https://scholarships.gov.in,1
BPL Student Aid 2530,Trust Fund,Medical,Kerala,Male,Minority,All,Class 10,Upto 5L,Above 75,"Rs 1,500/year",11/29,https://scholarships.gov.in,1
Academic Excellence Grant 2531,State Education Board,Architecture,Kerala,Male,SC,Hindu,Undergraduate,Upto 5L,60-70,"Rs 18,000/year",11/31,https://scholarships.gov.in,1
BPL Student Aid 2532,Zilla Parishad,Management,Karnataka,Male,OBC,Muslim,PhD,Upto 5L,50-60,"Rs 18,000/year",12/28,https://scholarships.gov.in,1
Single Parent Child Scholarship 2533,District Collector Office,All,Meghalaya,Male,EWS,Buddhist,Postgraduate,Upto 1L,50-60,"Rs 30,000/year",10/28,https://scholarships.gov.in,1
Single Parent Child Scholarship 2534,NGO Foundation,Education,Nagaland,Female,OBC,Hindu,Class 10,Upto 2.5L,80-90,"Rs 8,000/year",10/28,https://scholarships.gov.in,1
First Generation Learner Award 2535,Zilla Parishad,Arts/Commerce,Odisha,Female,SC,Buddhist,Postgraduate,Upto 5L,60-70,"Rs 15,000/year",10/30,https://scholarships.gov.in,1
Women in STEM Scholarship 2536,NGO Foundation,Law,Tripura,Male,SC,Christian,Class 12,Upto 2.5L,80-90,"Rs 30,000/year",9/31,https://scholarships.gov.in,1
First Generation Learner Award 2537,State Education Board,Management,Arunachal Pradesh,All,General,Buddhist,PhD,No Limit,Above 60,"Rs 10,000/year",9/31,https://scholarships.gov.in,1
District Topper Scholarship 2538,District Collector Office,Management,Gujarat,Female,All,Hindu,Class 10,No Limit,80-90,"Rs 3,000/year",11/31,https://scholarships.gov.in,1
First Generation Learner Award 2539,Trust Fund,Law,Jammu & Kashmir,All,SC,Muslim,PhD,Upto 5L,Above 75,"Rs 40,000/year",11/28,https://scholarships.gov.in,1
Best Student Award Scholarship 2540,Zilla Parishad,Engineering,Uttarakhand,All,All,Buddhist,Postgraduate,Upto 5L,70-80,"Rs 2,000/year",12/31,https://scholarships.gov.in,1
Sports & Academics Scholarship 2541,Zilla Parishad,Medical,Nagaland,Female,All,Christian,Postgraduate,Upto 1L,Above 60,"Rs 25,000/year",12/29,https://scholarships.gov.in,1
Single Parent Child Scholarship 2542,NGO Foundation,Science,West Bengal,All,Minority,Hindu,Undergraduate,Upto 3.5L,Above 60,"Rs 1,500/year",10/30,https://scholarships.gov.in,1
Single Parent Child Scholarship 2543,NGO Foundation,Law,Assam,All,Minority,Buddhist,Undergraduate,Upto 2.5L,60-70,"Rs 25,000/year",12/28,https://scholarships.gov.in,1
First Generation Learner Award 2544,Trust Fund,Engineering,Punjab,Male,SC,All,Class 10,Upto 5L,90-100,"Rs 3,000/year",10/31,https://scholarships.gov.in,1
First Generation Learner Award 2545,State Education Board,Journalism,Bihar,Male,OBC,All,PhD,No Limit,80-90,"Rs 75,000/year",9/31,https://scholarships.gov.in,1
BPL Student Aid 2546,State Education Board,Agriculture,Haryana,Male,General,Christian,Postgraduate,No Limit,Above 60,"Rs 15,000/year",9/28,https://scholarships.gov.in,1
BPL Student Aid 2547,State Education Board,All,Madhya Pradesh,All,OBC,Hindu,Class 10,Upto 3.5L,Above 75,"Rs 40,000/year",9/29,https://scholarships.gov.in,1
Women in STEM Scholarship 2548,State Education Board,Computer Science,Nagaland,All,Minority,All,Diploma,Upto 3.5L,60-70,"Rs 3,000/year",11/29,https://scholarships.gov.in,1
Backward Class Merit Award 2549,District Collector Office,Engineering,Bihar,All,Minority,Muslim,Class 10,Upto 1L,90-100,"Rs 1,500/year",9/30,https://scholarships.gov.in,1
Women in STEM Scholarship 2550,State Education Board,Pharmacy,Mizoram,Male,All,Hindu,Class 10,Upto 2.5L,60-70,"Rs 3,000/year",10/30,https://scholarships.gov.in,1
BPL Student Aid 2551,Zilla Parishad,Medical,Tamil Nadu,Female,Minority,Christian,Class 10,Upto 1L,Above 75,"Rs 2,500/year",12/31,https://scholarships.gov.in,1
District Topper Scholarship 2552,Trust Fund,Design,Meghalaya,All,All,Christian,Class 10,Upto 3.5L,90-100,"Rs 2,500/year",10/31,https://scholarships.gov.in,1
Backward Class Merit Award 2553,State Education Board,Biotechnology,Chhattisgarh,Female,EWS,Sikh,Class 12,Upto 2.5L,50-60,"Rs 8,000/year",11/29,https://scholarships.gov.in,1
First Generation Learner Award 2554,Zilla Parishad,Science,Jammu & Kashmir,Female,All,Muslim,Undergraduate,Upto 1L,80-90,"Rs 75,000/year",11/31,https://scholarships.gov.in,1
Single Parent Child Scholarship 2555,Zilla Parishad,Science,Chhattisgarh,Male,SC,Sikh,Class 10,Upto 1L,Above 60,"Rs 30,000/year",9/29,https://scholarships.gov.in,1
Sports & Academics Scholarship 2556,Trust Fund,Education,Arunachal Pradesh,Female,General,All,Class 12,Upto 8L,90-100,"Rs 5,000/year",12/29,https://scholarships.gov.in,1
Rural Student Scholarship 2557,State Education Board,Education,Tripura,Male,EWS,Jain,Class 12,Upto 1L,80-90,"Rs 5,000/year",9/29,https://scholarships.gov.in,1
Sports & Academics Scholarship 2558,NGO Foundation,Computer Science,Haryana,All,ST,Christian,Postgraduate,Upto 5L,Above 75,"Rs 40,000/year",12/29,https://scholarships.gov.in,1
Academic Excellence Grant 2559,District Collector Office,Architecture,Gujarat,Male,SC,All,Class 10,No Limit,60-70,"Rs 50,000/year",11/31,https://scholarships.gov.in,1
Backward Class Merit Award 2560,NGO Foundation,All,Maharashtra,All,All,Buddhist,Diploma,No Limit,50-60,"Rs 10,000/year",9/30,https://scholarships.gov.in,1
Women in STEM Scholarship 2561,District Collector Office,Pharmacy,Odisha,Male,OBC,Sikh,Undergraduate,Upto 5L,50-60,"Rs 18,000/year",10/30,https://scholarships.gov.in,1
District Topper Scholarship 2562,NGO Foundation,Architecture,Meghalaya,Female,General,Buddhist,Postgraduate,No Limit,90-100,"Rs 60,000/year",9/30,https://scholarships.gov.in,1
Single Parent Child Scholarship 2563,State Education Board,Science,Arunachal Pradesh,Male,Minority,Sikh,PhD,Upto 5L,80-90,"Rs 50,000/year",10/31,https://scholarships.gov.in,1
Single Parent Child Scholarship 2564,Trust Fund,Pharmacy,Jammu & Kashmir,All,SC,Hindu,Diploma,No Limit,90-100,"Rs 15,000/year",12/28,https://scholarships.gov.in,1
BPL Student Aid 2565,Zilla Parishad,Pharmacy,Haryana,Male,OBC,Hindu,Class 10,Upto 2.5L,Above 60,"Rs 40,000/year",10/29,https://scholarships.gov.in,1
First Generation Learner Award 2566,Zilla Parishad,Medical,Sikkim,Male,Minority,Muslim,PhD,Upto 2.5L,Above 60,"Rs 12,000/year",10/31,https://scholarships.gov.in,1
BPL Student Aid 2567,NGO Foundation,Education,Uttarakhand,Male,Minority,Buddhist,Undergraduate,Upto 3.5L,Above 60,"Rs 40,000/year",10/30,https://scholarships.gov.in,1
District Topper Scholarship 2568,State Education Board,Science,Odisha,Female,SC,Buddhist,Diploma,Upto 8L,90-100,"Rs 10,000/year",11/30,https://scholarships.gov.in,1
Academic Excellence Grant 2569,State Education Board,Law,Meghalaya,Female,General,Muslim,Postgraduate,Upto 5L,60-70,"Rs 5,000/year",11/31,https://scholarships.gov.in,1
Sports & Academics Scholarship 2570,Zilla Parishad,Journalism,Jammu & Kashmir,All,General,Jain,Diploma,Upto 2.5L,Above 75,"Rs 75,000/year",10/30,https://scholarships.gov.in,1
Women in STEM Scholarship 2571,NGO Foundation,Management,Meghalaya,Female,Minority,Christian,PhD,Upto 3.5L,90-100,"Rs 40,000/year",11/29,https://scholarships.gov.in,1
BPL Student Aid 2572,Trust Fund,Arts/Commerce,Goa,Female,General,Jain,PhD,No Limit,Above 75,"Rs 10,000/year",9/30,https://scholarships.gov.in,1
First Generation Learner Award 2573,NGO Foundation,Architecture,Jharkhand,All,General,Muslim,Class 10,No Limit,Above 75,"Rs 18,000/year",10/31,https://scholarships.gov.in,1
First Generation Learner Award 2574,District Collector Office,Medical,Delhi,All,EWS,Jain,Diploma,Upto 2.5L,Above 75,"Rs 2,000/year",10/28,https://scholarships.gov.in,1
Women in STEM Scholarship 2575,Zilla Parishad,Management,Karnataka,Female,EWS,Christian,Class 12,Upto 5L,50-60,"Rs 3,000/year",12/30,https://scholarships.gov.in,1
District Topper Scholarship 2576,Trust Fund,Medical,Manipur,Male,SC,Christian,Class 10,Upto 8L,70-80,"Rs 5,000/year",10/31,https://scholarships.gov.in,1
Backward Class Merit Award 2577,NGO Foundation,Engineering,Odisha,Male,ST,Hindu,PhD,Upto 8L,50-60,"Rs 3,000/year",10/31,https://scholarships.gov.in,1
First Generation Learner Award 2578,District Collector Office,Architecture,Gujarat,All,Minority,Buddhist,Class 10,No Limit,50-60,"Rs 1,500/year",10/31,https://scholarships.gov.in,1
Academic Excellence Grant 2579,Trust Fund,Science,Telangana,Male,EWS,Jain,Postgraduate,Upto 5L,Above 75,"Rs 10,000/year",9/29,https://scholarships.gov.in,1
Backward Class Merit Award 2580,Trust Fund,Design,Uttarakhand,Male,Minority,Buddhist,Undergraduate,Upto 5L,50-60,"Rs 6,000/year",11/29,https://scholarships.gov.in,1
Best Student Award Scholarship 2581,Zilla Parishad,Agriculture,Kerala,All,OBC,All,Class 12,Upto 5L,Above 75,"Rs 75,000/year",10/28,https://scholarships.gov.in,1
Academic Excellence Grant 2582,District Collector Office,Medical,Uttarakhand,Female,ST,Christian,PhD,Upto 5L,70-80,"Rs 12,000/year",12/31,https://scholarships.gov.in,1
Best Student Award Scholarship 2583,Trust Fund,Arts/Commerce,Odisha,Female,All,Hindu,PhD,No Limit,Above 75,"Rs 2,500/year",12/30,https://scholarships.gov.in,1
Women in STEM Scholarship 2584,Trust Fund,Law,Haryana,Female,SC,All,Postgraduate,Upto 5L,90-100,"Rs 18,000/year",9/30,https://scholarships.gov.in,1
BPL Student Aid 2585,State Education Board,Management,Assam,All,EWS,Hindu,Class 12,No Limit,80-90,"Rs 3,000/year",9/29,https://scholarships.gov.in,1
Academic Excellence Grant 2586,Zilla Parishad,Design,West Bengal,Male,EWS,Buddhist,Diploma,Upto 3.5L,Above 75,"Rs 6,000/year",10/28,https://scholarships.gov.in,1
Women in STEM Scholarship 2587,District Collector Office,Computer Science,Uttarakhand,All,EWS,Hindu,Diploma,No Limit,Above 75,"Rs 12,000/year",12/30,https://scholarships.gov.in,1
Women in STEM Scholarship 2588,Zilla Parishad,Medical,Jharkhand,All,OBC,Buddhist,Class 10,No Limit,50-60,"Rs 40,000/year",11/31,https://scholarships.gov.in,1
First Generation Learner Award 2589,Zilla Parishad,Arts/Commerce,Telangana,Female,General,Buddhist,Diploma,Upto 1L,90-100,"Rs 18,000/year",10/30,https://scholarships.gov.in,1
Academic Excellence Grant 2590,Trust Fund,All,Madhya Pradesh,Male,All,Jain,Diploma,Upto 8L,Above 75,"Rs 2,500/year",11/30,https://scholarships.gov.in,1
BPL Student Aid 2591,Zilla Parishad,Journalism,Assam,Male,General,Sikh,Postgraduate,Upto 8L,60-70,"Rs 75,000/year",10/28,https://scholarships.gov.in,1
BPL Student Aid 2592,NGO Foundation,Agriculture,Manipur,Female,Minority,All,Class 10,Upto 2.5L,Above 60,"Rs 2,500/year",12/29,https://scholarships.gov.in,1
Rural Student Scholarship 2593,State Education Board,Architecture,Odisha,Female,EWS,Jain,Diploma,Upto 5L,90-100,"Rs 1,000/year",10/30,https://scholarships.gov.in,1
Single Parent Child Scholarship 2594,District Collector Office,Computer Science,Odisha,Male,OBC,Christian,Postgraduate,No Limit,50-60,"Rs 30,000/year",9/31,https://scholarships.gov.in,1
BPL Student Aid 2595,Trust Fund,Science,Tamil Nadu,Male,OBC,Muslim,Class 12,Upto 3.5L,60-70,"Rs 60,000/year",10/30,https://scholarships.gov.in,1
Single Parent Child Scholarship 2596,District Collector Office,All,Rajasthan,All,OBC,Muslim,Undergraduate,Upto 3.5L,Above 60,"Rs 5,000/year",11/28,https://scholarships.gov.in,1
Women in STEM Scholarship 2597,Zilla Parishad,Biotechnology,West Bengal,All,ST,Muslim,Postgraduate,Upto 1L,80-90,"Rs 40,000/year",10/30,https://scholarships.gov.in,1
First Generation Learner Award 2598,Trust Fund,Management,Tamil Nadu,All,ST,Buddhist,Class 10,Upto 3.5L,70-80,"Rs 35,000/year",11/31,https://scholarships.gov.in,1
Single Parent Child Scholarship 2599,State Education Board,Design,Uttar Pradesh,Female,All,Jain,Class 10,Upto 5L,Above 60,"Rs 18,000/year",12/30,https://scholarships.gov.in,1
First Generation Learner Award 2600,Trust Fund,Computer Science,Tripura,Female,SC,All,Undergraduate,Upto 8L,70-80,"Rs 40,000/year",11/31,https://scholarships.gov.in,1
BPL Student Aid 2601,Trust Fund,Journalism,Delhi,All,EWS,All,Class 12,Upto 1L,50-60,"Rs 10,000/year",9/31,https://scholarships.gov.in,1
BPL Student Aid 2602,State Education Board,Agriculture,Maharashtra,Female,All,Buddhist,Postgraduate,Upto 8L,90-100,"Rs 40,000/year",10/30,https://scholarships.gov.in,1
Single Parent Child Scholarship 2603,State Education Board,Education,Delhi,Female,EWS,Buddhist,Class 10,Upto 2.5L,80-90,"Rs 5,000/year",10/29,https://scholarships.gov.in,1
BPL Student Aid 2604,District Collector Office,Medical,Punjab,Female,EWS,All,PhD,Upto 2.5L,70-80,"Rs 40,000/year",10/30,https://scholarships.gov.in,1
Women in STEM Scholarship 2605,District Collector Office,Education,Meghalaya,Male,OBC,Hindu,Class 12,Upto 5L,70-80,"Rs 1,000/year",11/30,https://scholarships.gov.in,1
District Topper Scholarship 2606,Trust Fund,Biotechnology,Sikkim,All,OBC,Buddhist,Postgraduate,Upto 5L,Above 60,"Rs 5,000/year",11/31,https://scholarships.gov.in,1
Sports & Academics Scholarship 2607,Zilla Parishad,Education,Gujarat,All,ST,Christian,Class 12,Upto 3.5L,50-60,"Rs 1,500/year",11/28,https://scholarships.gov.in,1
Rural Student Scholarship 2608,District Collector Office,Medical,Tripura,All,Minority,Hindu,Diploma,Upto 5L,60-70,"Rs 1,500/year",10/30,https://scholarships.gov.in,1
Academic Excellence Grant 2609,Trust Fund,Management,Kerala,All,EWS,Jain,Undergraduate,No Limit,70-80,"Rs 1,500/year",9/31,https://scholarships.gov.in,1
Sports & Academics Scholarship 2610,Zilla Parishad,Law,Maharashtra,Male,ST,Buddhist,Class 12,Upto 3.5L,80-90,"Rs 25,000/year",12/30,https://scholarships.gov.in,1
Backward Class Merit Award 2611,Trust Fund,Arts/Commerce,Mizoram,Male,OBC,Sikh,Undergraduate,Upto 2.5L,90-100,"Rs 35,000/year",11/30,https://scholarships.gov.in,1
BPL Student Aid 2612,NGO Foundation,Management,Arunachal Pradesh,Male,EWS,Jain,Undergraduate,Upto 3.5L,70-80,"Rs 12,000/year",9/28,https://scholarships.gov.in,1
Sports & Academics Scholarship 2613,Zilla Parishad,Biotechnology,Telangana,Male,OBC,All,Class 10,Upto 2.5L,80-90,"Rs 40,000/year",12/28,https://scholarships.gov.in,1
First Generation Learner Award 2614,District Collector Office,Architecture,Himachal Pradesh,Male,ST,Hindu,Diploma,Upto 1L,Above 75,"Rs 20,000/year",10/31,https://scholarships.gov.in,1
District Topper Scholarship 2615,Trust Fund,Journalism,Manipur,All,General,Jain,PhD,No Limit,70-80,"Rs 3,000/year",10/31,https://scholarships.gov.in,1
BPL Student Aid 2616,Zilla Parishad,Law,Uttar Pradesh,All,ST,All,Undergraduate,Upto 3.5L,90-100,"Rs 50,000/year",10/28,https://scholarships.gov.in,1
Women in STEM Scholarship 2617,Zilla Parishad,Science,Punjab,Female,All,Jain,Undergraduate,No Limit,60-70,"Rs 12,000/year",10/30,https://scholarships.gov.in,1
Sports & Academics Scholarship 2618,District Collector Office,Design,West Bengal,All,Minority,Jain,PhD,Upto 2.5L,Above 60,"Rs 8,000/year",12/29,https://scholarships.gov.in,1
Backward Class Merit Award 2619,Zilla Parishad,Computer Science,Jharkhand,All,EWS,Christian,Class 12,Upto 8L,60-70,"Rs 18,000/year",11/30,https://scholarships.gov.in,1
Single Parent Child Scholarship 2620,State Education Board,Design,Manipur,Female,General,Hindu,Diploma,Upto 5L,90-100,"Rs 12,000/year",10/30,https://scholarships.gov.in,1
Rural Student Scholarship 2621,Zilla Parishad,Management,Tamil Nadu,Female,SC,Buddhist,Class 10,No Limit,90-100,"Rs 75,000/year",10/29,https://scholarships.gov.in,1
Sports & Academics Scholarship 2622,State Education Board,Management,Uttar Pradesh,Male,Minority,All,Undergraduate,Upto 1L,90-100,"Rs 3,000/year",10/31,https://scholarships.gov.in,1
Rural Student Scholarship 2623,Trust Fund,Biotechnology,Odisha,Male,ST,Christian,PhD,Upto 5L,Above 60,"Rs 2,500/year",11/31,https://scholarships.gov.in,1
BPL Student Aid 2624,State Education Board,Computer Science,Bihar,All,SC,Muslim,Postgraduate,Upto 1L,50-60,"Rs 35,000/year",11/31,https://scholarships.gov.in,1
Academic Excellence Grant 2625,District Collector Office,Education,West Bengal,Male,EWS,All,Class 12,Upto 1L,90-100,"Rs 2,000/year",12/28,https://scholarships.gov.in,1
Sports & Academics Scholarship 2626,District Collector Office,Design,Uttar Pradesh,Female,General,All,Class 10,Upto 3.5L,80-90,"Rs 10,000/year",11/30,https://scholarships.gov.in,1
Backward Class Merit Award 2627,Trust Fund,Arts/Commerce,Tripura,Male,Minority,Hindu,PhD,Upto 1L,Above 60,"Rs 75,000/year",10/31,https://scholarships.gov.in,1
Academic Excellence Grant 2628,Trust Fund,Agriculture,Uttarakhand,Female,ST,Muslim,Diploma,Upto 5L,50-60,"Rs 12,000/year",12/29,https://scholarships.gov.in,1
Best Student Award Scholarship 2629,NGO Foundation,Computer Science,Assam,All,Minority,Buddhist,Diploma,Upto 8L,60-70,"Rs 35,000/year",9/30,https://scholarships.gov.in,1
BPL Student Aid 2630,NGO Foundation,Computer Science,West Bengal,Male,Minority,Buddhist,Undergraduate,Upto 1L,50-60,"Rs 1,500/year",11/31,https://scholarships.gov.in,1
Academic Excellence Grant 2631,Zilla Parishad,Journalism,Gujarat,Female,General,Hindu,Postgraduate,Upto 5L,70-80,"Rs 75,000/year",9/30,https://scholarships.gov.in,1
Academic Excellence Grant 2632,NGO Foundation,Pharmacy,Maharashtra,All,OBC,Buddhist,Undergraduate,Upto 3.5L,70-80,"Rs 6,000/year",9/31,https://scholarships.gov.in,1
Sports & Academics Scholarship 2633,Zilla Parishad,Engineering,Kerala,All,EWS,Hindu,Undergraduate,No Limit,Above 60,"Rs 1,000/year",9/30,https://scholarships.gov.in,1
Sports & Academics Scholarship 2634,State Education Board,Education,Nagaland,Female,EWS,Buddhist,Diploma,Upto 3.5L,90-100,"Rs 50,000/year",10/30,https://scholarships.gov.in,1
Backward Class Merit Award 2635,District Collector Office,Law,Tripura,All,All,Jain,Class 10,Upto 5L,90-100,"Rs 25,000/year",9/31,https://scholarships.gov.in,1
District Topper Scholarship 2636,NGO Foundation,Computer Science,Nagaland,Male,ST,Buddhist,Diploma,Upto 8L,60-70,"Rs 1,000/year",12/30,https://scholarships.gov.in,1
District Topper Scholarship 2637,Zilla Parishad,Arts/Commerce,Rajasthan,All,ST,Muslim,Postgraduate,Upto 3.5L,70-80,"Rs 20,000/year",9/29,https://scholarships.gov.in,1
Best Student Award Scholarship 2638,State Education Board,All,Tripura,All,General,Muslim,PhD,Upto 2.5L,Above 75,"Rs 60,000/year",9/29,https://scholarships.gov.in,1
Sports & Academics Scholarship 2639,Zilla Parishad,Management,Goa,All,Minority,Buddhist,Postgraduate,Upto 2.5L,60-70,"Rs 2,000/year",10/29,https://scholarships.gov.in,1
Women in STEM Scholarship 2640,District Collector Office,Engineering,Tripura,All,Minority,Hindu,Class 10,Upto 5L,50-60,"Rs 8,000/year",11/30,https://scholarships.gov.in,1
Best Student Award Scholarship 2641,Trust Fund,Biotechnology,Karnataka,Male,All,Sikh,Undergraduate,Upto 8L,50-60,"Rs 3,000/year",12/31,https://scholarships.gov.in,1
Backward Class Merit Award 2642,State Education Board,Medical,Jammu & Kashmir,All,SC,Hindu,Undergraduate,Upto 3.5L,50-60,"Rs 35,000/year",9/29,https://scholarships.gov.in,1
BPL Student Aid 2643,Zilla Parishad,All,Uttarakhand,Female,ST,Buddhist,Undergraduate,Upto 2.5L,60-70,"Rs 50,000/year",9/30,https://scholarships.gov.in,1
Sports & Academics Scholarship 2644,Trust Fund,Biotechnology,Jharkhand,Female,OBC,Hindu,Undergraduate,No Limit,50-60,"Rs 30,000/year",9/28,https://scholarships.gov.in,1
Academic Excellence Grant 2645,District Collector Office,Journalism,Maharashtra,All,General,All,Diploma,Upto 3.5L,60-70,"Rs 2,000/year",10/28,https://scholarships.gov.in,1
Sports & Academics Scholarship 2646,Zilla Parishad,Arts/Commerce,Delhi,Female,General,Sikh,Postgraduate,Upto 3.5L,60-70,"Rs 12,000/year",9/31,https://scholarships.gov.in,1
Women in STEM Scholarship 2647,NGO Foundation,Journalism,Tripura,Male,SC,Sikh,Diploma,Upto 2.5L,Above 60,"Rs 8,000/year",9/28,https://scholarships.gov.in,1
Women in STEM Scholarship 2648,Trust Fund,Law,Rajasthan,Male,EWS,Jain,PhD,No Limit,Above 60,"Rs 10,000/year",11/28,https://scholarships.gov.in,1
BPL Student Aid 2649,Trust Fund,Law,Himachal Pradesh,Female,General,Hindu,PhD,No Limit,80-90,"Rs 10,000/year",9/31,https://scholarships.gov.in,1
Backward Class Merit Award 2650,State Education Board,Agriculture,Punjab,All,General,Buddhist,Undergraduate,Upto 2.5L,90-100,"Rs 1,500/year",9/30,https://scholarships.gov.in,1
Sports & Academics Scholarship 2651,State Education Board,Law,Haryana,All,Minority,Jain,Undergraduate,Upto 1L,50-60,"Rs 1,500/year",11/30,https://scholarships.gov.in,1
Sports & Academics Scholarship 2652,Zilla Parishad,Computer Science,Delhi,All,All,Hindu,Diploma,No Limit,Above 60,"Rs 6,000/year",10/30,https://scholarships.gov.in,1
BPL Student Aid 2653,Zilla Parishad,Design,Jammu & Kashmir,All,EWS,All,Class 12,No Limit,70-80,"Rs 2,500/year",11/31,https://scholarships.gov.in,1
Sports & Academics Scholarship 2654,Trust Fund,Education,Karnataka,Female,All,Jain,Class 10,Upto 3.5L,90-100,"Rs 15,000/year",9/28,https://scholarships.gov.in,1
Women in STEM Scholarship 2655,NGO Foundation,Design,Manipur,Female,ST,Sikh,Class 12,Upto 1L,Above 60,"Rs 2,000/year",12/31,https://scholarships.gov.in,1
Single Parent Child Scholarship 2656,NGO Foundation,Management,Bihar,Female,ST,Jain,Class 12,No Limit,80-90,"Rs 2,500/year",12/28,https://scholarships.gov.in,1
BPL Student Aid 2657,NGO Foundation,Computer Science,Himachal Pradesh,All,General,Sikh,PhD,No Limit,Above 60,"Rs 40,000/year",9/31,https://scholarships.gov.in,1
First Generation Learner Award 2658,Zilla Parishad,Architecture,Uttarakhand,All,SC,Hindu,Undergraduate,Upto 5L,Above 60,"Rs 75,000/year",9/28,https://scholarships.gov.in,1
District Topper Scholarship 2659,District Collector Office,Arts/Commerce,Karnataka,Female,General,Hindu,Class 12,Upto 2.5L,90-100,"Rs 18,000/year",10/29,https://scholarships.gov.in,1
Sports & Academics Scholarship 2660,Zilla Parishad,Design,Chhattisgarh,Male,ST,Hindu,Class 10,Upto 5L,Above 60,"Rs 2,500/year",10/31,https://scholarships.gov.in,1
Backward Class Merit Award 2661,District Collector Office,Science,Madhya Pradesh,Male,Minority,Christian,Diploma,No Limit,70-80,"Rs 6,000/year",11/31,https://scholarships.gov.in,1
Rural Student Scholarship 2662,Zilla Parishad,Management,Madhya Pradesh,Female,All,Buddhist,Undergraduate,Upto 3.5L,80-90,"Rs 6,000/year",12/30,https://scholarships.gov.in,1
Women in STEM Scholarship 2663,NGO Foundation,Computer Science,Uttar Pradesh,Female,All,Muslim,Class 10,Upto 3.5L,80-90,"Rs 40,000/year",9/28,https://scholarships.gov.in,1
Backward Class Merit Award 2664,Trust Fund,Journalism,Tripura,Female,All,Hindu,Class 12,Upto 1L,70-80,"Rs 20,000/year",10/30,https://scholarships.gov.in,1
District Topper Scholarship 2665,Trust Fund,Agriculture,Uttarakhand,All,SC,All,Class 10,Upto 3.5L,70-80,"Rs 5,000/year",11/31,https://scholarships.gov.in,1
Single Parent Child Scholarship 2666,State Education Board,Law,Jharkhand,All,OBC,Christian,Class 10,Upto 1L,90-100,"Rs 8,000/year",11/31,https://scholarships.gov.in,1
BPL Student Aid 2667,Zilla Parishad,Computer Science,Mizoram,Female,OBC,Christian,PhD,No Limit,70-80,"Rs 2,000/year",11/31,https://scholarships.gov.in,1
Sports & Academics Scholarship 2668,District Collector Office,All,West Bengal,Female,ST,Jain,Undergraduate,No Limit,60-70,"Rs 6,000/year",9/30,https://scholarships.gov.in,1
BPL Student Aid 2669,Zilla Parishad,All,Himachal Pradesh,Female,ST,Buddhist,Postgraduate,Upto 3.5L,70-80,"Rs 15,000/year",9/29,https://scholarships.gov.in,1
Best Student Award Scholarship 2670,District Collector Office,Medical,Odisha,All,OBC,Muslim,Diploma,Upto 5L,90-100,"Rs 12,000/year",10/28,https://scholarships.gov.in,1
Academic Excellence Grant 2671,District Collector Office,Law,Goa,All,OBC,Jain,Postgraduate,Upto 3.5L,Above 75,"Rs 25,000/year",10/30,https://scholarships.gov.in,1
Backward Class Merit Award 2672,NGO Foundation,Biotechnology,Meghalaya,Female,ST,Jain,Class 12,No Limit,80-90,"Rs 30,000/year",12/28,https://scholarships.gov.in,1
Rural Student Scholarship 2673,Trust Fund,Management,Jharkhand,All,General,Sikh,Postgraduate,Upto 8L,80-90,"Rs 12,000/year",9/31,https://scholarships.gov.in,1
Sports & Academics Scholarship 2674,Zilla Parishad,Architecture,Madhya Pradesh,All,General,Jain,Class 10,Upto 8L,90-100,"Rs 20,000/year",10/31,https://scholarships.gov.in,1
BPL Student Aid 2675,NGO Foundation,Medical,Karnataka,Male,All,Christian,PhD,Upto 5L,60-70,"Rs 15,000/year",11/29,https://scholarships.gov.in,1
Women in STEM Scholarship 2676,NGO Foundation,Pharmacy,Goa,Female,Minority,Jain,PhD,Upto 2.5L,50-60,"Rs 1,500/year",12/31,https://scholarships.gov.in,1
Academic Excellence Grant 2677,District Collector Office,Architecture,Haryana,Male,OBC,Christian,PhD,Upto 2.5L,90-100,"Rs 3,000/year",11/30,https://scholarships.gov.in,1
Single Parent Child Scholarship 2678,NGO Foundation,Arts/Commerce,Arunachal Pradesh,Male,Minority,Sikh,PhD,Upto 3.5L,Above 60,"Rs 1,500/year",11/31,https://scholarships.gov.in,1
Rural Student Scholarship 2679,District Collector Office,Architecture,Telangana,Male,SC,Buddhist,Class 12,Upto 5L,90-100,"Rs 1,000/year",10/29,https://scholarships.gov.in,1
BPL Student Aid 2680,Trust Fund,Architecture,Tamil Nadu,Male,OBC,Muslim,Postgraduate,Upto 3.5L,90-100,"Rs 1,500/year",10/28,https://scholarships.gov.in,1
Backward Class Merit Award 2681,State Education Board,Agriculture,Kerala,All,ST,Muslim,Diploma,Upto 2.5L,70-80,"Rs 25,000/year",9/28,https://scholarships.gov.in,1
Single Parent Child Scholarship 2682,NGO Foundation,Management,Mizoram,All,OBC,All,Diploma,Upto 1L,50-60,"Rs 15,000/year",10/29,https://scholarships.gov.in,1
District Topper Scholarship 2683,Trust Fund,Medical,Himachal Pradesh,Female,All,Buddhist,Postgraduate,No Limit,90-100,"Rs 30,000/year",11/28,https://scholarships.gov.in,1
First Generation Learner Award 2684,Zilla Parishad,Computer Science,Mizoram,Female,SC,Jain,Class 10,Upto 2.5L,Above 60,"Rs 20,000/year",11/31,https://scholarships.gov.in,1
First Generation Learner Award 2685,District Collector Office,Medical,Uttar Pradesh,All,Minority,Christian,PhD,Upto 5L,60-70,"Rs 10,000/year",12/28,https://scholarships.gov.in,1
Backward Class Merit Award 2686,District Collector Office,Architecture,Jharkhand,All,Minority,All,Postgraduate,Upto 2.5L,90-100,"Rs 18,000/year",12/28,https://scholarships.gov.in,1
First Generation Learner Award 2687,Trust Fund,Design,Telangana,Male,OBC,Christian,Class 12,Upto 3.5L,Above 60,"Rs 5,000/year",10/30,https://scholarships.gov.in,1
Women in STEM Scholarship 2688,Trust Fund,Journalism,Jharkhand,Female,Minority,Sikh,Postgraduate,Upto 2.5L,90-100,"Rs 8,000/year",9/31,https://scholarships.gov.in,1
Single Parent Child Scholarship 2689,District Collector Office,Architecture,Delhi,Female,General,Jain,Diploma,Upto 2.5L,Above 75,"Rs 10,000/year",10/30,https://scholarships.gov.in,1
Sports & Academics Scholarship 2690,NGO Foundation,Engineering,Delhi,All,EWS,Christian,PhD,Upto 5L,50-60,"Rs 6,000/year",9/30,https://scholarships.gov.in,1
District Topper Scholarship 2691,NGO Foundation,All,Bihar,Male,Minority,Jain,Class 10,Upto 8L,90-100,"Rs 75,000/year",9/31,https://scholarships.gov.in,1
Sports & Academics Scholarship 2692,Zilla Parishad,Computer Science,Goa,Female,General,Christian,Postgraduate,Upto 1L,Above 60,"Rs 18,000/year",9/28,https://scholarships.gov.in,1
Best Student Award Scholarship 2693,State Education Board,Science,Maharashtra,Male,ST,Muslim,Class 12,Upto 2.5L,60-70,"Rs 35,000/year",11/31,https://scholarships.gov.in,1
BPL Student Aid 2694,State Education Board,Arts/Commerce,Goa,All,Minority,Buddhist,Class 12,Upto 1L,60-70,"Rs 2,000/year",9/31,https://scholarships.gov.in,1
Best Student Award Scholarship 2695,Trust Fund,Biotechnology,Jharkhand,All,EWS,Sikh,Class 10,Upto 1L,90-100,"Rs 15,000/year",11/30,https://scholarships.gov.in,1
Best Student Award Scholarship 2696,State Education Board,All,Uttarakhand,Female,All,Sikh,PhD,Upto 1L,90-100,"Rs 6,000/year",9/29,https://scholarships.gov.in,1
Backward Class Merit Award 2697,Zilla Parishad,Arts/Commerce,Andhra Pradesh,Male,All,Hindu,PhD,Upto 8L,70-80,"Rs 75,000/year",11/31,https://scholarships.gov.in,1
Single Parent Child Scholarship 2698,Trust Fund,Science,Himachal Pradesh,Female,ST,Muslim,Undergraduate,Upto 3.5L,60-70,"Rs 30,000/year",11/29,https://scholarships.gov.in,1
Rural Student Scholarship 2699,Trust Fund,Medical,Karnataka,All,All,All,Class 12,Upto 2.5L,Above 75,"Rs 18,000/year",10/31,https://scholarships.gov.in,1
Rural Student Scholarship 2700,Trust Fund,Education,Gujarat,Male,General,Hindu,Postgraduate,No Limit,50-60,"Rs 60,000/year",9/28,https://scholarships.gov.in,1
Women in STEM Scholarship 2701,Zilla Parishad,Agriculture,Himachal Pradesh,Male,OBC,Muslim,PhD,Upto 3.5L,Above 75,"Rs 1,000/year",9/30,https://scholarships.gov.in,1
First Generation Learner Award 2702,Zilla Parishad,Engineering,Goa,All,OBC,All,Postgraduate,No Limit,90-100,"Rs 30,000/year",11/29,https://scholarships.gov.in,1
Best Student Award Scholarship 2703,State Education Board,All,Karnataka,All,ST,Hindu,Class 10,Upto 1L,90-100,"Rs 12,000/year",9/28,https://scholarships.gov.in,1
Single Parent Child Scholarship 2704,NGO Foundation,Law,Tamil Nadu,Female,General,All,PhD,Upto 8L,70-80,"Rs 1,500/year",12/31,https://scholarships.gov.in,1
Women in STEM Scholarship 2705,Trust Fund,Pharmacy,Andhra Pradesh,Male,SC,Buddhist,PhD,Upto 2.5L,60-70,"Rs 8,000/year",12/31,https://scholarships.gov.in,1
Backward Class Merit Award 2706,State Education Board,Law,Tripura,Male,All,Muslim,PhD,Upto 1L,60-70,"Rs 60,000/year",12/29,https://scholarships.gov.in,1
First Generation Learner Award 2707,NGO Foundation,Design,Tamil Nadu,All,SC,Muslim,Class 10,Upto 1L,50-60,"Rs 8,000/year",10/28,https://scholarships.gov.in,1
Academic Excellence Grant 2708,Trust Fund,Law,West Bengal,Male,ST,Hindu,PhD,Upto 1L,80-90,"Rs 3,000/year",10/30,https://scholarships.gov.in,1
BPL Student Aid 2709,State Education Board,Education,Punjab,All,SC,All,PhD,Upto 5L,Above 75,"Rs 12,000/year",9/30,https://scholarships.gov.in,1
Backward Class Merit Award 2710,State Education Board,Arts/Commerce,Sikkim,All,All,All,Class 12,Upto 5L,Above 75,"Rs 12,000/year",10/28,https://scholarships.gov.in,1
First Generation Learner Award 2711,NGO Foundation,Architecture,Assam,All,ST,All,Class 10,Upto 5L,50-60,"Rs 12,000/year",11/29,https://scholarships.gov.in,1
Single Parent Child Scholarship 2712,NGO Foundation,Education,Chhattisgarh,Female,General,All,Class 12,Upto 8L,Above 60,"Rs 25,000/year",12/31,https://scholarships.gov.in,1
Backward Class Merit Award 2713,Zilla Parishad,Medical,Tamil Nadu,Female,OBC,Buddhist,Diploma,Upto 1L,Above 75,"Rs 12,000/year",11/30,https://scholarships.gov.in,1
Academic Excellence Grant 2714,Zilla Parishad,Arts/Commerce,Himachal Pradesh,Male,Minority,Hindu,Class 10,Upto 1L,70-80,"Rs 8,000/year",10/29,https://scholarships.gov.in,1
District Topper Scholarship 2715,Trust Fund,Computer Science,Himachal Pradesh,Female,EWS,Jain,Class 12,Upto 8L,70-80,"Rs 35,000/year",10/31,https://scholarships.gov.in,1
Backward Class Merit Award 2716,Zilla Parishad,Pharmacy,Delhi,Male,OBC,Muslim,Undergraduate,Upto 8L,50-60,"Rs 6,000/year",10/31,https://scholarships.gov.in,1
Women in STEM Scholarship 2717,NGO Foundation,Journalism,Jammu & Kashmir,Female,EWS,Jain,Class 10,Upto 5L,80-90,"Rs 12,000/year",9/31,https://scholarships.gov.in,1
Backward Class Merit Award 2718,District Collector Office,Journalism,Meghalaya,All,ST,Muslim,Class 12,Upto 8L,90-100,"Rs 2,500/year",12/29,https://scholarships.gov.in,1
Best Student Award Scholarship 2719,Trust Fund,Arts/Commerce,Arunachal Pradesh,All,ST,Jain,Class 12,Upto 8L,90-100,"Rs 20,000/year",11/28,https://scholarships.gov.in,1
District Topper Scholarship 2720,State Education Board,Medical,Bihar,Male,ST,Jain,PhD,Upto 8L,90-100,"Rs 1,500/year",12/29,https://scholarships.gov.in,1
Academic Excellence Grant 2721,NGO Foundation,Journalism,Meghalaya,Female,OBC,Muslim,Postgraduate,Upto 3.5L,Above 60,"Rs 50,000/year",11/31,https://scholarships.gov.in,1
First Generation Learner Award 2722,Zilla Parishad,Management,Jharkhand,Female,OBC,Muslim,Diploma,No Limit,90-100,"Rs 50,000/year",10/29,https://scholarships.gov.in,1
Women in STEM Scholarship 2723,Trust Fund,Law,Tripura,Male,EWS,Jain,PhD,Upto 1L,50-60,"Rs 12,000/year",9/29,https://scholarships.gov.in,1
Backward Class Merit Award 2724,District Collector Office,Journalism,Rajasthan,All,EWS,Muslim,Postgraduate,Upto 1L,Above 75,"Rs 20,000/year",12/31,https://scholarships.gov.in,1
Women in STEM Scholarship 2725,District Collector Office,All,Punjab,All,EWS,Sikh,Class 10,Upto 3.5L,70-80,"Rs 1,500/year",10/30,https://scholarships.gov.in,1
Women in STEM Scholarship 2726,Zilla Parishad,Medical,Arunachal Pradesh,Female,EWS,Hindu,PhD,Upto 3.5L,90-100,"Rs 8,000/year",11/29,https://scholarships.gov.in,1
Rural Student Scholarship 2727,NGO Foundation,Architecture,Manipur,Male,SC,Hindu,Undergraduate,Upto 5L,Above 60,"Rs 25,000/year",11/31,https://scholarships.gov.in,1
Academic Excellence Grant 2728,Trust Fund,Management,Delhi,All,SC,Christian,Undergraduate,No Limit,90-100,"Rs 3,000/year",11/31,https://scholarships.gov.in,1
First Generation Learner Award 2729,Zilla Parishad,Pharmacy,Uttarakhand,Female,OBC,Christian,Postgraduate,Upto 3.5L,90-100,"Rs 10,000/year",10/29,https://scholarships.gov.in,1
First Generation Learner Award 2730,District Collector Office,Design,Rajasthan,All,ST,Sikh,Undergraduate,Upto 1L,50-60,"Rs 8,000/year",9/29,https://scholarships.gov.in,1
BPL Student Aid 2731,Trust Fund,Agriculture,Manipur,Male,EWS,Christian,Undergraduate,Upto 1L,50-60,"Rs 1,500/year",9/30,https://scholarships.gov.in,1
Rural Student Scholarship 2732,State Education Board,Science,Assam,Female,General,Sikh,Class 12,No Limit,70-80,"Rs 30,000/year",11/31,https://scholarships.gov.in,1
First Generation Learner Award 2733,NGO Foundation,Law,Uttarakhand,All,OBC,Sikh,Undergraduate,Upto 5L,80-90,"Rs 1,500/year",12/30,https://scholarships.gov.in,1
District Topper Scholarship 2734,NGO Foundation,Computer Science,Jammu & Kashmir,All,ST,All,Class 12,Upto 5L,50-60,"Rs 15,000/year",11/28,https://scholarships.gov.in,1
Backward Class Merit Award 2735,Trust Fund,Science,Sikkim,All,Minority,All,PhD,Upto 5L,70-80,"Rs 6,000/year",12/29,https://scholarships.gov.in,1
Women in STEM Scholarship 2736,NGO Foundation,All,Rajasthan,Female,All,Hindu,Class 10,Upto 1L,50-60,"Rs 1,000/year",11/28,https://scholarships.gov.in,1
Academic Excellence Grant 2737,District Collector Office,Law,Uttarakhand,Female,All,Hindu,PhD,Upto 8L,70-80,"Rs 60,000/year",9/31,https://scholarships.gov.in,1
BPL Student Aid 2738,NGO Foundation,Arts/Commerce,Madhya Pradesh,All,All,Sikh,Class 10,No Limit,80-90,"Rs 3,000/year",10/30,https://scholarships.gov.in,1
Best Student Award Scholarship 2739,District Collector Office,All,Andhra Pradesh,All,ST,Muslim,Diploma,Upto 5L,70-80,"Rs 25,000/year",10/28,https://scholarships.gov.in,1
Women in STEM Scholarship 2740,Trust Fund,Education,Gujarat,Female,All,Jain,Class 12,Upto 8L,70-80,"Rs 35,000/year",10/30,https://scholarships.gov.in,1
Best Student Award Scholarship 2741,District Collector Office,Computer Science,Haryana,Female,SC,All,Class 12,No Limit,70-80,"Rs 1,500/year",10/28,https://scholarships.gov.in,1
District Topper Scholarship 2742,Zilla Parishad,Journalism,Manipur,Female,All,Sikh,PhD,Upto 3.5L,70-80,"Rs 25,000/year",10/28,https://scholarships.gov.in,1
Backward Class Merit Award 2743,Zilla Parishad,All,Gujarat,All,General,Muslim,Class 12,Upto 3.5L,Above 60,"Rs 1,500/year",11/29,https://scholarships.gov.in,1
Backward Class Merit Award 2744,NGO Foundation,Architecture,Rajasthan,Female,All,Muslim,Diploma,Upto 5L,Above 60,"Rs 60,000/year",11/28,https://scholarships.gov.in,1
Academic Excellence Grant 2745,District Collector Office,Science,Punjab,All,General,All,Class 12,Upto 3.5L,60-70,"Rs 2,500/year",9/31,https://scholarships.gov.in,1
Academic Excellence Grant 2746,Trust Fund,Computer Science,Tripura,Female,OBC,Buddhist,Postgraduate,No Limit,50-60,"Rs 50,000/year",12/31,https://scholarships.gov.in,1
Rural Student Scholarship 2747,Trust Fund,Education,Uttarakhand,Male,General,All,Postgraduate,Upto 8L,50-60,"Rs 2,500/year",11/28,https://scholarships.gov.in,1
Best Student Award Scholarship 2748,State Education Board,Education,Nagaland,Female,General,Buddhist,Class 12,Upto 8L,60-70,"Rs 40,000/year",11/28,https://scholarships.gov.in,1
Sports & Academics Scholarship 2749,NGO Foundation,Medical,Jharkhand,All,EWS,Muslim,Class 12,Upto 8L,80-90,"Rs 1,500/year",9/31,https://scholarships.gov.in,1
First Generation Learner Award 2750,Zilla Parishad,Arts/Commerce,Punjab,Female,All,Jain,PhD,No Limit,60-70,"Rs 40,000/year",12/31,https://scholarships.gov.in,1
Best Student Award Scholarship 2751,Trust Fund,All,Karnataka,All,All,All,Class 12,Upto 2.5L,70-80,"Rs 18,000/year",10/29,https://scholarships.gov.in,1
Sports & Academics Scholarship 2752,NGO Foundation,Biotechnology,Himachal Pradesh,Male,All,Sikh,Class 10,Upto 3.5L,60-70,"Rs 40,000/year",12/30,https://scholarships.gov.in,1
Best Student Award Scholarship 2753,District Collector Office,Arts/Commerce,Odisha,All,EWS,Christian,Class 12,Upto 3.5L,90-100,"Rs 8,000/year",11/28,https://scholarships.gov.in,1
District Topper Scholarship 2754,Zilla Parishad,Arts/Commerce,Tripura,Female,Minority,Buddhist,Postgraduate,No Limit,70-80,"Rs 20,000/year",11/30,https://scholarships.gov.in,1
Women in STEM Scholarship 2755,District Collector Office,Computer Science,Arunachal Pradesh,Female,Minority,Sikh,Class 10,Upto 2.5L,50-60,"Rs 60,000/year",12/29,https://scholarships.gov.in,1
Best Student Award Scholarship 2756,Trust Fund,Management,Haryana,Female,OBC,Muslim,Class 10,Upto 8L,50-60,"Rs 2,000/year",12/29,https://scholarships.gov.in,1
Academic Excellence Grant 2757,NGO Foundation,Computer Science,Gujarat,Male,OBC,Christian,Postgraduate,Upto 8L,Above 75,"Rs 20,000/year",11/31,https://scholarships.gov.in,1
Academic Excellence Grant 2758,District Collector Office,Science,Haryana,All,ST,Jain,Class 12,Upto 2.5L,60-70,"Rs 60,000/year",9/30,https://scholarships.gov.in,1
Backward Class Merit Award 2759,District Collector Office,Management,Uttarakhand,Male,EWS,Hindu,Class 12,Upto 8L,50-60,"Rs 25,000/year",11/28,https://scholarships.gov.in,1
Single Parent Child Scholarship 2760,Trust Fund,Biotechnology,Arunachal Pradesh,Male,EWS,Muslim,Diploma,Upto 3.5L,80-90,"Rs 18,000/year",10/31,https://scholarships.gov.in,1
BPL Student Aid 2761,Zilla Parishad,Agriculture,Odisha,Female,SC,Christian,Class 12,Upto 5L,70-80,"Rs 50,000/year",11/30,https://scholarships.gov.in,1
Sports & Academics Scholarship 2762,District Collector Office,Design,Nagaland,Male,EWS,Jain,PhD,Upto 3.5L,Above 60,"Rs 12,000/year",12/28,https://scholarships.gov.in,1
Sports & Academics Scholarship 2763,Zilla Parishad,Arts/Commerce,Nagaland,Female,ST,Muslim,Class 12,Upto 3.5L,50-60,"Rs 20,000/year",12/28,https://scholarships.gov.in,1
Sports & Academics Scholarship 2764,District Collector Office,Science,Himachal Pradesh,All,EWS,Hindu,Postgraduate,No Limit,50-60,"Rs 75,000/year",12/31,https://scholarships.gov.in,1
Single Parent Child Scholarship 2765,Zilla Parishad,Pharmacy,Himachal Pradesh,Female,Minority,Sikh,Class 12,Upto 2.5L,90-100,"Rs 3,000/year",10/30,https://scholarships.gov.in,1
BPL Student Aid 2766,Trust Fund,Education,Haryana,Male,Minority,Sikh,Undergraduate,No Limit,70-80,"Rs 30,000/year",11/28,https://scholarships.gov.in,1
Women in STEM Scholarship 2767,District Collector Office,Management,Jharkhand,Female,All,Jain,PhD,No Limit,90-100,"Rs 10,000/year",10/29,https://scholarships.gov.in,1
Rural Student Scholarship 2768,Zilla Parishad,Education,Arunachal Pradesh,All,SC,Buddhist,Diploma,Upto 2.5L,70-80,"Rs 3,000/year",12/28,https://scholarships.gov.in,1
District Topper Scholarship 2769,Zilla Parishad,Medical,Karnataka,Male,EWS,Jain,Postgraduate,No Limit,60-70,"Rs 25,000/year",9/29,https://scholarships.gov.in,1
Academic Excellence Grant 2770,NGO Foundation,Design,Meghalaya,All,Minority,Muslim,Undergraduate,No Limit,Above 60,"Rs 10,000/year",9/31,https://scholarships.gov.in,1
District Topper Scholarship 2771,Trust Fund,Architecture,Nagaland,Female,All,Muslim,Diploma,Upto 8L,50-60,"Rs 50,000/year",11/30,https://scholarships.gov.in,1
Women in STEM Scholarship 2772,Trust Fund,All,Uttarakhand,Female,Minority,All,PhD,No Limit,60-70,"Rs 6,000/year",9/31,https://scholarships.gov.in,1
BPL Student Aid 2773,State Education Board,Design,Maharashtra,Male,EWS,Sikh,Diploma,Upto 3.5L,50-60,"Rs 10,000/year",10/29,https://scholarships.gov.in,1
First Generation Learner Award 2774,District Collector Office,Engineering,Uttar Pradesh,Female,SC,Hindu,Undergraduate,Upto 3.5L,Above 75,"Rs 35,000/year",9/31,https://scholarships.gov.in,1
First Generation Learner Award 2775,State Education Board,Journalism,Mizoram,Male,General,Hindu,Postgraduate,Upto 5L,60-70,"Rs 5,000/year",12/29,https://scholarships.gov.in,1
Women in STEM Scholarship 2776,District Collector Office,Architecture,Haryana,All,OBC,All,Diploma,Upto 3.5L,90-100,"Rs 40,000/year",11/30,https://scholarships.gov.in,1
Best Student Award Scholarship 2777,Zilla Parishad,Biotechnology,Jharkhand,Female,OBC,Buddhist,Undergraduate,Upto 1L,80-90,"Rs 10,000/year",12/30,https://scholarships.gov.in,1
District Topper Scholarship 2778,Trust Fund,Science,Odisha,Male,Minority,Muslim,Class 12,Upto 3.5L,Above 75,"Rs 75,000/year",9/30,https://scholarships.gov.in,1
Rural Student Scholarship 2779,Trust Fund,Architecture,Haryana,All,Minority,All,Undergraduate,Upto 3.5L,60-70,"Rs 10,000/year",9/30,https://scholarships.gov.in,1
District Topper Scholarship 2780,State Education Board,Education,Manipur,Female,General,Muslim,PhD,Upto 8L,60-70,"Rs 3,000/year",12/31,https://scholarships.gov.in,1
BPL Student Aid 2781,District Collector Office,Engineering,Jammu & Kashmir,Female,SC,All,Undergraduate,Upto 3.5L,Above 75,"Rs 6,000/year",12/29,https://scholarships.gov.in,1
Women in STEM Scholarship 2782,Trust Fund,Science,Rajasthan,Male,OBC,Hindu,Postgraduate,Upto 3.5L,Above 75,"Rs 5,000/year",9/28,https://scholarships.gov.in,1
Academic Excellence Grant 2783,State Education Board,Education,Andhra Pradesh,All,EWS,Jain,Undergraduate,Upto 3.5L,Above 60,"Rs 25,000/year",9/28,https://scholarships.gov.in,1
Backward Class Merit Award 2784,Trust Fund,Computer Science,Kerala,All,OBC,Buddhist,Class 10,Upto 1L,70-80,"Rs 18,000/year",11/30,https://scholarships.gov.in,1
Rural Student Scholarship 2785,Zilla Parishad,Science,Jammu & Kashmir,All,SC,All,Class 10,Upto 2.5L,Above 60,"Rs 50,000/year",9/28,https://scholarships.gov.in,1
Sports & Academics Scholarship 2786,District Collector Office,All,Chhattisgarh,All,ST,Hindu,Diploma,Upto 1L,80-90,"Rs 5,000/year",11/29,https://scholarships.gov.in,1
Backward Class Merit Award 2787,NGO Foundation,Architecture,Telangana,Male,All,Buddhist,Undergraduate,Upto 8L,70-80,"Rs 10,000/year",11/29,https://scholarships.gov.in,1
District Topper Scholarship 2788,Zilla Parishad,Biotechnology,Maharashtra,All,All,Buddhist,Class 10,Upto 3.5L,80-90,"Rs 75,000/year",9/29,https://scholarships.gov.in,1
District Topper Scholarship 2789,State Education Board,Education,Uttar Pradesh,Female,EWS,Jain,PhD,Upto 2.5L,Above 60,"Rs 50,000/year",10/30,https://scholarships.gov.in,1
BPL Student Aid 2790,State Education Board,Design,Andhra Pradesh,Male,General,Muslim,Undergraduate,Upto 3.5L,90-100,"Rs 15,000/year",11/28,https://scholarships.gov.in,1
Single Parent Child Scholarship 2791,NGO Foundation,Arts/Commerce,Telangana,Female,OBC,Sikh,PhD,Upto 1L,50-60,"Rs 25,000/year",11/29,https://scholarships.gov.in,1
Rural Student Scholarship 2792,Trust Fund,Engineering,Jharkhand,Male,EWS,Buddhist,Postgraduate,Upto 5L,60-70,"Rs 2,500/year",11/30,https://scholarships.gov.in,1
Rural Student Scholarship 2793,State Education Board,Science,Haryana,Female,ST,Jain,Undergraduate,Upto 1L,90-100,"Rs 75,000/year",11/28,https://scholarships.gov.in,1
Single Parent Child Scholarship 2794,Trust Fund,Medical,Mizoram,Male,SC,Christian,Undergraduate,Upto 2.5L,80-90,"Rs 1,500/year",10/30,https://scholarships.gov.in,1
Rural Student Scholarship 2795,District Collector Office,Biotechnology,Tripura,Male,All,Muslim,Class 10,Upto 8L,Above 60,"Rs 75,000/year",11/30,https://scholarships.gov.in,1
Women in STEM Scholarship 2796,District Collector Office,Design,Haryana,Female,General,Muslim,Class 12,Upto 3.5L,90-100,"Rs 12,000/year",10/28,https://scholarships.gov.in,1
Backward Class Merit Award 2797,NGO Foundation,Medical,Telangana,All,All,Christian,Class 10,Upto 2.5L,Above 75,"Rs 50,000/year",11/28,https://scholarships.gov.in,1
District Topper Scholarship 2798,State Education Board,Law,Odisha,Female,Minority,Christian,Class 10,Upto 1L,80-90,"Rs 2,500/year",11/31,https://scholarships.gov.in,1
First Generation Learner Award 2799,District Collector Office,Computer Science,Punjab,All,OBC,Hindu,Class 12,No Limit,50-60,"Rs 2,000/year",9/31,https://scholarships.gov.in,1
District Topper Scholarship 2800,State Education Board,Engineering,Delhi,Female,EWS,Muslim,Postgraduate,Upto 1L,70-80,"Rs 2,500/year",9/28,https://scholarships.gov.in,1
District Topper Scholarship 2801,Trust Fund,Architecture,Gujarat,Female,ST,Jain,Class 12,Upto 3.5L,80-90,"Rs 2,000/year",12/31,https://scholarships.gov.in,1
Backward Class Merit Award 2802,State Education Board,Computer Science,Rajasthan,All,OBC,Sikh,Undergraduate,Upto 1L,60-70,"Rs 8,000/year",11/30,https://scholarships.gov.in,1
Sports & Academics Scholarship 2803,Zilla Parishad,Agriculture,Andhra Pradesh,Female,Minority,Christian,Postgraduate,Upto 5L,60-70,"Rs 18,000/year",12/29,https://scholarships.gov.in,1
BPL Student Aid 2804,Trust Fund,Management,Chhattisgarh,All,EWS,Hindu,Class 12,Upto 1L,50-60,"Rs 25,000/year",12/29,https://scholarships.gov.in,1
First Generation Learner Award 2805,State Education Board,Pharmacy,Delhi,All,General,Sikh,PhD,Upto 3.5L,70-80,"Rs 40,000/year",10/28,https://scholarships.gov.in,1
Sports & Academics Scholarship 2806,NGO Foundation,Law,Gujarat,Female,All,Muslim,Class 12,Upto 8L,50-60,"Rs 5,000/year",11/29,https://scholarships.gov.in,1
Rural Student Scholarship 2807,District Collector Office,Computer Science,Tripura,All,General,Buddhist,Diploma,Upto 3.5L,70-80,"Rs 30,000/year",10/28,https://scholarships.gov.in,1
BPL Student Aid 2808,Trust Fund,Biotechnology,Chhattisgarh,Female,EWS,All,Class 12,Upto 3.5L,Above 75,"Rs 75,000/year",9/31,https://scholarships.gov.in,1
Single Parent Child Scholarship 2809,Trust Fund,Law,Himachal Pradesh,Female,OBC,Sikh,PhD,Upto 5L,90-100,"Rs 2,000/year",11/29,https://scholarships.gov.in,1
First Generation Learner Award 2810,District Collector Office,Management,Telangana,Male,Minority,Christian,Class 12,Upto 1L,90-100,"Rs 10,000/year",11/31,https://scholarships.gov.in,1
Single Parent Child Scholarship 2811,Zilla Parishad,Education,Manipur,All,OBC,Sikh,Diploma,Upto 2.5L,90-100,"Rs 3,000/year",11/31,https://scholarships.gov.in,1
Backward Class Merit Award 2812,Trust Fund,Law,Goa,Male,OBC,Jain,Postgraduate,Upto 5L,80-90,"Rs 1,000/year",12/29,https://scholarships.gov.in,1
BPL Student Aid 2813,State Education Board,Medical,West Bengal,Male,All,All,Postgraduate,Upto 8L,60-70,"Rs 15,000/year",9/30,https://scholarships.gov.in,1
Best Student Award Scholarship 2814,NGO Foundation,Computer Science,West Bengal,All,General,Jain,Undergraduate,Upto 8L,70-80,"Rs 12,000/year",9/31,https://scholarships.gov.in,1
Best Student Award Scholarship 2815,State Education Board,Management,Nagaland,Male,EWS,Buddhist,Class 12,Upto 2.5L,80-90,"Rs 60,000/year",10/29,https://scholarships.gov.in,1
Single Parent Child Scholarship 2816,NGO Foundation,Design,Telangana,Male,Minority,Hindu,Class 12,Upto 2.5L,50-60,"Rs 12,000/year",12/31,https://scholarships.gov.in,1
Best Student Award Scholarship 2817,Zilla Parishad,Medical,Assam,Male,OBC,Hindu,Postgraduate,Upto 2.5L,90-100,"Rs 75,000/year",11/29,https://scholarships.gov.in,1
District Topper Scholarship 2818,Trust Fund,Architecture,Meghalaya,All,ST,Hindu,Diploma,Upto 3.5L,90-100,"Rs 60,000/year",10/29,https://scholarships.gov.in,1
District Topper Scholarship 2819,NGO Foundation,Agriculture,Manipur,Male,EWS,All,Class 10,Upto 5L,90-100,"Rs 12,000/year",11/31,https://scholarships.gov.in,1
Best Student Award Scholarship 2820,NGO Foundation,Education,Manipur,Female,ST,All,Class 12,Upto 5L,50-60,"Rs 2,500/year",9/31,https://scholarships.gov.in,1
Sports & Academics Scholarship 2821,District Collector Office,Science,Assam,Female,ST,Buddhist,Undergraduate,Upto 3.5L,Above 75,"Rs 10,000/year",11/29,https://scholarships.gov.in,1
Best Student Award Scholarship 2822,Trust Fund,Medical,Goa,All,All,Muslim,Diploma,Upto 2.5L,Above 60,"Rs 2,500/year",11/31,https://scholarships.gov.in,1
District Topper Scholarship 2823,District Collector Office,Law,Jharkhand,Male,SC,All,Diploma,Upto 1L,70-80,"Rs 25,000/year",12/30,https://scholarships.gov.in,1
Rural Student Scholarship 2824,District Collector Office,Pharmacy,Chhattisgarh,Male,ST,Hindu,Class 12,Upto 5L,90-100,"Rs 18,000/year",12/29,https://scholarships.gov.in,1
Women in STEM Scholarship 2825,Zilla Parishad,All,Manipur,Male,OBC,All,Class 12,No Limit,Above 75,"Rs 25,000/year",11/31,https://scholarships.gov.in,1
Women in STEM Scholarship 2826,Trust Fund,Arts/Commerce,Jharkhand,All,ST,Jain,Undergraduate,Upto 1L,80-90,"Rs 75,000/year",11/28,https://scholarships.gov.in,1
Academic Excellence Grant 2827,Trust Fund,Design,West Bengal,All,SC,Hindu,Diploma,No Limit,60-70,"Rs 1,000/year",11/31,https://scholarships.gov.in,1
Academic Excellence Grant 2828,State Education Board,Management,Jammu & Kashmir,Female,OBC,Jain,Diploma,Upto 5L,70-80,"Rs 30,000/year",9/28,https://scholarships.gov.in,1
Rural Student Scholarship 2829,Zilla Parishad,Design,Manipur,Female,Minority,Sikh,Diploma,Upto 5L,50-60,"Rs 20,000/year",9/29,https://scholarships.gov.in,1
Academic Excellence Grant 2830,Trust Fund,Journalism,Tripura,Female,EWS,Jain,Postgraduate,Upto 1L,90-100,"Rs 2,000/year",11/29,https://scholarships.gov.in,1
District Topper Scholarship 2831,Zilla Parishad,Agriculture,Mizoram,Male,EWS,Christian,Class 12,Upto 3.5L,80-90,"Rs 75,000/year",9/29,https://scholarships.gov.in,1
District Topper Scholarship 2832,Zilla Parishad,Design,Karnataka,Female,EWS,Christian,Postgraduate,Upto 1L,70-80,"Rs 1,500/year",11/28,https://scholarships.gov.in,1
District Topper Scholarship 2833,District Collector Office,Law,Punjab,Male,ST,Hindu,Postgraduate,Upto 3.5L,60-70,"Rs 5,000/year",10/28,https://scholarships.gov.in,1
Best Student Award Scholarship 2834,Zilla Parishad,Arts/Commerce,Gujarat,All,All,Sikh,Class 10,Upto 2.5L,60-70,"Rs 5,000/year",10/30,https://scholarships.gov.in,1
BPL Student Aid 2835,District Collector Office,Management,Manipur,All,General,Sikh,PhD,Upto 3.5L,60-70,"Rs 1,500/year",11/29,https://scholarships.gov.in,1
Sports & Academics Scholarship 2836,State Education Board,Architecture,Karnataka,Female,OBC,Hindu,Class 12,Upto 5L,50-60,"Rs 30,000/year",9/28,https://scholarships.gov.in,1
Backward Class Merit Award 2837,State Education Board,Computer Science,Himachal Pradesh,Male,OBC,Jain,PhD,No Limit,Above 60,"Rs 3,000/year",12/30,https://scholarships.gov.in,1
Sports & Academics Scholarship 2838,Trust Fund,Law,Haryana,Female,All,Hindu,PhD,Upto 2.5L,60-70,"Rs 15,000/year",11/29,https://scholarships.gov.in,1
Sports & Academics Scholarship 2839,District Collector Office,Biotechnology,Madhya Pradesh,All,Minority,Buddhist,Undergraduate,Upto 3.5L,Above 60,"Rs 12,000/year",11/30,https://scholarships.gov.in,1
First Generation Learner Award 2840,NGO Foundation,Journalism,Uttar Pradesh,All,ST,Sikh,Undergraduate,No Limit,80-90,"Rs 18,000/year",12/30,https://scholarships.gov.in,1
BPL Student Aid 2841,State Education Board,Journalism,Haryana,All,General,Buddhist,PhD,Upto 3.5L,Above 60,"Rs 15,000/year",11/30,https://scholarships.gov.in,1
Rural Student Scholarship 2842,Zilla Parishad,All,Rajasthan,Male,EWS,Jain,Postgraduate,Upto 2.5L,70-80,"Rs 40,000/year",9/29,https://scholarships.gov.in,1
District Topper Scholarship 2843,Trust Fund,Computer Science,Himachal Pradesh,All,OBC,All,Class 12,Upto 3.5L,70-80,"Rs 30,000/year",9/31,https://scholarships.gov.in,1
Sports & Academics Scholarship 2844,State Education Board,Management,Jharkhand,Female,ST,Sikh,PhD,Upto 3.5L,70-80,"Rs 50,000/year",12/31,https://scholarships.gov.in,1
Academic Excellence Grant 2845,NGO Foundation,All,Madhya Pradesh,Male,EWS,Sikh,Undergraduate,Upto 1L,60-70,"Rs 20,000/year",11/31,https://scholarships.gov.in,1
Women in STEM Scholarship 2846,NGO Foundation,Engineering,Uttarakhand,All,General,Muslim,Undergraduate,Upto 1L,70-80,"Rs 1,000/year",10/28,https://scholarships.gov.in,1
Women in STEM Scholarship 2847,Zilla Parishad,Engineering,Haryana,Female,Minority,Buddhist,PhD,Upto 1L,60-70,"Rs 18,000/year",12/28,https://scholarships.gov.in,1
Rural Student Scholarship 2848,Trust Fund,Arts/Commerce,Andhra Pradesh,Female,EWS,All,Class 12,Upto 8L,80-90,"Rs 60,000/year",11/28,https://scholarships.gov.in,1
First Generation Learner Award 2849,Zilla Parishad,Agriculture,Uttar Pradesh,Female,SC,Christian,Class 12,Upto 8L,90-100,"Rs 5,000/year",11/29,https://scholarships.gov.in,1
Rural Student Scholarship 2850,District Collector Office,Computer Science,Madhya Pradesh,All,All,Buddhist,Class 12,Upto 3.5L,90-100,"Rs 5,000/year",12/28,https://scholarships.gov.in,1
Backward Class Merit Award 2851,Trust Fund,Education,Maharashtra,All,EWS,Jain,Postgraduate,Upto 3.5L,80-90,"Rs 3,000/year",11/28,https://scholarships.gov.in,1
District Topper Scholarship 2852,District Collector Office,Pharmacy,Odisha,Female,ST,Muslim,Diploma,Upto 2.5L,Above 75,"Rs 1,000/year",11/28,https://scholarships.gov.in,1
Best Student Award Scholarship 2853,District Collector Office,Agriculture,Maharashtra,All,OBC,Hindu,Postgraduate,Upto 8L,50-60,"Rs 18,000/year",9/31,https://scholarships.gov.in,1
Single Parent Child Scholarship 2854,Trust Fund,Computer Science,Sikkim,Male,Minority,Muslim,Class 10,No Limit,70-80,"Rs 2,500/year",9/30,https://scholarships.gov.in,1
BPL Student Aid 2855,Trust Fund,Management,Arunachal Pradesh,Female,ST,All,Diploma,No Limit,80-90,"Rs 20,000/year",10/28,https://scholarships.gov.in,1
Backward Class Merit Award 2856,Zilla Parishad,Journalism,Sikkim,All,General,Sikh,PhD,Upto 1L,60-70,"Rs 18,000/year",10/31,https://scholarships.gov.in,1
BPL Student Aid 2857,State Education Board,Medical,Andhra Pradesh,All,General,Christian,Undergraduate,Upto 5L,90-100,"Rs 1,000/year",9/30,https://scholarships.gov.in,1
BPL Student Aid 2858,Zilla Parishad,Education,Goa,Female,All,Buddhist,Diploma,Upto 8L,70-80,"Rs 30,000/year",11/30,https://scholarships.gov.in,1
Sports & Academics Scholarship 2859,NGO Foundation,Architecture,Assam,Female,Minority,Christian,Class 10,Upto 5L,90-100,"Rs 3,000/year",9/28,https://scholarships.gov.in,1
Best Student Award Scholarship 2860,Trust Fund,Biotechnology,Manipur,Male,Minority,Jain,Class 10,Upto 8L,60-70,"Rs 1,000/year",11/31,https://scholarships.gov.in,1
BPL Student Aid 2861,NGO Foundation,Architecture,Arunachal Pradesh,Male,SC,Buddhist,Diploma,No Limit,Above 60,"Rs 8,000/year",12/31,https://scholarships.gov.in,1
Women in STEM Scholarship 2862,State Education Board,Medical,Rajasthan,Male,Minority,Buddhist,PhD,Upto 5L,60-70,"Rs 12,000/year",12/31,https://scholarships.gov.in,1
Sports & Academics Scholarship 2863,NGO Foundation,Education,West Bengal,Female,ST,Christian,Class 10,Upto 8L,50-60,"Rs 2,500/year",10/29,https://scholarships.gov.in,1
Women in STEM Scholarship 2864,Zilla Parishad,Journalism,Kerala,Male,General,All,Class 10,No Limit,50-60,"Rs 5,000/year",12/31,https://scholarships.gov.in,1
Rural Student Scholarship 2865,Zilla Parishad,Journalism,Telangana,Female,EWS,Sikh,Postgraduate,Upto 1L,60-70,"Rs 3,000/year",12/29,https://scholarships.gov.in,1
Backward Class Merit Award 2866,NGO Foundation,Medical,Delhi,Male,Minority,Jain,Class 10,Upto 2.5L,60-70,"Rs 2,000/year",11/31,https://scholarships.gov.in,1
Best Student Award Scholarship 2867,NGO Foundation,Education,Arunachal Pradesh,Male,General,Hindu,PhD,Upto 5L,90-100,"Rs 75,000/year",10/28,https://scholarships.gov.in,1
Best Student Award Scholarship 2868,NGO Foundation,Journalism,Telangana,Female,OBC,Jain,Undergraduate,No Limit,90-100,"Rs 3,000/year",10/29,https://scholarships.gov.in,1
Academic Excellence Grant 2869,State Education Board,All,Goa,Female,SC,Muslim,Postgraduate,Upto 3.5L,Above 75,"Rs 1,000/year",10/28,https://scholarships.gov.in,1
Single Parent Child Scholarship 2870,Zilla Parishad,Pharmacy,West Bengal,All,EWS,Christian,Class 10,Upto 3.5L,60-70,"Rs 6,000/year",11/31,https://scholarships.gov.in,1
First Generation Learner Award 2871,Trust Fund,Law,Uttarakhand,Male,OBC,Hindu,Class 12,Upto 1L,Above 60,"Rs 18,000/year",9/30,https://scholarships.gov.in,1
District Topper Scholarship 2872,District Collector Office,All,Chhattisgarh,Female,ST,Christian,Postgraduate,Upto 1L,80-90,"Rs 40,000/year",10/31,https://scholarships.gov.in,1
Backward Class Merit Award 2873,NGO Foundation,Engineering,Maharashtra,All,ST,All,Class 12,Upto 3.5L,90-100,"Rs 20,000/year",10/29,https://scholarships.gov.in,1
Women in STEM Scholarship 2874,NGO Foundation,Design,Bihar,Male,General,All,Diploma,Upto 3.5L,Above 75,"Rs 2,000/year",10/30,https://scholarships.gov.in,1
Best Student Award Scholarship 2875,District Collector Office,Medical,Andhra Pradesh,Male,ST,Muslim,Postgraduate,Upto 5L,Above 60,"Rs 25,000/year",9/28,https://scholarships.gov.in,1
Best Student Award Scholarship 2876,Zilla Parishad,Law,Rajasthan,Female,General,Christian,Class 10,Upto 5L,Above 75,"Rs 75,000/year",11/29,https://scholarships.gov.in,1
District Topper Scholarship 2877,Zilla Parishad,Engineering,Tripura,All,SC,Hindu,Undergraduate,Upto 2.5L,70-80,"Rs 2,000/year",9/30,https://scholarships.gov.in,1
Best Student Award Scholarship 2878,State Education Board,Management,Sikkim,Female,ST,All,Class 10,Upto 2.5L,Above 75,"Rs 8,000/year",10/29,https://scholarships.gov.in,1
Rural Student Scholarship 2879,Trust Fund,Arts/Commerce,Tripura,Female,OBC,Buddhist,PhD,Upto 1L,80-90,"Rs 60,000/year",10/28,https://scholarships.gov.in,1
Backward Class Merit Award 2880,District Collector Office,Biotechnology,Jharkhand,Male,ST,Christian,Postgraduate,Upto 2.5L,70-80,"Rs 20,000/year",9/28,https://scholarships.gov.in,1
Best Student Award Scholarship 2881,Zilla Parishad,Pharmacy,Delhi,All,Minority,Muslim,Undergraduate,Upto 3.5L,90-100,"Rs 35,000/year",9/28,https://scholarships.gov.in,1
Academic Excellence Grant 2882,State Education Board,Management,Maharashtra,Male,OBC,Jain,Class 12,No Limit,60-70,"Rs 2,500/year",11/28,https://scholarships.gov.in,1
BPL Student Aid 2883,Trust Fund,Pharmacy,Maharashtra,Male,OBC,Muslim,Postgraduate,Upto 5L,50-60,"Rs 30,000/year",9/31,https://scholarships.gov.in,1
Academic Excellence Grant 2884,District Collector Office,Architecture,Telangana,Female,SC,Christian,Undergraduate,Upto 3.5L,80-90,"Rs 18,000/year",12/29,https://scholarships.gov.in,1
Best Student Award Scholarship 2885,District Collector Office,Medical,Kerala,All,OBC,Muslim,Diploma,No Limit,50-60,"Rs 10,000/year",10/29,https://scholarships.gov.in,1
Backward Class Merit Award 2886,District Collector Office,Agriculture,Sikkim,All,All,Muslim,Postgraduate,Upto 2.5L,60-70,"Rs 8,000/year",10/30,https://scholarships.gov.in,1
BPL Student Aid 2887,Zilla Parishad,Arts/Commerce,Bihar,All,ST,Sikh,Class 12,Upto 3.5L,Above 60,"Rs 10,000/year",9/28,https://scholarships.gov.in,1
Women in STEM Scholarship 2888,District Collector Office,Design,Uttar Pradesh,All,SC,Jain,PhD,No Limit,70-80,"Rs 50,000/year",11/30,https://scholarships.gov.in,1
Rural Student Scholarship 2889,Zilla Parishad,Pharmacy,Himachal Pradesh,All,SC,Sikh,Diploma,Upto 3.5L,70-80,"Rs 10,000/year",9/30,https://scholarships.gov.in,1
Women in STEM Scholarship 2890,State Education Board,Management,Madhya Pradesh,Male,EWS,Jain,Class 12,No Limit,60-70,"Rs 1,000/year",12/30,https://scholarships.gov.in,1
Women in STEM Scholarship 2891,District Collector Office,Agriculture,Punjab,Male,ST,Muslim,Class 12,Upto 2.5L,80-90,"Rs 35,000/year",12/30,https://scholarships.gov.in,1
Rural Student Scholarship 2892,District Collector Office,Architecture,Karnataka,Female,EWS,Muslim,Postgraduate,Upto 8L,50-60,"Rs 2,500/year",11/29,https://scholarships.gov.in,1
Backward Class Merit Award 2893,Trust Fund,Biotechnology,Bihar,All,OBC,Jain,Class 10,Upto 2.5L,Above 60,"Rs 35,000/year",10/31,https://scholarships.gov.in,1
Best Student Award Scholarship 2894,Trust Fund,Pharmacy,Uttarakhand,All,Minority,Jain,Postgraduate,Upto 1L,70-80,"Rs 1,000/year",11/29,https://scholarships.gov.in,1
First Generation Learner Award 2895,NGO Foundation,Journalism,Maharashtra,All,Minority,Christian,Undergraduate,Upto 3.5L,90-100,"Rs 35,000/year",9/31,https://scholarships.gov.in,1
Best Student Award Scholarship 2896,Zilla Parishad,Journalism,Haryana,Male,General,Jain,Class 12,Upto 8L,70-80,"Rs 60,000/year",9/28,https://scholarships.gov.in,1
Backward Class Merit Award 2897,Zilla Parishad,Science,Jammu & Kashmir,Male,ST,All,Postgraduate,Upto 5L,Above 60,"Rs 20,000/year",12/28,https://scholarships.gov.in,1
Women in STEM Scholarship 2898,Trust Fund,Architecture,Karnataka,All,All,Christian,Undergraduate,Upto 5L,90-100,"Rs 18,000/year",10/30,https://scholarships.gov.in,1
First Generation Learner Award 2899,Trust Fund,Architecture,Uttarakhand,All,Minority,Sikh,Postgraduate,No Limit,50-60,"Rs 3,000/year",10/30,https://scholarships.gov.in,1
Women in STEM Scholarship 2900,Trust Fund,Management,Rajasthan,Female,ST,Jain,Undergraduate,Upto 8L,Above 60,"Rs 8,000/year",11/30,https://scholarships.gov.in,1
Best Student Award Scholarship 2901,State Education Board,Law,Jharkhand,All,All,Christian,Undergraduate,Upto 1L,Above 60,"Rs 2,500/year",9/30,https://scholarships.gov.in,1
BPL Student Aid 2902,District Collector Office,Engineering,Nagaland,Male,All,All,PhD,Upto 8L,80-90,"Rs 40,000/year",12/28,https://scholarships.gov.in,1
Single Parent Child Scholarship 2903,Zilla Parishad,Education,Maharashtra,All,OBC,Muslim,PhD,Upto 5L,70-80,"Rs 40,000/year",9/29,https://scholarships.gov.in,1
Backward Class Merit Award 2904,NGO Foundation,Architecture,Assam,Male,General,Sikh,Diploma,Upto 1L,70-80,"Rs 1,500/year",12/29,https://scholarships.gov.in,1
First Generation Learner Award 2905,Trust Fund,Law,Himachal Pradesh,Male,SC,Christian,PhD,No Limit,80-90,"Rs 12,000/year",10/30,https://scholarships.gov.in,1
First Generation Learner Award 2906,Zilla Parishad,Architecture,Sikkim,All,ST,Jain,Postgraduate,Upto 8L,80-90,"Rs 18,000/year",12/30,https://scholarships.gov.in,1
Rural Student Scholarship 2907,Zilla Parishad,Computer Science,Uttar Pradesh,All,OBC,Buddhist,Postgraduate,Upto 2.5L,70-80,"Rs 18,000/year",12/31,https://scholarships.gov.in,1
Best Student Award Scholarship 2908,Zilla Parishad,Pharmacy,Telangana,Female,SC,Christian,Class 10,Upto 3.5L,50-60,"Rs 10,000/year",11/30,https://scholarships.gov.in,1
Rural Student Scholarship 2909,Trust Fund,Management,Assam,Male,ST,Hindu,Class 10,Upto 2.5L,Above 75,"Rs 12,000/year",12/30,https://scholarships.gov.in,1
Backward Class Merit Award 2910,NGO Foundation,Management,Uttar Pradesh,All,EWS,Hindu,Class 10,Upto 8L,Above 60,"Rs 50,000/year",12/31,https://scholarships.gov.in,1
Academic Excellence Grant 2911,Zilla Parishad,Agriculture,Jammu & Kashmir,All,SC,Muslim,Postgraduate,Upto 3.5L,90-100,"Rs 12,000/year",9/30,https://scholarships.gov.in,1
Sports & Academics Scholarship 2912,Trust Fund,Computer Science,Goa,Male,OBC,Sikh,PhD,Upto 2.5L,Above 60,"Rs 1,500/year",11/30,https://scholarships.gov.in,1
Rural Student Scholarship 2913,Zilla Parishad,Design,Rajasthan,Male,All,Sikh,Undergraduate,Upto 8L,90-100,"Rs 50,000/year",11/31,https://scholarships.gov.in,1
Best Student Award Scholarship 2914,District Collector Office,Medical,Bihar,Male,Minority,Christian,Undergraduate,Upto 5L,60-70,"Rs 8,000/year",12/29,https://scholarships.gov.in,1
Academic Excellence Grant 2915,State Education Board,All,Delhi,Female,General,All,PhD,Upto 5L,90-100,"Rs 18,000/year",9/30,https://scholarships.gov.in,1
First Generation Learner Award 2916,State Education Board,Management,Sikkim,Male,ST,Jain,Undergraduate,Upto 8L,70-80,"Rs 35,000/year",10/30,https://scholarships.gov.in,1
Sports & Academics Scholarship 2917,State Education Board,Computer Science,Tamil Nadu,All,General,Muslim,Class 12,Upto 5L,90-100,"Rs 25,000/year",11/28,https://scholarships.gov.in,1
Single Parent Child Scholarship 2918,Trust Fund,Engineering,Nagaland,Female,OBC,Hindu,Undergraduate,Upto 3.5L,60-70,"Rs 50,000/year",9/30,https://scholarships.gov.in,1
Single Parent Child Scholarship 2919,State Education Board,Law,West Bengal,Female,Minority,Buddhist,Class 10,Upto 5L,90-100,"Rs 10,000/year",12/30,https://scholarships.gov.in,1
Backward Class Merit Award 2920,State Education Board,Journalism,Uttarakhand,Female,All,Muslim,Class 10,Upto 1L,80-90,"Rs 30,000/year",9/30,https://scholarships.gov.in,1
Women in STEM Scholarship 2921,Zilla Parishad,Management,Kerala,Male,EWS,Sikh,Postgraduate,Upto 8L,Above 75,"Rs 2,500/year",9/28,https://scholarships.gov.in,1
Academic Excellence Grant 2922,District Collector Office,Pharmacy,Rajasthan,Male,All,Christian,Undergraduate,Upto 5L,Above 75,"Rs 18,000/year",9/31,https://scholarships.gov.in,1
Academic Excellence Grant 2923,District Collector Office,Journalism,Uttarakhand,Female,OBC,Buddhist,Postgraduate,No Limit,Above 60,"Rs 40,000/year",10/28,https://scholarships.gov.in,1
Backward Class Merit Award 2924,NGO Foundation,Management,Nagaland,Female,OBC,Jain,Class 10,Upto 2.5L,70-80,"Rs 2,500/year",12/28,https://scholarships.gov.in,1
Academic Excellence Grant 2925,Trust Fund,Computer Science,Punjab,Male,Minority,Hindu,PhD,Upto 2.5L,80-90,"Rs 75,000/year",12/31,https://scholarships.gov.in,1
Backward Class Merit Award 2926,NGO Foundation,Design,Assam,Male,All,Sikh,Diploma,Upto 1L,70-80,"Rs 30,000/year",11/29,https://scholarships.gov.in,1
Sports & Academics Scholarship 2927,District Collector Office,Design,Tripura,Female,General,Sikh,Postgraduate,Upto 2.5L,90-100,"Rs 1,000/year",11/31,https://scholarships.gov.in,1
Women in STEM Scholarship 2928,State Education Board,Law,Meghalaya,Male,EWS,Hindu,Diploma,Upto 3.5L,Above 75,"Rs 15,000/year",10/31,https://scholarships.gov.in,1
Women in STEM Scholarship 2929,Zilla Parishad,All,Maharashtra,All,All,Hindu,Class 10,Upto 5L,70-80,"Rs 2,500/year",12/30,https://scholarships.gov.in,1
Women in STEM Scholarship 2930,Trust Fund,Computer Science,Meghalaya,Male,Minority,Christian,Class 12,Upto 5L,60-70,"Rs 25,000/year",10/29,https://scholarships.gov.in,1
Best Student Award Scholarship 2931,District Collector Office,Computer Science,Tripura,All,All,All,Class 12,No Limit,90-100,"Rs 12,000/year",12/31,https://scholarships.gov.in,1
Women in STEM Scholarship 2932,Trust Fund,Medical,Madhya Pradesh,All,General,Christian,Class 12,Upto 5L,60-70,"Rs 25,000/year",11/31,https://scholarships.gov.in,1
First Generation Learner Award 2933,District Collector Office,Agriculture,Bihar,Female,ST,Muslim,Class 10,No Limit,Above 60,"Rs 25,000/year",9/28,https://scholarships.gov.in,1
Academic Excellence Grant 2934,District Collector Office,Medical,Manipur,Male,All,Muslim,Undergraduate,Upto 5L,60-70,"Rs 75,000/year",9/31,https://scholarships.gov.in,1
Sports & Academics Scholarship 2935,District Collector Office,Medical,Gujarat,Male,OBC,Christian,Class 10,Upto 5L,50-60,"Rs 8,000/year",12/29,https://scholarships.gov.in,1
Women in STEM Scholarship 2936,NGO Foundation,Management,Nagaland,Female,Minority,Hindu,Postgraduate,Upto 1L,Above 75,"Rs 10,000/year",11/28,https://scholarships.gov.in,1
Women in STEM Scholarship 2937,State Education Board,Computer Science,Meghalaya,Female,OBC,Muslim,Postgraduate,Upto 8L,60-70,"Rs 3,000/year",9/31,https://scholarships.gov.in,1
Backward Class Merit Award 2938,Trust Fund,Journalism,Tripura,All,General,Muslim,Undergraduate,Upto 2.5L,80-90,"Rs 15,000/year",9/28,https://scholarships.gov.in,1
Single Parent Child Scholarship 2939,State Education Board,Journalism,Kerala,Male,General,Jain,Class 12,Upto 2.5L,Above 60,"Rs 12,000/year",12/31,https://scholarships.gov.in,1
Sports & Academics Scholarship 2940,NGO Foundation,Science,Mizoram,All,Minority,All,Class 12,Upto 2.5L,60-70,"Rs 1,000/year",10/28,https://scholarships.gov.in,1
Academic Excellence Grant 2941,State Education Board,Design,Karnataka,Female,All,All,Class 12,Upto 8L,60-70,"Rs 30,000/year",9/30,https://scholarships.gov.in,1
First Generation Learner Award 2942,District Collector Office,Journalism,Andhra Pradesh,All,All,Buddhist,Class 12,Upto 3.5L,80-90,"Rs 3,000/year",12/30,https://scholarships.gov.in,1
Backward Class Merit Award 2943,District Collector Office,Agriculture,Uttarakhand,All,SC,Muslim,Diploma,No Limit,90-100,"Rs 15,000/year",10/29,https://scholarships.gov.in,1
Rural Student Scholarship 2944,NGO Foundation,Medical,Gujarat,Male,All,Jain,Class 12,Upto 5L,50-60,"Rs 40,000/year",10/30,https://scholarships.gov.in,1
Single Parent Child Scholarship 2945,Zilla Parishad,Law,Odisha,Male,ST,Christian,PhD,No Limit,50-60,"Rs 75,000/year",9/31,https://scholarships.gov.in,1
BPL Student Aid 2946,NGO Foundation,Medical,Madhya Pradesh,Male,General,Buddhist,Class 10,Upto 1L,70-80,"Rs 6,000/year",9/30,https://scholarships.gov.in,1
BPL Student Aid 2947,Zilla Parishad,Management,Tripura,Male,All,Jain,Postgraduate,Upto 3.5L,90-100,"Rs 10,000/year",9/28,https://scholarships.gov.in,1
Academic Excellence Grant 2948,Zilla Parishad,Medical,Assam,Female,EWS,Sikh,Undergraduate,Upto 8L,60-70,"Rs 75,000/year",10/31,https://scholarships.gov.in,1
Academic Excellence Grant 2949,Zilla Parishad,Engineering,Tamil Nadu,All,ST,Muslim,Undergraduate,No Limit,60-70,"Rs 1,500/year",11/30,https://scholarships.gov.in,1
First Generation Learner Award 2950,Zilla Parishad,Computer Science,Odisha,Female,Minority,Buddhist,Diploma,No Limit,70-80,"Rs 15,000/year",12/31,https://scholarships.gov.in,1
Sports & Academics Scholarship 2951,NGO Foundation,Architecture,Delhi,All,OBC,Hindu,Class 12,Upto 2.5L,Above 75,"Rs 15,000/year",9/29,https://scholarships.gov.in,1
Women in STEM Scholarship 2952,Zilla Parishad,Biotechnology,Manipur,Male,ST,All,PhD,Upto 5L,Above 75,"Rs 25,000/year",11/31,https://scholarships.gov.in,1
District Topper Scholarship 2953,Zilla Parishad,Medical,Chhattisgarh,All,General,Hindu,PhD,Upto 1L,Above 75,"Rs 6,000/year",11/29,https://scholarships.gov.in,1
Best Student Award Scholarship 2954,State Education Board,Education,Delhi,Male,All,Jain,Postgraduate,Upto 1L,Above 75,"Rs 2,000/year",12/30,https://scholarships.gov.in,1
District Topper Scholarship 2955,District Collector Office,Biotechnology,Mizoram,Female,ST,Sikh,Class 10,Upto 1L,60-70,"Rs 35,000/year",10/28,https://scholarships.gov.in,1
Single Parent Child Scholarship 2956,Trust Fund,Arts/Commerce,Assam,Female,Minority,Christian,Class 12,Upto 1L,90-100,"Rs 25,000/year",11/29,https://scholarships.gov.in,1
Sports & Academics Scholarship 2957,State Education Board,Medical,Andhra Pradesh,Male,All,Christian,Postgraduate,Upto 1L,50-60,"Rs 15,000/year",10/31,https://scholarships.gov.in,1
Rural Student Scholarship 2958,District Collector Office,Education,Manipur,Male,OBC,All,Diploma,Upto 3.5L,80-90,"Rs 60,000/year",9/29,https://scholarships.gov.in,1
District Topper Scholarship 2959,State Education Board,Agriculture,Telangana,All,EWS,Muslim,Postgraduate,Upto 3.5L,60-70,"Rs 35,000/year",11/31,https://scholarships.gov.in,1
Backward Class Merit Award 2960,Zilla Parishad,All,Manipur,Female,General,Muslim,Diploma,Upto 5L,90-100,"Rs 12,000/year",11/31,https://scholarships.gov.in,1
Single Parent Child Scholarship 2961,District Collector Office,Design,Odisha,Male,All,Buddhist,Postgraduate,Upto 8L,90-100,"Rs 8,000/year",9/29,https://scholarships.gov.in,1
Academic Excellence Grant 2962,Zilla Parishad,Design,Odisha,Male,Minority,All,PhD,Upto 8L,Above 75,"Rs 1,500/year",12/30,https://scholarships.gov.in,1
First Generation Learner Award 2963,District Collector Office,Pharmacy,Tripura,Female,OBC,Muslim,Undergraduate,Upto 8L,60-70,"Rs 3,000/year",11/30,https://scholarships.gov.in,1
BPL Student Aid 2964,Zilla Parishad,Engineering,Punjab,Male,Minority,All,Diploma,Upto 1L,90-100,"Rs 25,000/year",9/28,https://scholarships.gov.in,1
First Generation Learner Award 2965,Zilla Parishad,All,Odisha,Male,OBC,Buddhist,Class 12,Upto 2.5L,50-60,"Rs 10,000/year",9/31,https://scholarships.gov.in,1
Academic Excellence Grant 2966,Zilla Parishad,Computer Science,Haryana,Female,ST,Hindu,Diploma,Upto 1L,60-70,"Rs 35,000/year",12/30,https://scholarships.gov.in,1
Academic Excellence Grant 2967,NGO Foundation,Pharmacy,Manipur,All,All,Buddhist,Diploma,Upto 2.5L,50-60,"Rs 10,000/year",10/29,https://scholarships.gov.in,1
First Generation Learner Award 2968,State Education Board,Pharmacy,Bihar,Male,ST,Sikh,Postgraduate,Upto 1L,Above 60,"Rs 25,000/year",11/31,https://scholarships.gov.in,1
Sports & Academics Scholarship 2969,State Education Board,Management,Madhya Pradesh,Male,Minority,Hindu,Class 12,Upto 2.5L,80-90,"Rs 50,000/year",10/28,https://scholarships.gov.in,1
BPL Student Aid 2970,District Collector Office,Architecture,Telangana,Male,ST,Buddhist,Undergraduate,Upto 3.5L,90-100,"Rs 18,000/year",12/28,https://scholarships.gov.in,1
Single Parent Child Scholarship 2971,District Collector Office,Engineering,Arunachal Pradesh,All,SC,Sikh,Diploma,Upto 1L,50-60,"Rs 1,500/year",12/28,https://scholarships.gov.in,1
District Topper Scholarship 2972,District Collector Office,Management,West Bengal,Female,ST,Jain,Class 12,Upto 5L,50-60,"Rs 5,000/year",9/31,https://scholarships.gov.in,1
Academic Excellence Grant 2973,Zilla Parishad,Science,Jammu & Kashmir,All,OBC,Sikh,Undergraduate,Upto 2.5L,Above 60,"Rs 15,000/year",10/30,https://scholarships.gov.in,1
Rural Student Scholarship 2974,State Education Board,Architecture,Uttar Pradesh,Female,OBC,Sikh,Postgraduate,Upto 3.5L,Above 60,"Rs 18,000/year",11/30,https://scholarships.gov.in,1
Academic Excellence Grant 2975,State Education Board,Architecture,Tamil Nadu,Male,SC,Christian,Undergraduate,Upto 5L,50-60,"Rs 12,000/year",10/30,https://scholarships.gov.in,1
Women in STEM Scholarship 2976,District Collector Office,Journalism,Haryana,All,General,Buddhist,Class 10,Upto 8L,Above 60,"Rs 35,000/year",9/30,https://scholarships.gov.in,1
Rural Student Scholarship 2977,Trust Fund,Management,Karnataka,Male,Minority,Jain,Class 10,Upto 1L,50-60,"Rs 1,000/year",9/28,https://scholarships.gov.in,1
Academic Excellence Grant 2978,Trust Fund,Biotechnology,Haryana,All,OBC,Christian,Undergraduate,Upto 2.5L,Above 75,"Rs 1,500/year",11/31,https://scholarships.gov.in,1
Rural Student Scholarship 2979,Zilla Parishad,Computer Science,Tripura,All,General,Christian,Undergraduate,Upto 3.5L,70-80,"Rs 3,000/year",11/30,https://scholarships.gov.in,1
Women in STEM Scholarship 2980,Zilla Parishad,All,Kerala,Male,General,Jain,Postgraduate,Upto 5L,80-90,"Rs 5,000/year",12/28,https://scholarships.gov.in,1
Best Student Award Scholarship 2981,Zilla Parishad,Science,Bihar,All,ST,Hindu,PhD,Upto 5L,80-90,"Rs 25,000/year",9/29,https://scholarships.gov.in,1
Sports & Academics Scholarship 2982,District Collector Office,Management,Uttarakhand,Male,All,All,Class 12,Upto 8L,50-60,"Rs 25,000/year",12/29,https://scholarships.gov.in,1
Sports & Academics Scholarship 2983,State Education Board,Biotechnology,West Bengal,Male,SC,Buddhist,Undergraduate,No Limit,90-100,"Rs 15,000/year",11/30,https://scholarships.gov.in,1
Backward Class Merit Award 2984,State Education Board,Medical,Uttarakhand,Female,All,Jain,Undergraduate,Upto 3.5L,50-60,"Rs 1,500/year",10/29,https://scholarships.gov.in,1
Academic Excellence Grant 2985,Trust Fund,Agriculture,Madhya Pradesh,Male,All,Buddhist,Diploma,Upto 1L,70-80,"Rs 40,000/year",11/31,https://scholarships.gov.in,1
First Generation Learner Award 2986,State Education Board,Education,Punjab,Female,SC,Hindu,Class 12,Upto 1L,50-60,"Rs 2,500/year",11/29,https://scholarships.gov.in,1
Single Parent Child Scholarship 2987,Trust Fund,Design,Odisha,All,SC,Christian,Postgraduate,Upto 8L,60-70,"Rs 75,000/year",12/28,https://scholarships.gov.in,1
Rural Student Scholarship 2988,Trust Fund,Education,Andhra Pradesh,All,EWS,Hindu,Class 12,Upto 1L,50-60,"Rs 35,000/year",9/30,https://scholarships.gov.in,1
District Topper Scholarship 2989,Zilla Parishad,Journalism,Jammu & Kashmir,Male,Minority,All,Postgraduate,Upto 8L,60-70,"Rs 50,000/year",11/29,https://scholarships.gov.in,1
Sports & Academics Scholarship 2990,Trust Fund,Medical,Arunachal Pradesh,Female,General,Buddhist,Diploma,No Limit,Above 60,"Rs 75,000/year",9/28,https://scholarships.gov.in,1
Single Parent Child Scholarship 2991,Trust Fund,Biotechnology,Madhya Pradesh,All,Minority,Christian,Class 10,Upto 3.5L,90-100,"Rs 20,000/year",11/30,https://scholarships.gov.in,1
BPL Student Aid 2992,State Education Board,Design,West Bengal,Male,ST,Buddhist,Diploma,Upto 5L,70-80,"Rs 40,000/year",12/30,https://scholarships.gov.in,1
Women in STEM Scholarship 2993,NGO Foundation,All,Goa,Male,Minority,Hindu,Postgraduate,Upto 1L,Above 60,"Rs 2,500/year",9/28,https://scholarships.gov.in,1
Sports & Academics Scholarship 2994,Zilla Parishad,Biotechnology,Madhya Pradesh,All,OBC,Sikh,Diploma,Upto 8L,70-80,"Rs 40,000/year",12/30,https://scholarships.gov.in,1
BPL Student Aid 2995,State Education Board,All,Gujarat,Male,General,Jain,Postgraduate,Upto 5L,80-90,"Rs 20,000/year",11/30,https://scholarships.gov.in,1
BPL Student Aid 2996,Zilla Parishad,Architecture,Rajasthan,Female,OBC,Jain,Class 12,Upto 3.5L,50-60,"Rs 15,000/year",9/28,https://scholarships.gov.in,1
Sports & Academics Scholarship 2997,District Collector Office,Pharmacy,Uttar Pradesh,Male,General,Hindu,PhD,Upto 8L,90-100,"Rs 12,000/year",10/28,https://scholarships.gov.in,1
BPL Student Aid 2998,District Collector Office,All,Tamil Nadu,Male,OBC,All,PhD,No Limit,50-60,"Rs 30,000/year",10/28,https://scholarships.gov.in,1
Best Student Award Scholarship 2999,Zilla Parishad,Management,Uttar Pradesh,Female,OBC,Christian,PhD,Upto 1L,70-80,"Rs 10,000/year",9/29,https://scholarships.gov.in,1
BPL Student Aid 3000,Zilla Parishad,Medical,Jharkhand,All,OBC,Christian,Undergraduate,Upto 1L,Above 60,"Rs 8,000/year",9/29,https://scholarships.gov.in,1
Single Parent Child Scholarship 3001,NGO Foundation,Architecture,Jammu & Kashmir,Female,Minority,Muslim,Postgraduate,Upto 3.5L,Above 75,"Rs 5,000/year",12/28,https://scholarships.gov.in,1
Best Student Award Scholarship 3002,District Collector Office,Design,Telangana,Female,Minority,Hindu,Postgraduate,Upto 5L,Above 60,"Rs 20,000/year",11/28,https://scholarships.gov.in,1
BPL Student Aid 3003,Trust Fund,Pharmacy,Manipur,Male,All,Christian,Class 10,No Limit,90-100,"Rs 60,000/year",9/29,https://scholarships.gov.in,1
Women in STEM Scholarship 3004,NGO Foundation,Journalism,Karnataka,All,General,Sikh,Class 12,No Limit,80-90,"Rs 30,000/year",12/30,https://scholarships.gov.in,1
Sports & Academics Scholarship 3005,Zilla Parishad,Journalism,Sikkim,Male,Minority,Jain,Class 12,Upto 8L,60-70,"Rs 3,000/year",9/31,https://scholarships.gov.in,1
Sports & Academics Scholarship 3006,State Education Board,Architecture,Uttarakhand,Male,SC,Muslim,Class 12,Upto 2.5L,80-90,"Rs 30,000/year",11/30,https://scholarships.gov.in,1
BPL Student Aid 3007,NGO Foundation,Pharmacy,Chhattisgarh,Male,OBC,Hindu,Class 12,Upto 3.5L,Above 75,"Rs 18,000/year",9/30,https://scholarships.gov.in,1
Rural Student Scholarship 3008,State Education Board,Management,Goa,Male,ST,Hindu,Diploma,Upto 8L,90-100,"Rs 50,000/year",11/31,https://scholarships.gov.in,1
Sports & Academics Scholarship 3009,Trust Fund,Agriculture,Manipur,All,All,Buddhist,Undergraduate,Upto 3.5L,60-70,"Rs 50,000/year",12/29,https://scholarships.gov.in,1
Best Student Award Scholarship 3010,Trust Fund,Management,Uttar Pradesh,Male,General,Buddhist,PhD,Upto 3.5L,Above 60,"Rs 1,500/year",9/28,https://scholarships.gov.in,1
BPL Student Aid 3011,Zilla Parishad,Education,Haryana,Female,All,Buddhist,Diploma,Upto 5L,90-100,"Rs 1,000/year",10/30,https://scholarships.gov.in,1
Sports & Academics Scholarship 3012,State Education Board,Education,Tripura,Male,OBC,Buddhist,PhD,No Limit,60-70,"Rs 35,000/year",11/30,https://scholarships.gov.in,1
BPL Student Aid 3013,NGO Foundation,Medical,Delhi,Male,All,Christian,Undergraduate,No Limit,50-60,"Rs 1,000/year",9/30,https://scholarships.gov.in,1
Sports & Academics Scholarship 3014,State Education Board,Pharmacy,Telangana,Female,General,Hindu,Postgraduate,Upto 2.5L,50-60,"Rs 1,000/year",10/30,https://scholarships.gov.in,1
District Topper Scholarship 3015,State Education Board,Medical,Goa,All,General,Sikh,Postgraduate,Upto 5L,50-60,"Rs 40,000/year",9/31,https://scholarships.gov.in,1
Backward Class Merit Award 3016,Trust Fund,Engineering,Delhi,Female,SC,Buddhist,Postgraduate,Upto 3.5L,60-70,"Rs 12,000/year",11/31,https://scholarships.gov.in,1
Best Student Award Scholarship 3017,NGO Foundation,Journalism,Meghalaya,All,ST,Muslim,Undergraduate,Upto 2.5L,50-60,"Rs 60,000/year",9/31,https://scholarships.gov.in,1
District Topper Scholarship 3018,NGO Foundation,Science,Odisha,All,All,All,Class 10,Upto 3.5L,90-100,"Rs 20,000/year",11/31,https://scholarships.gov.in,1
First Generation Learner Award 3019,Zilla Parishad,Architecture,Bihar,Male,OBC,Jain,Postgraduate,Upto 3.5L,Above 75,"Rs 8,000/year",10/31,https://scholarships.gov.in,1
Rural Student Scholarship 3020,Zilla Parishad,Architecture,Telangana,All,General,Christian,Postgraduate,No Limit,50-60,"Rs 60,000/year",9/28,https://scholarships.gov.in,1
Sports & Academics Scholarship 3021,NGO Foundation,Biotechnology,Madhya Pradesh,All,ST,Christian,PhD,Upto 2.5L,Above 60,"Rs 8,000/year",12/31,https://scholarships.gov.in,1
District Topper Scholarship 3022,District Collector Office,Education,Kerala,Male,Minority,All,PhD,Upto 1L,90-100,"Rs 6,000/year",10/30,https://scholarships.gov.in,1
BPL Student Aid 3023,NGO Foundation,Law,Sikkim,Male,OBC,All,Diploma,No Limit,90-100,"Rs 40,000/year",10/31,https://scholarships.gov.in,1
Single Parent Child Scholarship 3024,Zilla Parishad,Arts/Commerce,Jammu & Kashmir,Female,All,Muslim,PhD,Upto 5L,70-80,"Rs 35,000/year",12/28,https://scholarships.gov.in,1
Backward Class Merit Award 3025,Trust Fund,Architecture,Chhattisgarh,Female,OBC,Christian,Class 12,Upto 3.5L,90-100,"Rs 6,000/year",10/28,https://scholarships.gov.in,1
District Topper Scholarship 3026,District Collector Office,Law,Uttarakhand,Female,SC,All,Diploma,Upto 8L,80-90,"Rs 8,000/year",11/28,https://scholarships.gov.in,1
Rural Student Scholarship 3027,State Education Board,Law,Odisha,Male,All,Hindu,Class 10,Upto 2.5L,Above 75,"Rs 2,000/year",12/30,https://scholarships.gov.in,1
Backward Class Merit Award 3028,Trust Fund,Design,Gujarat,Female,ST,Sikh,Postgraduate,Upto 8L,70-80,"Rs 2,500/year",11/29,https://scholarships.gov.in,1
District Topper Scholarship 3029,Trust Fund,Law,Gujarat,All,ST,Christian,Diploma,Upto 8L,Above 60,"Rs 25,000/year",11/30,https://scholarships.gov.in,1
First Generation Learner Award 3030,Trust Fund,Management,Arunachal Pradesh,Female,Minority,Buddhist,Undergraduate,Upto 3.5L,70-80,"Rs 60,000/year",12/29,https://scholarships.gov.in,1
Single Parent Child Scholarship 3031,District Collector Office,Pharmacy,Bihar,All,Minority,All,Undergraduate,Upto 2.5L,Above 60,"Rs 1,500/year",12/28,https://scholarships.gov.in,1
Best Student Award Scholarship 3032,NGO Foundation,Agriculture,Maharashtra,All,All,Buddhist,PhD,No Limit,50-60,"Rs 3,000/year",9/31,https://scholarships.gov.in,1
Women in STEM Scholarship 3033,Zilla Parishad,Science,Tripura,All,ST,Sikh,PhD,Upto 2.5L,50-60,"Rs 10,000/year",12/28,https://scholarships.gov.in,1
Women in STEM Scholarship 3034,Zilla Parishad,Science,Assam,Male,OBC,All,Class 10,Upto 3.5L,Above 60,"Rs 18,000/year",10/28,https://scholarships.gov.in,1
Single Parent Child Scholarship 3035,NGO Foundation,Science,Himachal Pradesh,Male,Minority,Hindu,Postgraduate,Upto 5L,50-60,"Rs 2,500/year",12/29,https://scholarships.gov.in,1
Academic Excellence Grant 3036,Zilla Parishad,Science,Odisha,All,EWS,Buddhist,Class 12,Upto 2.5L,70-80,"Rs 25,000/year",11/29,https://scholarships.gov.in,1
BPL Student Aid 3037,Zilla Parishad,Design,Meghalaya,Female,Minority,Jain,Diploma,Upto 8L,90-100,"Rs 40,000/year",10/28,https://scholarships.gov.in,1
Backward Class Merit Award 3038,District Collector Office,Arts/Commerce,Jharkhand,All,EWS,Christian,Postgraduate,No Limit,90-100,"Rs 20,000/year",11/29,https://scholarships.gov.in,1
Backward Class Merit Award 3039,Trust Fund,Engineering,West Bengal,Male,SC,Jain,Diploma,Upto 5L,70-80,"Rs 2,000/year",10/31,https://scholarships.gov.in,1
First Generation Learner Award 3040,Zilla Parishad,Design,Tamil Nadu,Male,All,Buddhist,Class 10,Upto 5L,Above 75,"Rs 1,500/year",10/28,https://scholarships.gov.in,1
Academic Excellence Grant 3041,District Collector Office,Pharmacy,Manipur,Female,Minority,Buddhist,Postgraduate,Upto 2.5L,70-80,"Rs 2,000/year",10/31,https://scholarships.gov.in,1
Women in STEM Scholarship 3042,Trust Fund,Management,Bihar,Female,General,Hindu,Diploma,Upto 5L,60-70,"Rs 40,000/year",12/30,https://scholarships.gov.in,1
Best Student Award Scholarship 3043,Trust Fund,Pharmacy,Mizoram,Male,Minority,Sikh,Diploma,Upto 2.5L,80-90,"Rs 20,000/year",12/30,https://scholarships.gov.in,1
Backward Class Merit Award 3044,District Collector Office,All,Chhattisgarh,All,EWS,Christian,Class 10,Upto 5L,Above 75,"Rs 15,000/year",12/28,https://scholarships.gov.in,1
Sports & Academics Scholarship 3045,Trust Fund,Agriculture,Haryana,Male,OBC,Jain,Postgraduate,Upto 2.5L,Above 75,"Rs 50,000/year",10/29,https://scholarships.gov.in,1
BPL Student Aid 3046,District Collector Office,Pharmacy,Jharkhand,Male,General,Christian,Class 10,Upto 2.5L,90-100,"Rs 1,500/year",11/30,https://scholarships.gov.in,1
Rural Student Scholarship 3047,Zilla Parishad,Agriculture,Sikkim,Male,General,Hindu,Postgraduate,Upto 8L,Above 60,"Rs 5,000/year",11/31,https://scholarships.gov.in,1
BPL Student Aid 3048,State Education Board,Biotechnology,Jammu & Kashmir,All,EWS,Sikh,Diploma,Upto 2.5L,Above 60,"Rs 8,000/year",12/31,https://scholarships.gov.in,1
BPL Student Aid 3049,Trust Fund,Medical,Tamil Nadu,Male,General,Muslim,Class 12,Upto 3.5L,60-70,"Rs 1,500/year",12/30,https://scholarships.gov.in,1
Best Student Award Scholarship 3050,Trust Fund,Science,Punjab,Male,OBC,Buddhist,Class 10,Upto 1L,60-70,"Rs 10,000/year",11/29,https://scholarships.gov.in,1
District Topper Scholarship 3051,State Education Board,Education,Himachal Pradesh,Female,Minority,Muslim,Class 10,Upto 3.5L,90-100,"Rs 40,000/year",9/28,https://scholarships.gov.in,1
BPL Student Aid 3052,NGO Foundation,Arts/Commerce,Manipur,Female,Minority,Sikh,Undergraduate,Upto 3.5L,80-90,"Rs 60,000/year",11/31,https://scholarships.gov.in,1
Academic Excellence Grant 3053,District Collector Office,Medical,Odisha,Male,All,All,Class 12,Upto 8L,90-100,"Rs 5,000/year",10/31,https://scholarships.gov.in,1
BPL Student Aid 3054,District Collector Office,Management,Haryana,All,General,All,Class 12,Upto 1L,80-90,"Rs 8,000/year",9/28,https://scholarships.gov.in,1
Rural Student Scholarship 3055,State Education Board,Biotechnology,Uttar Pradesh,Male,General,All,PhD,Upto 5L,60-70,"Rs 18,000/year",11/30,https://scholarships.gov.in,1
Women in STEM Scholarship 3056,Zilla Parishad,Architecture,Meghalaya,Male,SC,Jain,PhD,Upto 3.5L,50-60,"Rs 10,000/year",10/31,https://scholarships.gov.in,1
Best Student Award Scholarship 3057,NGO Foundation,All,Arunachal Pradesh,All,SC,Buddhist,Class 10,Upto 3.5L,Above 60,"Rs 2,500/year",12/30,https://scholarships.gov.in,1
Academic Excellence Grant 3058,Trust Fund,Arts/Commerce,Karnataka,Male,Minority,Jain,Diploma,Upto 1L,70-80,"Rs 2,500/year",10/28,https://scholarships.gov.in,1
Academic Excellence Grant 3059,State Education Board,All,Kerala,Male,General,Buddhist,Undergraduate,No Limit,Above 60,"Rs 12,000/year",10/28,https://scholarships.gov.in,1
District Topper Scholarship 3060,NGO Foundation,Biotechnology,West Bengal,Male,OBC,Christian,Class 12,Upto 3.5L,70-80,"Rs 10,000/year",9/30,https://scholarships.gov.in,1
Backward Class Merit Award 3061,District Collector Office,Computer Science,Arunachal Pradesh,All,SC,Christian,Class 12,Upto 1L,50-60,"Rs 20,000/year",9/29,https://scholarships.gov.in,1
Academic Excellence Grant 3062,State Education Board,Agriculture,Sikkim,Male,OBC,Muslim,PhD,Upto 5L,Above 60,"Rs 5,000/year",10/28,https://scholarships.gov.in,1
Backward Class Merit Award 3063,State Education Board,Engineering,Uttar Pradesh,All,Minority,Jain,Postgraduate,Upto 8L,Above 75,"Rs 25,000/year",10/29,https://scholarships.gov.in,1
Women in STEM Scholarship 3064,State Education Board,Design,Uttar Pradesh,Male,Minority,All,PhD,Upto 2.5L,60-70,"Rs 1,000/year",10/29,https://scholarships.gov.in,1
Women in STEM Scholarship 3065,Trust Fund,Education,West Bengal,Male,OBC,Hindu,Diploma,Upto 8L,70-80,"Rs 1,000/year",10/29,https://scholarships.gov.in,1
Academic Excellence Grant 3066,Trust Fund,All,Haryana,All,OBC,Christian,Diploma,Upto 1L,80-90,"Rs 8,000/year",11/29,https://scholarships.gov.in,1
Backward Class Merit Award 3067,NGO Foundation,All,West Bengal,Female,OBC,Christian,Class 12,Upto 8L,70-80,"Rs 15,000/year",11/29,https://scholarships.gov.in,1
Sports & Academics Scholarship 3068,Zilla Parishad,All,West Bengal,Female,EWS,Christian,Postgraduate,No Limit,50-60,"Rs 75,000/year",10/29,https://scholarships.gov.in,1
Rural Student Scholarship 3069,District Collector Office,Engineering,Kerala,Male,SC,Jain,PhD,Upto 2.5L,60-70,"Rs 1,000/year",9/28,https://scholarships.gov.in,1
Sports & Academics Scholarship 3070,Trust Fund,Law,Haryana,All,ST,Jain,Class 10,Upto 1L,90-100,"Rs 12,000/year",9/30,https://scholarships.gov.in,1
Academic Excellence Grant 3071,District Collector Office,Law,Arunachal Pradesh,Male,ST,Sikh,Undergraduate,Upto 3.5L,Above 60,"Rs 60,000/year",10/31,https://scholarships.gov.in,1
Academic Excellence Grant 3072,State Education Board,All,Delhi,Male,SC,Jain,Postgraduate,Upto 3.5L,50-60,"Rs 10,000/year",9/28,https://scholarships.gov.in,1
Sports & Academics Scholarship 3073,Trust Fund,Pharmacy,Jharkhand,Female,SC,Sikh,Class 10,Upto 1L,90-100,"Rs 35,000/year",9/31,https://scholarships.gov.in,1
First Generation Learner Award 3074,NGO Foundation,Management,Punjab,Female,EWS,Hindu,Postgraduate,Upto 2.5L,Above 60,"Rs 15,000/year",9/28,https://scholarships.gov.in,1
Single Parent Child Scholarship 3075,NGO Foundation,Medical,Punjab,All,Minority,Buddhist,Diploma,Upto 8L,90-100,"Rs 5,000/year",11/29,https://scholarships.gov.in,1
BPL Student Aid 3076,Trust Fund,All,Jharkhand,All,ST,Sikh,Undergraduate,Upto 3.5L,Above 60,"Rs 10,000/year",12/28,https://scholarships.gov.in,1
Backward Class Merit Award 3077,District Collector Office,Agriculture,Arunachal Pradesh,Male,ST,Christian,Undergraduate,Upto 5L,50-60,"Rs 2,000/year",11/28,https://scholarships.gov.in,1
Single Parent Child Scholarship 3078,Zilla Parishad,All,Manipur,Male,General,All,Postgraduate,Upto 8L,70-80,"Rs 1,500/year",11/31,https://scholarships.gov.in,1
BPL Student Aid 3079,NGO Foundation,Biotechnology,Punjab,All,EWS,Sikh,Class 12,No Limit,Above 60,"Rs 3,000/year",9/28,https://scholarships.gov.in,1
Backward Class Merit Award 3080,State Education Board,Journalism,Rajasthan,Male,SC,Jain,Class 10,Upto 3.5L,90-100,"Rs 1,500/year",11/29,https://scholarships.gov.in,1
BPL Student Aid 3081,Zilla Parishad,Arts/Commerce,Delhi,All,General,All,Class 12,No Limit,70-80,"Rs 60,000/year",11/29,https://scholarships.gov.in,1
Rural Student Scholarship 3082,NGO Foundation,Design,Uttarakhand,All,EWS,All,Undergraduate,Upto 3.5L,60-70,"Rs 40,000/year",12/30,https://scholarships.gov.in,1
Single Parent Child Scholarship 3083,State Education Board,Journalism,Jammu & Kashmir,Male,OBC,Buddhist,Class 10,Upto 5L,Above 75,"Rs 30,000/year",10/30,https://scholarships.gov.in,1
Single Parent Child Scholarship 3084,NGO Foundation,Agriculture,Manipur,Male,General,Hindu,Undergraduate,Upto 2.5L,Above 75,"Rs 6,000/year",12/31,https://scholarships.gov.in,1
Academic Excellence Grant 3085,NGO Foundation,Law,Uttar Pradesh,Female,General,Christian,Class 12,Upto 3.5L,60-70,"Rs 60,000/year",9/28,https://scholarships.gov.in,1
District Topper Scholarship 3086,Zilla Parishad,Law,Karnataka,All,OBC,Buddhist,Class 12,Upto 3.5L,60-70,"Rs 3,000/year",10/29,https://scholarships.gov.in,1
First Generation Learner Award 3087,Trust Fund,Law,Punjab,All,EWS,Jain,Postgraduate,Upto 3.5L,Above 75,"Rs 2,500/year",9/28,https://scholarships.gov.in,1
Rural Student Scholarship 3088,Trust Fund,Arts/Commerce,Mizoram,All,ST,Hindu,Postgraduate,Upto 8L,80-90,"Rs 15,000/year",11/31,https://scholarships.gov.in,1
BPL Student Aid 3089,Trust Fund,Biotechnology,Goa,Male,Minority,All,Class 12,Upto 5L,Above 60,"Rs 12,000/year",11/31,https://scholarships.gov.in,1
Sports & Academics Scholarship 3090,Trust Fund,Biotechnology,Meghalaya,All,OBC,Jain,Postgraduate,Upto 3.5L,90-100,"Rs 15,000/year",9/31,https://scholarships.gov.in,1
BPL Student Aid 3091,Zilla Parishad,Arts/Commerce,Assam,Female,ST,Buddhist,PhD,No Limit,Above 75,"Rs 3,000/year",9/29,https://scholarships.gov.in,1
Academic Excellence Grant 3092,NGO Foundation,Design,Tamil Nadu,Male,Minority,Buddhist,Postgraduate,Upto 3.5L,80-90,"Rs 8,000/year",11/31,https://scholarships.gov.in,1
Single Parent Child Scholarship 3093,Zilla Parishad,Agriculture,Goa,Female,ST,Buddhist,Class 12,Upto 2.5L,Above 75,"Rs 12,000/year",11/31,https://scholarships.gov.in,1
BPL Student Aid 3094,Zilla Parishad,Design,Madhya Pradesh,All,EWS,Jain,Postgraduate,Upto 8L,50-60,"Rs 2,000/year",10/30,https://scholarships.gov.in,1
Academic Excellence Grant 3095,NGO Foundation,Medical,Goa,Male,Minority,Jain,PhD,Upto 8L,80-90,"Rs 20,000/year",11/29,https://scholarships.gov.in,1
District Topper Scholarship 3096,State Education Board,Computer Science,Goa,Male,SC,Jain,Class 10,Upto 3.5L,Above 75,"Rs 60,000/year",9/29,https://scholarships.gov.in,1
BPL Student Aid 3097,State Education Board,Computer Science,Haryana,Female,OBC,All,PhD,No Limit,Above 75,"Rs 2,500/year",12/28,https://scholarships.gov.in,1
Women in STEM Scholarship 3098,Zilla Parishad,All,Himachal Pradesh,Male,SC,Sikh,Class 12,Upto 1L,80-90,"Rs 12,000/year",9/29,https://scholarships.gov.in,1
Best Student Award Scholarship 3099,Zilla Parishad,Law,West Bengal,Male,SC,Buddhist,Postgraduate,Upto 2.5L,80-90,"Rs 3,000/year",11/30,https://scholarships.gov.in,1
District Topper Scholarship 3100,NGO Foundation,Arts/Commerce,Tamil Nadu,Female,Minority,Jain,Diploma,Upto 5L,Above 75,"Rs 35,000/year",9/29,https://scholarships.gov.in,1
Single Parent Child Scholarship 3101,Zilla Parishad,Education,Nagaland,Female,All,Hindu,Diploma,No Limit,70-80,"Rs 25,000/year",10/30,https://scholarships.gov.in,1
District Topper Scholarship 3102,Trust Fund,Law,Goa,Female,Minority,Sikh,Class 12,Upto 3.5L,Above 60,"Rs 35,000/year",9/28,https://scholarships.gov.in,1
Sports & Academics Scholarship 3103,Zilla Parishad,Design,Goa,Male,All,Hindu,Class 10,No Limit,Above 60,"Rs 1,000/year",9/29,https://scholarships.gov.in,1
First Generation Learner Award 3104,State Education Board,Education,Tamil Nadu,Male,General,Christian,Postgraduate,Upto 1L,Above 75,"Rs 5,000/year",12/28,https://scholarships.gov.in,1
Women in STEM Scholarship 3105,Trust Fund,Education,Delhi,All,OBC,Muslim,PhD,Upto 3.5L,50-60,"Rs 15,000/year",10/31,https://scholarships.gov.in,1
Academic Excellence Grant 3106,District Collector Office,Management,Arunachal Pradesh,All,All,Hindu,Class 10,Upto 2.5L,Above 60,"Rs 20,000/year",12/29,https://scholarships.gov.in,1
Academic Excellence Grant 3107,Trust Fund,Arts/Commerce,Andhra Pradesh,Female,SC,All,Class 12,Upto 3.5L,70-80,"Rs 2,000/year",12/31,https://scholarships.gov.in,1
Academic Excellence Grant 3108,District Collector Office,All,Chhattisgarh,Male,EWS,Muslim,Class 12,Upto 8L,60-70,"Rs 1,000/year",12/29,https://scholarships.gov.in,1
Women in STEM Scholarship 3109,NGO Foundation,Management,Tripura,Female,SC,Jain,Diploma,Upto 1L,50-60,"Rs 2,500/year",9/29,https://scholarships.gov.in,1
Single Parent Child Scholarship 3110,State Education Board,All,Meghalaya,Female,EWS,Sikh,Diploma,Upto 1L,70-80,"Rs 3,000/year",12/28,https://scholarships.gov.in,1
Women in STEM Scholarship 3111,Trust Fund,Journalism,Arunachal Pradesh,All,ST,Sikh,PhD,Upto 2.5L,Above 75,"Rs 50,000/year",12/29,https://scholarships.gov.in,1
District Topper Scholarship 3112,Zilla Parishad,Design,Uttarakhand,Female,General,Christian,Class 10,Upto 3.5L,50-60,"Rs 8,000/year",10/30,https://scholarships.gov.in,1
BPL Student Aid 3113,NGO Foundation,Law,Rajasthan,Male,All,Sikh,PhD,Upto 8L,50-60,"Rs 2,000/year",11/28,https://scholarships.gov.in,1
Backward Class Merit Award 3114,NGO Foundation,Medical,Chhattisgarh,Female,ST,Jain,Diploma,Upto 8L,Above 75,"Rs 18,000/year",12/29,https://scholarships.gov.in,1
Rural Student Scholarship 3115,Zilla Parishad,Computer Science,West Bengal,Male,ST,All,Diploma,Upto 2.5L,90-100,"Rs 5,000/year",11/28,https://scholarships.gov.in,1
BPL Student Aid 3116,NGO Foundation,Biotechnology,Rajasthan,All,Minority,Jain,Diploma,Upto 2.5L,90-100,"Rs 8,000/year",10/28,https://scholarships.gov.in,1
Rural Student Scholarship 3117,District Collector Office,Medical,Telangana,All,General,All,Undergraduate,Upto 8L,Above 75,"Rs 60,000/year",11/31,https://scholarships.gov.in,1
Women in STEM Scholarship 3118,Trust Fund,Biotechnology,Bihar,All,EWS,Christian,Diploma,Upto 3.5L,Above 60,"Rs 8,000/year",10/29,https://scholarships.gov.in,1
Single Parent Child Scholarship 3119,State Education Board,Engineering,Meghalaya,Female,EWS,All,Postgraduate,Upto 3.5L,80-90,"Rs 25,000/year",11/29,https://scholarships.gov.in,1
Rural Student Scholarship 3120,Trust Fund,Management,Arunachal Pradesh,Female,Minority,Jain,Postgraduate,Upto 5L,70-80,"Rs 15,000/year",10/29,https://scholarships.gov.in,1
Best Student Award Scholarship 3121,Zilla Parishad,Biotechnology,Uttarakhand,Male,All,Buddhist,Class 12,Upto 3.5L,70-80,"Rs 40,000/year",9/31,https://scholarships.gov.in,1
Rural Student Scholarship 3122,NGO Foundation,Computer Science,Assam,Female,EWS,Muslim,Class 10,Upto 3.5L,Above 75,"Rs 3,000/year",11/28,https://scholarships.gov.in,1
Academic Excellence Grant 3123,Trust Fund,Science,Meghalaya,Female,Minority,Hindu,Class 10,Upto 3.5L,50-60,"Rs 50,000/year",9/30,https://scholarships.gov.in,1
First Generation Learner Award 3124,Zilla Parishad,Arts/Commerce,Delhi,Male,ST,Jain,PhD,Upto 5L,70-80,"Rs 50,000/year",12/28,https://scholarships.gov.in,1
Best Student Award Scholarship 3125,District Collector Office,Pharmacy,Meghalaya,All,Minority,Hindu,Class 12,No Limit,80-90,"Rs 8,000/year",11/29,https://scholarships.gov.in,1
First Generation Learner Award 3126,Trust Fund,Agriculture,Maharashtra,Female,Minority,Buddhist,Postgraduate,Upto 5L,Above 75,"Rs 12,000/year",12/28,https://scholarships.gov.in,1
Women in STEM Scholarship 3127,Zilla Parishad,Biotechnology,Bihar,Female,EWS,Buddhist,Class 12,Upto 5L,50-60,"Rs 1,000/year",10/30,https://scholarships.gov.in,1
Rural Student Scholarship 3128,District Collector Office,Pharmacy,Nagaland,Female,OBC,All,Class 12,Upto 1L,90-100,"Rs 40,000/year",12/29,https://scholarships.gov.in,1
District Topper Scholarship 3129,NGO Foundation,Agriculture,Madhya Pradesh,Male,EWS,Buddhist,Postgraduate,Upto 5L,60-70,"Rs 60,000/year",9/28,https://scholarships.gov.in,1
Best Student Award Scholarship 3130,Trust Fund,Law,Telangana,All,OBC,Christian,Undergraduate,No Limit,50-60,"Rs 18,000/year",10/30,https://scholarships.gov.in,1
District Topper Scholarship 3131,Trust Fund,All,Manipur,Female,EWS,Sikh,PhD,Upto 3.5L,80-90,"Rs 50,000/year",11/30,https://scholarships.gov.in,1
Single Parent Child Scholarship 3132,Zilla Parishad,Computer Science,Haryana,Female,EWS,Muslim,Undergraduate,Upto 1L,Above 60,"Rs 20,000/year",11/30,https://scholarships.gov.in,1
Sports & Academics Scholarship 3133,District Collector Office,Education,Tripura,Female,OBC,All,Undergraduate,No Limit,Above 60,"Rs 1,500/year",11/30,https://scholarships.gov.in,1
Backward Class Merit Award 3134,NGO Foundation,Management,Karnataka,All,All,Hindu,Undergraduate,Upto 2.5L,60-70,"Rs 3,000/year",9/28,https://scholarships.gov.in,1
Best Student Award Scholarship 3135,District Collector Office,Engineering,Telangana,Female,Minority,Muslim,Postgraduate,Upto 2.5L,50-60,"Rs 75,000/year",10/30,https://scholarships.gov.in,1
First Generation Learner Award 3136,Zilla Parishad,Architecture,Nagaland,Male,Minority,Hindu,Class 10,Upto 3.5L,60-70,"Rs 10,000/year",10/28,https://scholarships.gov.in,1
Rural Student Scholarship 3137,NGO Foundation,Journalism,Jammu & Kashmir,Male,SC,Buddhist,Undergraduate,Upto 1L,60-70,"Rs 2,500/year",11/29,https://scholarships.gov.in,1
Sports & Academics Scholarship 3138,NGO Foundation,Education,Mizoram,Female,OBC,Sikh,PhD,Upto 3.5L,60-70,"Rs 5,000/year",12/30,https://scholarships.gov.in,1
Academic Excellence Grant 3139,Trust Fund,Journalism,Haryana,Female,All,Jain,Class 10,Upto 5L,50-60,"Rs 1,000/year",9/28,https://scholarships.gov.in,1
Sports & Academics Scholarship 3140,State Education Board,Architecture,Meghalaya,Female,SC,Sikh,Undergraduate,Upto 5L,Above 75,"Rs 30,000/year",12/30,https://scholarships.gov.in,1
District Topper Scholarship 3141,NGO Foundation,Engineering,Manipur,All,SC,Jain,PhD,Upto 3.5L,Above 75,"Rs 2,500/year",11/29,https://scholarships.gov.in,1
First Generation Learner Award 3142,District Collector Office,All,Delhi,Male,OBC,Buddhist,Diploma,Upto 3.5L,70-80,"Rs 20,000/year",12/31,https://scholarships.gov.in,1
Single Parent Child Scholarship 3143,District Collector Office,Management,Himachal Pradesh,Male,OBC,All,Undergraduate,Upto 8L,Above 60,"Rs 1,000/year",9/31,https://scholarships.gov.in,1
Rural Student Scholarship 3144,NGO Foundation,Pharmacy,Rajasthan,All,Minority,Muslim,Diploma,Upto 8L,70-80,"Rs 35,000/year",12/29,https://scholarships.gov.in,1
Backward Class Merit Award 3145,NGO Foundation,Journalism,Bihar,Male,Minority,Muslim,Class 12,Upto 2.5L,90-100,"Rs 40,000/year",12/30,https://scholarships.gov.in,1
Women in STEM Scholarship 3146,Trust Fund,Engineering,Gujarat,Male,ST,Sikh,Undergraduate,Upto 1L,Above 75,"Rs 10,000/year",9/30,https://scholarships.gov.in,1
Single Parent Child Scholarship 3147,District Collector Office,Agriculture,Sikkim,All,OBC,Sikh,Undergraduate,Upto 1L,Above 75,"Rs 10,000/year",12/29,https://scholarships.gov.in,1
District Topper Scholarship 3148,Zilla Parishad,Engineering,Jharkhand,Female,General,Hindu,Class 10,Upto 8L,80-90,"Rs 40,000/year",11/29,https://scholarships.gov.in,1
Rural Student Scholarship 3149,District Collector Office,Biotechnology,West Bengal,All,ST,Sikh,Class 12,Upto 5L,80-90,"Rs 30,000/year",10/30,https://scholarships.gov.in,1
First Generation Learner Award 3150,Trust Fund,Medical,Manipur,Male,OBC,Sikh,PhD,Upto 8L,60-70,"Rs 40,000/year",11/29,https://scholarships.gov.in,1
Academic Excellence Grant 3151,Zilla Parishad,Engineering,Sikkim,All,All,Muslim,Class 12,Upto 5L,70-80,"Rs 12,000/year",10/29,https://scholarships.gov.in,1
Backward Class Merit Award 3152,State Education Board,Management,Punjab,All,All,Buddhist,Postgraduate,Upto 8L,80-90,"Rs 75,000/year",11/29,https://scholarships.gov.in,1
BPL Student Aid 3153,NGO Foundation,Law,Haryana,Male,All,Muslim,Class 12,Upto 3.5L,Above 60,"Rs 30,000/year",10/31,https://scholarships.gov.in,1
Best Student Award Scholarship 3154,NGO Foundation,Engineering,Goa,Male,All,All,Class 12,Upto 1L,80-90,"Rs 2,500/year",10/30,https://scholarships.gov.in,1
First Generation Learner Award 3155,Zilla Parishad,Science,Odisha,Male,General,Sikh,Postgraduate,Upto 1L,50-60,"Rs 15,000/year",10/29,https://scholarships.gov.in,1
BPL Student Aid 3156,District Collector Office,Biotechnology,Jharkhand,Female,ST,Jain,Postgraduate,No Limit,Above 60,"Rs 18,000/year",10/29,https://scholarships.gov.in,1
Women in STEM Scholarship 3157,Zilla Parishad,Medical,Chhattisgarh,Female,SC,Jain,Class 10,Upto 1L,60-70,"Rs 2,500/year",9/31,https://scholarships.gov.in,1
Backward Class Merit Award 3158,State Education Board,Management,Rajasthan,All,All,Jain,Postgraduate,Upto 8L,60-70,"Rs 18,000/year",11/31,https://scholarships.gov.in,1
First Generation Learner Award 3159,State Education Board,Science,Karnataka,All,SC,Buddhist,Class 10,No Limit,Above 60,"Rs 50,000/year",9/30,https://scholarships.gov.in,1
Backward Class Merit Award 3160,State Education Board,Science,Tamil Nadu,Female,EWS,Hindu,Class 12,Upto 8L,Above 75,"Rs 50,000/year",9/31,https://scholarships.gov.in,1
Academic Excellence Grant 3161,Zilla Parishad,Design,Karnataka,Male,General,Sikh,Diploma,Upto 1L,Above 60,"Rs 10,000/year",9/31,https://scholarships.gov.in,1
Women in STEM Scholarship 3162,District Collector Office,Science,Kerala,Female,Minority,Christian,Class 10,Upto 1L,Above 60,"Rs 10,000/year",9/30,https://scholarships.gov.in,1
Women in STEM Scholarship 3163,District Collector Office,Medical,Kerala,Female,SC,Buddhist,PhD,Upto 5L,80-90,"Rs 2,000/year",11/31,https://scholarships.gov.in,1
BPL Student Aid 3164,State Education Board,Agriculture,Mizoram,All,ST,Jain,Undergraduate,Upto 5L,70-80,"Rs 10,000/year",11/29,https://scholarships.gov.in,1
Academic Excellence Grant 3165,District Collector Office,All,Madhya Pradesh,Female,ST,Christian,PhD,Upto 8L,Above 75,"Rs 5,000/year",10/29,https://scholarships.gov.in,1
Single Parent Child Scholarship 3166,State Education Board,Agriculture,Jammu & Kashmir,All,General,Christian,Class 12,Upto 5L,80-90,"Rs 1,000/year",9/30,https://scholarships.gov.in,1
BPL Student Aid 3167,District Collector Office,Journalism,Punjab,Male,SC,Christian,Class 12,Upto 1L,60-70,"Rs 2,500/year",10/29,https://scholarships.gov.in,1
Best Student Award Scholarship 3168,State Education Board,Management,Uttar Pradesh,Male,EWS,Christian,Class 10,Upto 5L,Above 60,"Rs 2,000/year",12/30,https://scholarships.gov.in,1
Backward Class Merit Award 3169,State Education Board,Law,Sikkim,Male,SC,Buddhist,Undergraduate,Upto 2.5L,Above 75,"Rs 25,000/year",12/29,https://scholarships.gov.in,1
BPL Student Aid 3170,NGO Foundation,Arts/Commerce,Odisha,Male,SC,Jain,Class 10,Upto 5L,60-70,"Rs 2,500/year",10/29,https://scholarships.gov.in,1
District Topper Scholarship 3171,Trust Fund,Arts/Commerce,Delhi,All,SC,Muslim,Class 10,Upto 2.5L,90-100,"Rs 35,000/year",9/31,https://scholarships.gov.in,1
Academic Excellence Grant 3172,State Education Board,Law,Bihar,All,SC,Muslim,Postgraduate,No Limit,80-90,"Rs 60,000/year",10/31,https://scholarships.gov.in,1
Single Parent Child Scholarship 3173,Trust Fund,Computer Science,West Bengal,Male,OBC,Hindu,Class 12,No Limit,50-60,"Rs 1,000/year",10/29,https://scholarships.gov.in,1
First Generation Learner Award 3174,Trust Fund,Journalism,Haryana,Female,All,Hindu,PhD,Upto 8L,70-80,"Rs 8,000/year",10/29,https://scholarships.gov.in,1
BPL Student Aid 3175,NGO Foundation,Agriculture,Nagaland,Male,All,Muslim,Class 12,Upto 3.5L,60-70,"Rs 75,000/year",10/29,https://scholarships.gov.in,1
Single Parent Child Scholarship 3176,Trust Fund,Journalism,Bihar,Female,All,Buddhist,Class 10,Upto 3.5L,Above 60,"Rs 35,000/year",12/28,https://scholarships.gov.in,1
Best Student Award Scholarship 3177,State Education Board,All,Telangana,Female,General,Jain,Postgraduate,Upto 2.5L,Above 60,"Rs 2,000/year",9/31,https://scholarships.gov.in,1
Best Student Award Scholarship 3178,State Education Board,Agriculture,Sikkim,Male,Minority,Muslim,Class 10,Upto 2.5L,Above 60,"Rs 30,000/year",11/31,https://scholarships.gov.in,1
First Generation Learner Award 3179,Trust Fund,Architecture,Rajasthan,Male,OBC,Christian,Class 10,No Limit,80-90,"Rs 5,000/year",9/28,https://scholarships.gov.in,1
First Generation Learner Award 3180,District Collector Office,Computer Science,Telangana,Female,All,All,Diploma,Upto 3.5L,50-60,"Rs 25,000/year",11/28,https://scholarships.gov.in,1
Sports & Academics Scholarship 3181,District Collector Office,Arts/Commerce,Rajasthan,Female,Minority,All,Class 12,No Limit,90-100,"Rs 20,000/year",12/28,https://scholarships.gov.in,1
Sports & Academics Scholarship 3182,State Education Board,Architecture,Arunachal Pradesh,Female,ST,Hindu,Class 12,No Limit,Above 60,"Rs 25,000/year",12/28,https://scholarships.gov.in,1
Women in STEM Scholarship 3183,Trust Fund,Pharmacy,Maharashtra,All,OBC,Muslim,Class 12,No Limit,Above 75,"Rs 25,000/year",12/28,https://scholarships.gov.in,1
Sports & Academics Scholarship 3184,Trust Fund,All,Gujarat,Female,All,Jain,PhD,Upto 2.5L,Above 60,"Rs 8,000/year",9/31,https://scholarships.gov.in,1
Backward Class Merit Award 3185,Zilla Parishad,Management,Arunachal Pradesh,Male,SC,Jain,PhD,Upto 3.5L,60-70,"Rs 2,000/year",11/31,https://scholarships.gov.in,1
Best Student Award Scholarship 3186,District Collector Office,All,Delhi,All,EWS,Muslim,PhD,Upto 2.5L,80-90,"Rs 75,000/year",12/29,https://scholarships.gov.in,1
Rural Student Scholarship 3187,NGO Foundation,Pharmacy,Sikkim,Male,Minority,All,PhD,Upto 3.5L,Above 75,"Rs 25,000/year",10/29,https://scholarships.gov.in,1
Rural Student Scholarship 3188,State Education Board,Engineering,Tamil Nadu,All,Minority,All,Postgraduate,Upto 3.5L,50-60,"Rs 10,000/year",9/31,https://scholarships.gov.in,1
First Generation Learner Award 3189,District Collector Office,Computer Science,Mizoram,All,SC,Sikh,Class 12,Upto 3.5L,Above 60,"Rs 8,000/year",12/28,https://scholarships.gov.in,1
Academic Excellence Grant 3190,NGO Foundation,All,Sikkim,Female,OBC,Christian,Diploma,Upto 3.5L,80-90,"Rs 75,000/year",11/31,https://scholarships.gov.in,1
Backward Class Merit Award 3191,NGO Foundation,Medical,Uttarakhand,Male,SC,Jain,Class 12,Upto 2.5L,60-70,"Rs 40,000/year",12/29,https://scholarships.gov.in,1
Best Student Award Scholarship 3192,Zilla Parishad,Journalism,West Bengal,Female,All,Sikh,PhD,No Limit,90-100,"Rs 40,000/year",11/30,https://scholarships.gov.in,1
BPL Student Aid 3193,NGO Foundation,Agriculture,Sikkim,Female,All,Hindu,Class 10,Upto 5L,Above 75,"Rs 15,000/year",11/31,https://scholarships.gov.in,1
BPL Student Aid 3194,District Collector Office,Law,Andhra Pradesh,All,All,Christian,Postgraduate,No Limit,Above 60,"Rs 8,000/year",11/30,https://scholarships.gov.in,1
BPL Student Aid 3195,District Collector Office,Law,Maharashtra,Male,OBC,Hindu,Postgraduate,Upto 3.5L,Above 75,"Rs 12,000/year",11/28,https://scholarships.gov.in,1
Academic Excellence Grant 3196,NGO Foundation,Medical,Meghalaya,Male,OBC,Jain,Postgraduate,Upto 5L,Above 75,"Rs 40,000/year",12/28,https://scholarships.gov.in,1
District Topper Scholarship 3197,District Collector Office,Pharmacy,Haryana,Male,ST,Hindu,Undergraduate,Upto 2.5L,60-70,"Rs 2,000/year",11/28,https://scholarships.gov.in,1
District Topper Scholarship 3198,State Education Board,Architecture,Jharkhand,Male,General,Muslim,Postgraduate,Upto 3.5L,70-80,"Rs 15,000/year",11/28,https://scholarships.gov.in,1
Sports & Academics Scholarship 3199,District Collector Office,Arts/Commerce,Jammu & Kashmir,All,Minority,Christian,Diploma,Upto 3.5L,60-70,"Rs 3,000/year",9/28,https://scholarships.gov.in,1
BPL Student Aid 3200,District Collector Office,Architecture,Tamil Nadu,All,EWS,All,Postgraduate,No Limit,60-70,"Rs 40,000/year",12/31,https://scholarships.gov.in,1
Backward Class Merit Award 3201,NGO Foundation,Management,Madhya Pradesh,Male,General,Muslim,Class 10,No Limit,Above 75,"Rs 8,000/year",10/31,https://scholarships.gov.in,1
District Topper Scholarship 3202,Trust Fund,Biotechnology,Rajasthan,Female,General,Buddhist,Postgraduate,Upto 8L,Above 75,"Rs 20,000/year",12/30,https://scholarships.gov.in,1
Backward Class Merit Award 3203,State Education Board,Engineering,Gujarat,Male,ST,Hindu,Postgraduate,No Limit,50-60,"Rs 10,000/year",10/29,https://scholarships.gov.in,1
Best Student Award Scholarship 3204,NGO Foundation,Architecture,Sikkim,Male,General,Buddhist,Diploma,Upto 2.5L,80-90,"Rs 12,000/year",9/30,https://scholarships.gov.in,1
BPL Student Aid 3205,District Collector Office,Engineering,Karnataka,All,General,Christian,Postgraduate,Upto 8L,70-80,"Rs 25,000/year",11/30,https://scholarships.gov.in,1
BPL Student Aid 3206,NGO Foundation,Engineering,Arunachal Pradesh,Female,EWS,Muslim,Class 10,Upto 1L,Above 60,"Rs 35,000/year",12/28,https://scholarships.gov.in,1
Academic Excellence Grant 3207,NGO Foundation,Computer Science,Mizoram,Female,Minority,All,Class 10,Upto 8L,60-70,"Rs 10,000/year",11/31,https://scholarships.gov.in,1
Best Student Award Scholarship 3208,State Education Board,Medical,Manipur,Female,ST,Muslim,Undergraduate,Upto 5L,Above 60,"Rs 50,000/year",10/29,https://scholarships.gov.in,1
Best Student Award Scholarship 3209,Trust Fund,Architecture,Manipur,Female,Minority,Hindu,Postgraduate,Upto 8L,60-70,"Rs 25,000/year",10/28,https://scholarships.gov.in,1
Best Student Award Scholarship 3210,Trust Fund,Science,Tripura,Male,OBC,All,Undergraduate,Upto 5L,Above 75,"Rs 2,000/year",12/30,https://scholarships.gov.in,1
Best Student Award Scholarship 3211,Zilla Parishad,Medical,Sikkim,Male,EWS,Muslim,Class 10,No Limit,70-80,"Rs 8,000/year",12/28,https://scholarships.gov.in,1
District Topper Scholarship 3212,District Collector Office,Pharmacy,Kerala,Female,General,Hindu,Class 10,Upto 3.5L,60-70,"Rs 50,000/year",11/31,https://scholarships.gov.in,1
Backward Class Merit Award 3213,Zilla Parishad,Science,Goa,Male,SC,Hindu,Undergraduate,Upto 1L,70-80,"Rs 18,000/year",11/31,https://scholarships.gov.in,1
Best Student Award Scholarship 3214,NGO Foundation,Education,Uttar Pradesh,All,All,Buddhist,PhD,Upto 1L,Above 60,"Rs 25,000/year",9/31,https://scholarships.gov.in,1
Best Student Award Scholarship 3215,Zilla Parishad,Medical,Mizoram,All,ST,Muslim,Class 10,Upto 3.5L,50-60,"Rs 12,000/year",12/31,https://scholarships.gov.in,1
Sports & Academics Scholarship 3216,State Education Board,Arts/Commerce,Delhi,Male,General,Hindu,PhD,Upto 1L,50-60,"Rs 2,500/year",12/28,https://scholarships.gov.in,1
Women in STEM Scholarship 3217,Trust Fund,Design,Goa,Female,ST,All,Class 10,Upto 3.5L,Above 60,"Rs 1,000/year",9/29,https://scholarships.gov.in,1
First Generation Learner Award 3218,NGO Foundation,Engineering,Odisha,Male,General,All,Class 12,Upto 1L,80-90,"Rs 40,000/year",12/29,https://scholarships.gov.in,1
Academic Excellence Grant 3219,NGO Foundation,Journalism,Jammu & Kashmir,Female,SC,Sikh,Undergraduate,Upto 1L,Above 75,"Rs 6,000/year",12/28,https://scholarships.gov.in,1
Best Student Award Scholarship 3220,Zilla Parishad,Engineering,Andhra Pradesh,Female,OBC,Muslim,Class 10,No Limit,60-70,"Rs 6,000/year",9/31,https://scholarships.gov.in,1
District Topper Scholarship 3221,Zilla Parishad,Management,Nagaland,Female,General,Buddhist,PhD,Upto 1L,50-60,"Rs 5,000/year",10/29,https://scholarships.gov.in,1
Women in STEM Scholarship 3222,District Collector Office,Arts/Commerce,Karnataka,Female,SC,Jain,PhD,Upto 1L,50-60,"Rs 20,000/year",12/31,https://scholarships.gov.in,1
Women in STEM Scholarship 3223,Trust Fund,Education,Assam,Female,EWS,Christian,Diploma,Upto 3.5L,Above 60,"Rs 18,000/year",9/29,https://scholarships.gov.in,1
Best Student Award Scholarship 3224,District Collector Office,Arts/Commerce,Odisha,Female,General,Buddhist,Diploma,Upto 3.5L,60-70,"Rs 50,000/year",9/31,https://scholarships.gov.in,1
District Topper Scholarship 3225,State Education Board,Management,Himachal Pradesh,All,OBC,Buddhist,Class 10,No Limit,70-80,"Rs 25,000/year",9/31,https://scholarships.gov.in,1
Academic Excellence Grant 3226,Zilla Parishad,Engineering,Bihar,Male,EWS,Hindu,Postgraduate,Upto 2.5L,60-70,"Rs 1,000/year",9/28,https://scholarships.gov.in,1
Sports & Academics Scholarship 3227,District Collector Office,Computer Science,Arunachal Pradesh,Female,OBC,Hindu,Class 12,Upto 1L,70-80,"Rs 8,000/year",11/29,https://scholarships.gov.in,1
Sports & Academics Scholarship 3228,NGO Foundation,Agriculture,Uttarakhand,All,General,Buddhist,Undergraduate,Upto 8L,80-90,"Rs 15,000/year",11/29,https://scholarships.gov.in,1
Sports & Academics Scholarship 3229,Zilla Parishad,Management,Sikkim,All,ST,Hindu,Diploma,Upto 1L,Above 75,"Rs 25,000/year",10/30,https://scholarships.gov.in,1
Best Student Award Scholarship 3230,District Collector Office,Education,Maharashtra,All,Minority,Muslim,Class 12,Upto 5L,60-70,"Rs 3,000/year",12/30,https://scholarships.gov.in,1
BPL Student Aid 3231,Zilla Parishad,Management,Rajasthan,All,General,Jain,Class 10,Upto 5L,90-100,"Rs 5,000/year",12/29,https://scholarships.gov.in,1
Sports & Academics Scholarship 3232,Trust Fund,Biotechnology,Rajasthan,Female,SC,Christian,Diploma,Upto 2.5L,60-70,"Rs 2,000/year",9/28,https://scholarships.gov.in,1
BPL Student Aid 3233,NGO Foundation,Journalism,Gujarat,Female,Minority,Buddhist,Postgraduate,No Limit,80-90,"Rs 2,500/year",11/31,https://scholarships.gov.in,1
District Topper Scholarship 3234,Zilla Parishad,Journalism,Himachal Pradesh,All,EWS,Christian,Class 10,Upto 3.5L,70-80,"Rs 1,500/year",11/30,https://scholarships.gov.in,1
Single Parent Child Scholarship 3235,Trust Fund,Pharmacy,Rajasthan,All,OBC,Sikh,Diploma,Upto 3.5L,70-80,"Rs 18,000/year",11/28,https://scholarships.gov.in,1
Sports & Academics Scholarship 3236,Trust Fund,All,Rajasthan,Male,All,Sikh,Class 12,Upto 2.5L,90-100,"Rs 35,000/year",9/29,https://scholarships.gov.in,1
Backward Class Merit Award 3237,State Education Board,Design,Mizoram,All,All,Buddhist,Undergraduate,Upto 3.5L,60-70,"Rs 8,000/year",9/28,https://scholarships.gov.in,1
Rural Student Scholarship 3238,Zilla Parishad,Architecture,Rajasthan,Male,EWS,Hindu,Class 10,Upto 2.5L,60-70,"Rs 6,000/year",11/31,https://scholarships.gov.in,1
District Topper Scholarship 3239,NGO Foundation,Design,Gujarat,Female,ST,Jain,Undergraduate,Upto 1L,60-70,"Rs 5,000/year",9/28,https://scholarships.gov.in,1
Sports & Academics Scholarship 3240,District Collector Office,Biotechnology,Andhra Pradesh,Male,ST,All,Class 12,Upto 2.5L,Above 75,"Rs 1,000/year",10/28,https://scholarships.gov.in,1
First Generation Learner Award 3241,State Education Board,Management,West Bengal,Male,Minority,Buddhist,Postgraduate,Upto 3.5L,Above 60,"Rs 1,000/year",9/31,https://scholarships.gov.in,1
First Generation Learner Award 3242,District Collector Office,Medical,Arunachal Pradesh,All,General,Christian,Undergraduate,Upto 1L,60-70,"Rs 18,000/year",11/29,https://scholarships.gov.in,1
Rural Student Scholarship 3243,State Education Board,Architecture,Kerala,Female,ST,Hindu,Class 10,Upto 3.5L,90-100,"Rs 20,000/year",10/31,https://scholarships.gov.in,1
District Topper Scholarship 3244,District Collector Office,Medical,Rajasthan,All,ST,Buddhist,Postgraduate,Upto 3.5L,Above 75,"Rs 3,000/year",11/29,https://scholarships.gov.in,1
Academic Excellence Grant 3245,State Education Board,Arts/Commerce,Rajasthan,All,General,Sikh,Undergraduate,No Limit,60-70,"Rs 20,000/year",12/30,https://scholarships.gov.in,1
Rural Student Scholarship 3246,NGO Foundation,Law,Telangana,All,OBC,Jain,Postgraduate,Upto 3.5L,Above 75,"Rs 3,000/year",10/31,https://scholarships.gov.in,1
Women in STEM Scholarship 3247,State Education Board,Pharmacy,Maharashtra,Male,ST,Hindu,Undergraduate,Upto 5L,80-90,"Rs 18,000/year",11/28,https://scholarships.gov.in,1
Rural Student Scholarship 3248,State Education Board,Computer Science,Telangana,All,All,Jain,Diploma,Upto 3.5L,70-80,"Rs 40,000/year",10/31,https://scholarships.gov.in,1
Rural Student Scholarship 3249,NGO Foundation,Agriculture,Arunachal Pradesh,All,SC,Christian,Class 10,Upto 2.5L,Above 75,"Rs 12,000/year",12/30,https://scholarships.gov.in,1
Rural Student Scholarship 3250,District Collector Office,Architecture,Punjab,Male,OBC,Muslim,Diploma,Upto 1L,90-100,"Rs 18,000/year",9/30,https://scholarships.gov.in,1
Single Parent Child Scholarship 3251,Trust Fund,Journalism,Tripura,Male,Minority,Muslim,Class 10,Upto 1L,90-100,"Rs 75,000/year",11/29,https://scholarships.gov.in,1
Single Parent Child Scholarship 3252,District Collector Office,Journalism,Gujarat,All,ST,Christian,Class 12,Upto 3.5L,50-60,"Rs 1,500/year",11/30,https://scholarships.gov.in,1
District Topper Scholarship 3253,State Education Board,Management,Uttar Pradesh,Female,SC,Sikh,Diploma,Upto 2.5L,Above 60,"Rs 3,000/year",9/31,https://scholarships.gov.in,1
Women in STEM Scholarship 3254,NGO Foundation,Computer Science,Sikkim,Male,Minority,Christian,Diploma,Upto 8L,Above 75,"Rs 25,000/year",11/31,https://scholarships.gov.in,1
Sports & Academics Scholarship 3255,Zilla Parishad,Biotechnology,Rajasthan,All,SC,Muslim,Undergraduate,No Limit,Above 60,"Rs 2,000/year",12/29,https://scholarships.gov.in,1
Women in STEM Scholarship 3256,Trust Fund,Education,Jammu & Kashmir,Male,General,Christian,Class 12,No Limit,Above 75,"Rs 1,000/year",11/31,https://scholarships.gov.in,1
BPL Student Aid 3257,Trust Fund,Pharmacy,Haryana,All,Minority,Jain,Class 10,Upto 1L,70-80,"Rs 5,000/year",11/29,https://scholarships.gov.in,1
Sports & Academics Scholarship 3258,Trust Fund,Management,Haryana,All,All,Jain,PhD,Upto 5L,Above 60,"Rs 6,000/year",12/29,https://scholarships.gov.in,1
Best Student Award Scholarship 3259,State Education Board,Design,Meghalaya,All,ST,All,Class 10,Upto 3.5L,80-90,"Rs 25,000/year",11/31,https://scholarships.gov.in,1
BPL Student Aid 3260,Trust Fund,Medical,Goa,Male,OBC,Jain,Diploma,No Limit,Above 75,"Rs 8,000/year",11/31,https://scholarships.gov.in,1
Best Student Award Scholarship 3261,Zilla Parishad,Arts/Commerce,Jammu & Kashmir,All,OBC,Sikh,Undergraduate,Upto 8L,60-70,"Rs 35,000/year",11/30,https://scholarships.gov.in,1
Women in STEM Scholarship 3262,Trust Fund,Education,Karnataka,Male,Minority,Muslim,Class 10,Upto 8L,Above 75,"Rs 2,500/year",12/28,https://scholarships.gov.in,1
BPL Student Aid 3263,Trust Fund,Computer Science,Sikkim,Male,EWS,Jain,Undergraduate,Upto 1L,60-70,"Rs 75,000/year",11/31,https://scholarships.gov.in,1
Women in STEM Scholarship 3264,Trust Fund,Management,Bihar,Female,ST,Christian,Diploma,Upto 8L,80-90,"Rs 15,000/year",9/28,https://scholarships.gov.in,1
BPL Student Aid 3265,Trust Fund,All,Goa,All,OBC,Sikh,PhD,Upto 1L,90-100,"Rs 30,000/year",12/30,https://scholarships.gov.in,1
Single Parent Child Scholarship 3266,NGO Foundation,Arts/Commerce,Tamil Nadu,Male,SC,Muslim,Diploma,Upto 1L,60-70,"Rs 2,000/year",10/30,https://scholarships.gov.in,1
First Generation Learner Award 3267,Trust Fund,Agriculture,Uttarakhand,Female,All,Jain,PhD,No Limit,70-80,"Rs 1,500/year",12/29,https://scholarships.gov.in,1
First Generation Learner Award 3268,Trust Fund,Arts/Commerce,Kerala,Female,SC,Buddhist,Class 10,Upto 2.5L,60-70,"Rs 1,000/year",12/31,https://scholarships.gov.in,1
Backward Class Merit Award 3269,NGO Foundation,Design,Delhi,Male,SC,All,PhD,Upto 5L,Above 60,"Rs 40,000/year",12/30,https://scholarships.gov.in,1
Backward Class Merit Award 3270,Zilla Parishad,Engineering,Odisha,Male,Minority,Jain,Postgraduate,Upto 5L,60-70,"Rs 2,500/year",12/28,https://scholarships.gov.in,1
Best Student Award Scholarship 3271,State Education Board,Science,Kerala,Female,OBC,Buddhist,Postgraduate,Upto 5L,90-100,"Rs 50,000/year",12/28,https://scholarships.gov.in,1
District Topper Scholarship 3272,Trust Fund,Science,Andhra Pradesh,Female,SC,Sikh,Postgraduate,Upto 8L,Above 75,"Rs 12,000/year",12/29,https://scholarships.gov.in,1
Sports & Academics Scholarship 3273,District Collector Office,Design,Punjab,Male,ST,Jain,Postgraduate,Upto 8L,90-100,"Rs 35,000/year",10/31,https://scholarships.gov.in,1
Best Student Award Scholarship 3274,NGO Foundation,Journalism,Maharashtra,Female,EWS,Sikh,PhD,No Limit,Above 75,"Rs 40,000/year",10/29,https://scholarships.gov.in,1
BPL Student Aid 3275,Zilla Parishad,Science,Tripura,Female,General,Christian,Class 10,Upto 2.5L,80-90,"Rs 20,000/year",12/28,https://scholarships.gov.in,1
District Topper Scholarship 3276,NGO Foundation,Agriculture,Punjab,Male,EWS,Muslim,Postgraduate,Upto 1L,80-90,"Rs 30,000/year",12/28,https://scholarships.gov.in,1
Women in STEM Scholarship 3277,Trust Fund,Science,Karnataka,All,Minority,Buddhist,Undergraduate,No Limit,70-80,"Rs 10,000/year",12/31,https://scholarships.gov.in,1
Single Parent Child Scholarship 3278,NGO Foundation,Pharmacy,Rajasthan,Male,SC,Buddhist,Class 12,Upto 5L,60-70,"Rs 6,000/year",12/30,https://scholarships.gov.in,1
Best Student Award Scholarship 3279,Trust Fund,Management,Uttar Pradesh,Female,EWS,Jain,PhD,No Limit,Above 75,"Rs 3,000/year",9/30,https://scholarships.gov.in,1
Backward Class Merit Award 3280,State Education Board,All,Bihar,Male,ST,Muslim,PhD,Upto 2.5L,50-60,"Rs 20,000/year",9/31,https://scholarships.gov.in,1
Women in STEM Scholarship 3281,Trust Fund,Engineering,Rajasthan,Female,EWS,Muslim,Postgraduate,Upto 1L,Above 60,"Rs 60,000/year",9/28,https://scholarships.gov.in,1
Women in STEM Scholarship 3282,NGO Foundation,Design,Maharashtra,All,Minority,Jain,Diploma,Upto 8L,70-80,"Rs 15,000/year",11/30,https://scholarships.gov.in,1
Women in STEM Scholarship 3283,District Collector Office,Pharmacy,Karnataka,All,SC,All,Class 12,Upto 8L,60-70,"Rs 20,000/year",10/30,https://scholarships.gov.in,1
Single Parent Child Scholarship 3284,Trust Fund,Journalism,Arunachal Pradesh,Female,OBC,Buddhist,Postgraduate,Upto 3.5L,70-80,"Rs 5,000/year",9/28,https://scholarships.gov.in,1
BPL Student Aid 3285,Trust Fund,Management,Jharkhand,Female,OBC,Christian,Postgraduate,Upto 1L,60-70,"Rs 40,000/year",9/28,https://scholarships.gov.in,1
Best Student Award Scholarship 3286,District Collector Office,Agriculture,Sikkim,All,ST,Sikh,Class 12,Upto 3.5L,80-90,"Rs 2,000/year",11/31,https://scholarships.gov.in,1
Backward Class Merit Award 3287,NGO Foundation,Science,Nagaland,Male,ST,Muslim,Class 12,Upto 5L,Above 75,"Rs 25,000/year",11/31,https://scholarships.gov.in,1
Single Parent Child Scholarship 3288,State Education Board,Design,Assam,Female,OBC,Hindu,PhD,Upto 1L,Above 75,"Rs 50,000/year",10/28,https://scholarships.gov.in,1
Academic Excellence Grant 3289,Trust Fund,Management,Odisha,Male,General,Sikh,Class 12,Upto 1L,70-80,"Rs 1,500/year",11/31,https://scholarships.gov.in,1
Women in STEM Scholarship 3290,Zilla Parishad,Pharmacy,Meghalaya,Male,ST,Sikh,Postgraduate,No Limit,Above 60,"Rs 20,000/year",12/30,https://scholarships.gov.in,1
Women in STEM Scholarship 3291,District Collector Office,Design,Kerala,Male,SC,Jain,Class 10,No Limit,Above 60,"Rs 40,000/year",10/28,https://scholarships.gov.in,1
First Generation Learner Award 3292,NGO Foundation,Biotechnology,Arunachal Pradesh,All,All,Christian,Undergraduate,Upto 5L,Above 60,"Rs 10,000/year",10/29,https://scholarships.gov.in,1
Women in STEM Scholarship 3293,District Collector Office,Medical,Telangana,Female,ST,Sikh,Diploma,Upto 8L,Above 60,"Rs 8,000/year",11/30,https://scholarships.gov.in,1
Single Parent Child Scholarship 3294,NGO Foundation,Architecture,Chhattisgarh,Male,Minority,All,Undergraduate,Upto 1L,50-60,"Rs 40,000/year",11/28,https://scholarships.gov.in,1
Women in STEM Scholarship 3295,Zilla Parishad,Pharmacy,Delhi,Male,EWS,Jain,Undergraduate,Upto 2.5L,Above 60,"Rs 25,000/year",12/29,https://scholarships.gov.in,1
Sports & Academics Scholarship 3296,NGO Foundation,Biotechnology,Assam,All,General,All,Undergraduate,Upto 5L,Above 60,"Rs 2,500/year",12/29,https://scholarships.gov.in,1
Sports & Academics Scholarship 3297,State Education Board,Medical,Himachal Pradesh,Female,EWS,Christian,PhD,Upto 1L,80-90,"Rs 6,000/year",11/31,https://scholarships.gov.in,1
Academic Excellence Grant 3298,Zilla Parishad,Architecture,Madhya Pradesh,Female,All,Sikh,PhD,Upto 1L,50-60,"Rs 35,000/year",11/29,https://scholarships.gov.in,1
Academic Excellence Grant 3299,District Collector Office,Biotechnology,Delhi,All,ST,Muslim,Undergraduate,No Limit,90-100,"Rs 50,000/year",11/31,https://scholarships.gov.in,1
Academic Excellence Grant 3300,NGO Foundation,Computer Science,Himachal Pradesh,All,EWS,Hindu,Class 12,Upto 1L,80-90,"Rs 15,000/year",9/30,https://scholarships.gov.in,1
Backward Class Merit Award 3301,District Collector Office,Arts/Commerce,Karnataka,Male,ST,Hindu,PhD,Upto 2.5L,70-80,"Rs 18,000/year",10/30,https://scholarships.gov.in,1
Sports & Academics Scholarship 3302,Trust Fund,Design,Arunachal Pradesh,Female,OBC,Muslim,Postgraduate,Upto 1L,80-90,"Rs 35,000/year",10/29,https://scholarships.gov.in,1
Women in STEM Scholarship 3303,Zilla Parishad,Agriculture,Meghalaya,All,OBC,Christian,PhD,No Limit,70-80,"Rs 18,000/year",12/30,https://scholarships.gov.in,1
Best Student Award Scholarship 3304,Trust Fund,Agriculture,Maharashtra,Male,EWS,Christian,Undergraduate,Upto 1L,50-60,"Rs 1,500/year",9/31,https://scholarships.gov.in,1
First Generation Learner Award 3305,Trust Fund,Science,Delhi,Male,Minority,Muslim,Undergraduate,No Limit,50-60,"Rs 2,000/year",12/31,https://scholarships.gov.in,1
Sports & Academics Scholarship 3306,Trust Fund,Biotechnology,Karnataka,Female,Minority,Christian,PhD,No Limit,Above 60,"Rs 75,000/year",12/29,https://scholarships.gov.in,1
Women in STEM Scholarship 3307,State Education Board,Computer Science,Arunachal Pradesh,Male,All,All,Class 12,Upto 5L,80-90,"Rs 8,000/year",12/28,https://scholarships.gov.in,1
Rural Student Scholarship 3308,Zilla Parishad,Pharmacy,Himachal Pradesh,All,Minority,All,Class 12,No Limit,80-90,"Rs 1,000/year",11/31,https://scholarships.gov.in,1
Best Student Award Scholarship 3309,NGO Foundation,Arts/Commerce,Manipur,Female,SC,Muslim,PhD,Upto 3.5L,60-70,"Rs 5,000/year",11/31,https://scholarships.gov.in,1
BPL Student Aid 3310,NGO Foundation,Science,Telangana,Male,Minority,Buddhist,Postgraduate,Upto 2.5L,Above 75,"Rs 40,000/year",9/28,https://scholarships.gov.in,1
Backward Class Merit Award 3311,NGO Foundation,Agriculture,Assam,All,SC,Christian,Class 12,Upto 2.5L,Above 60,"Rs 18,000/year",10/28,https://scholarships.gov.in,1
BPL Student Aid 3312,Zilla Parishad,Design,Andhra Pradesh,All,EWS,Muslim,Class 12,Upto 5L,50-60,"Rs 6,000/year",10/29,https://scholarships.gov.in,1
BPL Student Aid 3313,Trust Fund,Engineering,Karnataka,Male,SC,Muslim,Class 12,Upto 1L,Above 60,"Rs 18,000/year",11/31,https://scholarships.gov.in,1
Backward Class Merit Award 3314,Trust Fund,Design,Uttar Pradesh,All,OBC,Christian,Class 12,Upto 2.5L,80-90,"Rs 25,000/year",12/29,https://scholarships.gov.in,1
Women in STEM Scholarship 3315,State Education Board,Arts/Commerce,Gujarat,Female,EWS,Jain,PhD,Upto 3.5L,90-100,"Rs 15,000/year",10/31,https://scholarships.gov.in,1
Academic Excellence Grant 3316,Zilla Parishad,Architecture,Sikkim,Male,OBC,Buddhist,Class 10,No Limit,60-70,"Rs 5,000/year",9/31,https://scholarships.gov.in,1
District Topper Scholarship 3317,State Education Board,Arts/Commerce,West Bengal,Male,All,Christian,Diploma,No Limit,Above 60,"Rs 75,000/year",11/30,https://scholarships.gov.in,1
First Generation Learner Award 3318,State Education Board,Design,Arunachal Pradesh,Female,ST,Muslim,Diploma,No Limit,Above 75,"Rs 30,000/year",12/28,https://scholarships.gov.in,1
Sports & Academics Scholarship 3319,NGO Foundation,Computer Science,Bihar,Male,All,Jain,PhD,Upto 3.5L,Above 60,"Rs 15,000/year",9/29,https://scholarships.gov.in,1
Sports & Academics Scholarship 3320,State Education Board,Architecture,Manipur,All,SC,All,PhD,Upto 8L,80-90,"Rs 20,000/year",11/30,https://scholarships.gov.in,1
Women in STEM Scholarship 3321,Trust Fund,Education,Himachal Pradesh,Female,EWS,Hindu,Class 12,Upto 3.5L,80-90,"Rs 8,000/year",9/30,https://scholarships.gov.in,1
Best Student Award Scholarship 3322,Zilla Parishad,Medical,Sikkim,Female,Minority,Buddhist,Postgraduate,No Limit,Above 75,"Rs 3,000/year",11/29,https://scholarships.gov.in,1
Rural Student Scholarship 3323,NGO Foundation,Biotechnology,Tamil Nadu,Female,Minority,Muslim,Diploma,Upto 1L,90-100,"Rs 40,000/year",11/30,https://scholarships.gov.in,1
First Generation Learner Award 3324,State Education Board,Agriculture,Jharkhand,All,EWS,Hindu,Class 10,Upto 1L,60-70,"Rs 75,000/year",11/28,https://scholarships.gov.in,1
First Generation Learner Award 3325,Zilla Parishad,Law,Mizoram,Male,EWS,Buddhist,Diploma,No Limit,Above 75,"Rs 18,000/year",12/29,https://scholarships.gov.in,1
District Topper Scholarship 3326,Zilla Parishad,Biotechnology,West Bengal,Male,Minority,Jain,Undergraduate,Upto 2.5L,Above 60,"Rs 1,000/year",12/30,https://scholarships.gov.in,1
Academic Excellence Grant 3327,NGO Foundation,Management,Karnataka,Female,General,All,Postgraduate,Upto 2.5L,70-80,"Rs 1,500/year",10/29,https://scholarships.gov.in,1
District Topper Scholarship 3328,Trust Fund,Agriculture,Karnataka,Female,EWS,All,Postgraduate,Upto 8L,Above 60,"Rs 1,000/year",12/31,https://scholarships.gov.in,1
Backward Class Merit Award 3329,State Education Board,Pharmacy,Tripura,All,Minority,All,Postgraduate,Upto 2.5L,50-60,"Rs 1,000/year",10/31,https://scholarships.gov.in,1
Single Parent Child Scholarship 3330,NGO Foundation,Arts/Commerce,Haryana,Male,OBC,Christian,Diploma,Upto 3.5L,60-70,"Rs 1,000/year",11/29,https://scholarships.gov.in,1
Rural Student Scholarship 3331,Zilla Parishad,Education,Manipur,Male,EWS,Buddhist,PhD,Upto 3.5L,60-70,"Rs 5,000/year",12/30,https://scholarships.gov.in,1
Best Student Award Scholarship 3332,Trust Fund,Law,Madhya Pradesh,All,ST,Muslim,PhD,No Limit,Above 60,"Rs 75,000/year",10/31,https://scholarships.gov.in,1
BPL Student Aid 3333,District Collector Office,Biotechnology,Gujarat,Male,Minority,Buddhist,Class 12,Upto 2.5L,60-70,"Rs 5,000/year",10/30,https://scholarships.gov.in,1
Women in STEM Scholarship 3334,Zilla Parishad,All,Gujarat,Female,OBC,Muslim,PhD,No Limit,70-80,"Rs 2,500/year",12/31,https://scholarships.gov.in,1
Rural Student Scholarship 3335,State Education Board,Journalism,Tripura,Female,Minority,All,Diploma,Upto 1L,Above 60,"Rs 60,000/year",12/30,https://scholarships.gov.in,1
Women in STEM Scholarship 3336,Trust Fund,Pharmacy,Tripura,Female,All,Sikh,Class 10,Upto 2.5L,Above 60,"Rs 12,000/year",9/28,https://scholarships.gov.in,1
Backward Class Merit Award 3337,State Education Board,Journalism,Delhi,Female,General,Sikh,Class 12,Upto 3.5L,Above 75,"Rs 1,000/year",10/29,https://scholarships.gov.in,1
Academic Excellence Grant 3338,District Collector Office,Arts/Commerce,Maharashtra,Male,OBC,Jain,Class 12,Upto 1L,80-90,"Rs 1,000/year",12/28,https://scholarships.gov.in,1
Backward Class Merit Award 3339,Trust Fund,All,West Bengal,All,Minority,Hindu,Class 12,Upto 5L,Above 60,"Rs 20,000/year",10/31,https://scholarships.gov.in,1
Academic Excellence Grant 3340,District Collector Office,Management,Goa,Female,EWS,Hindu,Class 12,Upto 1L,50-60,"Rs 12,000/year",11/28,https://scholarships.gov.in,1
Academic Excellence Grant 3341,Zilla Parishad,Pharmacy,Bihar,Female,EWS,Sikh,Class 10,Upto 5L,80-90,"Rs 15,000/year",11/30,https://scholarships.gov.in,1
BPL Student Aid 3342,Trust Fund,Architecture,Uttar Pradesh,Male,SC,Muslim,PhD,Upto 2.5L,60-70,"Rs 6,000/year",12/28,https://scholarships.gov.in,1
Academic Excellence Grant 3343,Trust Fund,Education,Gujarat,All,Minority,Sikh,Diploma,Upto 1L,90-100,"Rs 30,000/year",11/31,https://scholarships.gov.in,1
Rural Student Scholarship 3344,State Education Board,Computer Science,Karnataka,Male,EWS,Christian,PhD,Upto 2.5L,80-90,"Rs 30,000/year",11/29,https://scholarships.gov.in,1
Best Student Award Scholarship 3345,Zilla Parishad,Computer Science,Odisha,Female,OBC,Christian,PhD,No Limit,50-60,"Rs 12,000/year",10/31,https://scholarships.gov.in,1
Academic Excellence Grant 3346,State Education Board,Architecture,Gujarat,Female,OBC,Sikh,Class 10,Upto 2.5L,50-60,"Rs 5,000/year",11/30,https://scholarships.gov.in,1
BPL Student Aid 3347,NGO Foundation,Arts/Commerce,Chhattisgarh,Female,ST,Hindu,Class 10,Upto 8L,Above 75,"Rs 25,000/year",11/30,https://scholarships.gov.in,1
Sports & Academics Scholarship 3348,NGO Foundation,Biotechnology,Meghalaya,Female,Minority,Sikh,Postgraduate,No Limit,90-100,"Rs 20,000/year",12/30,https://scholarships.gov.in,1
Single Parent Child Scholarship 3349,NGO Foundation,Arts/Commerce,Meghalaya,All,OBC,Sikh,PhD,Upto 2.5L,Above 75,"Rs 20,000/year",10/29,https://scholarships.gov.in,1
First Generation Learner Award 3350,Zilla Parishad,Arts/Commerce,Jharkhand,All,SC,Christian,Diploma,No Limit,60-70,"Rs 1,000/year",12/29,https://scholarships.gov.in,1
Backward Class Merit Award 3351,Zilla Parishad,Medical,Goa,Female,OBC,Sikh,Class 12,Upto 1L,50-60,"Rs 8,000/year",11/29,https://scholarships.gov.in,1
Rural Student Scholarship 3352,State Education Board,Agriculture,Uttarakhand,Female,ST,Muslim,Class 10,Upto 8L,80-90,"Rs 8,000/year",10/29,https://scholarships.gov.in,1
Best Student Award Scholarship 3353,State Education Board,Biotechnology,Punjab,Male,Minority,Sikh,Postgraduate,Upto 8L,50-60,"Rs 30,000/year",9/31,https://scholarships.gov.in,1
BPL Student Aid 3354,Zilla Parishad,Science,Assam,All,SC,Hindu,PhD,Upto 1L,Above 60,"Rs 3,000/year",9/29,https://scholarships.gov.in,1
Single Parent Child Scholarship 3355,District Collector Office,Biotechnology,Maharashtra,Male,ST,Muslim,Postgraduate,Upto 8L,70-80,"Rs 8,000/year",11/29,https://scholarships.gov.in,1
Single Parent Child Scholarship 3356,District Collector Office,Pharmacy,Bihar,All,EWS,Sikh,PhD,Upto 8L,50-60,"Rs 5,000/year",9/31,https://scholarships.gov.in,1
Women in STEM Scholarship 3357,Trust Fund,Design,Jharkhand,Male,Minority,Muslim,PhD,No Limit,90-100,"Rs 50,000/year",12/29,https://scholarships.gov.in,1
Best Student Award Scholarship 3358,Zilla Parishad,Law,Meghalaya,Male,All,Muslim,Undergraduate,Upto 3.5L,70-80,"Rs 6,000/year",10/31,https://scholarships.gov.in,1
District Topper Scholarship 3359,District Collector Office,Engineering,Tripura,Female,General,Muslim,PhD,Upto 2.5L,Above 60,"Rs 3,000/year",9/31,https://scholarships.gov.in,1
Single Parent Child Scholarship 3360,Zilla Parishad,Computer Science,Haryana,Female,All,Hindu,PhD,Upto 1L,60-70,"Rs 1,500/year",12/29,https://scholarships.gov.in,1
Sports & Academics Scholarship 3361,Zilla Parishad,Education,Mizoram,Male,OBC,Hindu,Undergraduate,No Limit,Above 75,"Rs 30,000/year",9/30,https://scholarships.gov.in,1
Women in STEM Scholarship 3362,District Collector Office,Biotechnology,Karnataka,Female,SC,Muslim,Class 10,Upto 2.5L,Above 60,"Rs 5,000/year",12/31,https://scholarships.gov.in,1
District Topper Scholarship 3363,NGO Foundation,Education,Delhi,All,EWS,Muslim,PhD,Upto 3.5L,Above 75,"Rs 20,000/year",9/31,https://scholarships.gov.in,1
Sports & Academics Scholarship 3364,Trust Fund,Management,Telangana,All,General,Buddhist,Class 10,Upto 5L,50-60,"Rs 5,000/year",11/28,https://scholarships.gov.in,1
First Generation Learner Award 3365,Zilla Parishad,Science,Jammu & Kashmir,All,Minority,All,Postgraduate,Upto 3.5L,90-100,"Rs 8,000/year",10/28,https://scholarships.gov.in,1
Single Parent Child Scholarship 3366,NGO Foundation,Law,Uttarakhand,All,ST,Muslim,Postgraduate,Upto 8L,90-100,"Rs 6,000/year",9/28,https://scholarships.gov.in,1
District Topper Scholarship 3367,State Education Board,Computer Science,Sikkim,All,All,Hindu,Class 10,Upto 5L,60-70,"Rs 50,000/year",10/29,https://scholarships.gov.in,1
Single Parent Child Scholarship 3368,State Education Board,All,Arunachal Pradesh,All,All,Christian,Diploma,Upto 1L,90-100,"Rs 50,000/year",9/31,https://scholarships.gov.in,1
First Generation Learner Award 3369,Zilla Parishad,All,Jharkhand,All,Minority,Muslim,Postgraduate,Upto 1L,90-100,"Rs 35,000/year",11/28,https://scholarships.gov.in,1
District Topper Scholarship 3370,District Collector Office,Biotechnology,Karnataka,Male,EWS,Sikh,Diploma,Upto 3.5L,70-80,"Rs 2,000/year",10/29,https://scholarships.gov.in,1
Sports & Academics Scholarship 3371,District Collector Office,Design,Chhattisgarh,Male,OBC,Sikh,Undergraduate,Upto 8L,90-100,"Rs 75,000/year",11/29,https://scholarships.gov.in,1
First Generation Learner Award 3372,Trust Fund,All,Manipur,Female,EWS,Muslim,Postgraduate,Upto 5L,80-90,"Rs 1,500/year",11/28,https://scholarships.gov.in,1
Backward Class Merit Award 3373,Trust Fund,Engineering,Chhattisgarh,Male,General,Buddhist,Diploma,Upto 8L,90-100,"Rs 3,000/year",9/28,https://scholarships.gov.in,1
First Generation Learner Award 3374,Zilla Parishad,Education,Tripura,Female,EWS,Christian,Diploma,Upto 2.5L,Above 75,"Rs 50,000/year",9/28,https://scholarships.gov.in,1
BPL Student Aid 3375,Zilla Parishad,Science,Tripura,All,Minority,All,Class 12,No Limit,Above 60,"Rs 15,000/year",9/29,https://scholarships.gov.in,1
Backward Class Merit Award 3376,State Education Board,Education,Kerala,Male,All,Sikh,Class 12,Upto 2.5L,80-90,"Rs 18,000/year",9/31,https://scholarships.gov.in,1
Women in STEM Scholarship 3377,Zilla Parishad,Management,Mizoram,Female,Minority,Buddhist,PhD,Upto 1L,50-60,"Rs 2,500/year",10/29,https://scholarships.gov.in,1
BPL Student Aid 3378,NGO Foundation,Pharmacy,Tripura,Male,Minority,Christian,PhD,No Limit,Above 60,"Rs 60,000/year",9/30,https://scholarships.gov.in,1
Sports & Academics Scholarship 3379,Zilla Parishad,Pharmacy,Nagaland,Male,ST,Hindu,Class 10,Upto 8L,90-100,"Rs 12,000/year",11/30,https://scholarships.gov.in,1
Rural Student Scholarship 3380,Trust Fund,Computer Science,Telangana,All,EWS,Sikh,Diploma,Upto 3.5L,90-100,"Rs 1,000/year",11/30,https://scholarships.gov.in,1
Academic Excellence Grant 3381,Zilla Parishad,Law,Jharkhand,All,OBC,All,Diploma,No Limit,90-100,"Rs 60,000/year",10/31,https://scholarships.gov.in,1
Academic Excellence Grant 3382,State Education Board,Arts/Commerce,Nagaland,Female,Minority,Sikh,Class 10,Upto 2.5L,70-80,"Rs 15,000/year",10/29,https://scholarships.gov.in,1
Women in STEM Scholarship 3383,NGO Foundation,Biotechnology,Kerala,Female,All,Muslim,PhD,Upto 8L,80-90,"Rs 10,000/year",12/30,https://scholarships.gov.in,1
Backward Class Merit Award 3384,State Education Board,Engineering,Goa,Female,All,Sikh,Diploma,Upto 5L,Above 75,"Rs 60,000/year",9/28,https://scholarships.gov.in,1
District Topper Scholarship 3385,Trust Fund,Arts/Commerce,Himachal Pradesh,Female,OBC,Christian,Undergraduate,Upto 5L,50-60,"Rs 20,000/year",9/31,https://scholarships.gov.in,1
First Generation Learner Award 3386,State Education Board,Law,Sikkim,Male,Minority,Jain,Postgraduate,Upto 3.5L,90-100,"Rs 25,000/year",9/30,https://scholarships.gov.in,1
District Topper Scholarship 3387,District Collector Office,Arts/Commerce,West Bengal,All,ST,Muslim,Diploma,Upto 5L,90-100,"Rs 50,000/year",10/29,https://scholarships.gov.in,1
Backward Class Merit Award 3388,Zilla Parishad,Computer Science,Tripura,Female,OBC,Christian,Class 10,No Limit,50-60,"Rs 15,000/year",12/28,https://scholarships.gov.in,1
First Generation Learner Award 3389,District Collector Office,Management,Delhi,All,General,Buddhist,Postgraduate,Upto 5L,Above 60,"Rs 20,000/year",9/30,https://scholarships.gov.in,1
Women in STEM Scholarship 3390,Zilla Parishad,Agriculture,Madhya Pradesh,All,All,Sikh,Diploma,Upto 2.5L,70-80,"Rs 8,000/year",11/31,https://scholarships.gov.in,1
First Generation Learner Award 3391,Trust Fund,Management,Sikkim,Female,SC,Christian,PhD,Upto 5L,80-90,"Rs 3,000/year",10/28,https://scholarships.gov.in,1
BPL Student Aid 3392,NGO Foundation,Architecture,Bihar,Female,General,Christian,PhD,Upto 5L,Above 60,"Rs 8,000/year",10/31,https://scholarships.gov.in,1
Women in STEM Scholarship 3393,NGO Foundation,Arts/Commerce,Assam,Male,All,Sikh,Diploma,Upto 8L,90-100,"Rs 3,000/year",10/31,https://scholarships.gov.in,1
Sports & Academics Scholarship 3394,NGO Foundation,Pharmacy,Karnataka,Female,General,All,PhD,No Limit,70-80,"Rs 3,000/year",9/31,https://scholarships.gov.in,1
Women in STEM Scholarship 3395,District Collector Office,Journalism,Andhra Pradesh,Female,SC,All,Diploma,Upto 8L,50-60,"Rs 8,000/year",10/29,https://scholarships.gov.in,1
Backward Class Merit Award 3396,District Collector Office,Biotechnology,Gujarat,All,General,Muslim,Class 12,Upto 2.5L,80-90,"Rs 6,000/year",9/30,https://scholarships.gov.in,1
First Generation Learner Award 3397,NGO Foundation,Science,Manipur,All,Minority,Jain,Class 10,Upto 3.5L,Above 60,"Rs 8,000/year",10/31,https://scholarships.gov.in,1
Single Parent Child Scholarship 3398,NGO Foundation,Architecture,Maharashtra,Male,General,Jain,Class 10,Upto 3.5L,50-60,"Rs 30,000/year",9/29,https://scholarships.gov.in,1
Best Student Award Scholarship 3399,State Education Board,Architecture,Andhra Pradesh,All,Minority,Christian,Postgraduate,No Limit,50-60,"Rs 18,000/year",10/29,https://scholarships.gov.in,1
Rural Student Scholarship 3400,NGO Foundation,Agriculture,Jharkhand,Male,SC,All,PhD,Upto 3.5L,50-60,"Rs 1,500/year",12/29,https://scholarships.gov.in,1
Rural Student Scholarship 3401,District Collector Office,Journalism,Arunachal Pradesh,All,All,Hindu,Undergraduate,No Limit,80-90,"Rs 10,000/year",9/28,https://scholarships.gov.in,1
Single Parent Child Scholarship 3402,District Collector Office,Science,West Bengal,All,OBC,Muslim,Undergraduate,Upto 3.5L,50-60,"Rs 10,000/year",9/30,https://scholarships.gov.in,1
Academic Excellence Grant 3403,Zilla Parishad,All,Goa,All,Minority,Muslim,Class 10,Upto 3.5L,Above 75,"Rs 1,000/year",12/31,https://scholarships.gov.in,1
Backward Class Merit Award 3404,Zilla Parishad,Law,Arunachal Pradesh,All,Minority,Hindu,Class 12,Upto 3.5L,Above 75,"Rs 12,000/year",12/28,https://scholarships.gov.in,1
Single Parent Child Scholarship 3405,Trust Fund,Design,Odisha,Female,OBC,Jain,Class 12,Upto 5L,60-70,"Rs 5,000/year",11/29,https://scholarships.gov.in,1
Academic Excellence Grant 3406,Trust Fund,Biotechnology,Sikkim,All,SC,Hindu,Diploma,Upto 2.5L,90-100,"Rs 6,000/year",12/28,https://scholarships.gov.in,1
Best Student Award Scholarship 3407,Trust Fund,Computer Science,Himachal Pradesh,Male,ST,Muslim,Diploma,Upto 8L,90-100,"Rs 8,000/year",9/28,https://scholarships.gov.in,1
First Generation Learner Award 3408,Trust Fund,Engineering,Punjab,All,OBC,Buddhist,Undergraduate,Upto 1L,Above 60,"Rs 75,000/year",12/29,https://scholarships.gov.in,1
Sports & Academics Scholarship 3409,NGO Foundation,Architecture,Rajasthan,All,ST,Muslim,PhD,No Limit,80-90,"Rs 8,000/year",9/29,https://scholarships.gov.in,1
Academic Excellence Grant 3410,Zilla Parishad,Pharmacy,Uttarakhand,All,ST,Sikh,PhD,Upto 1L,50-60,"Rs 10,000/year",10/30,https://scholarships.gov.in,1
First Generation Learner Award 3411,District Collector Office,Biotechnology,Sikkim,Male,OBC,Sikh,Class 10,Upto 8L,60-70,"Rs 5,000/year",10/31,https://scholarships.gov.in,1
Backward Class Merit Award 3412,District Collector Office,Engineering,Mizoram,Male,All,Buddhist,Undergraduate,Upto 2.5L,60-70,"Rs 10,000/year",9/31,https://scholarships.gov.in,1
Women in STEM Scholarship 3413,State Education Board,Management,Sikkim,All,Minority,Christian,Class 12,Upto 8L,70-80,"Rs 2,500/year",11/30,https://scholarships.gov.in,1
Single Parent Child Scholarship 3414,NGO Foundation,Design,Assam,Female,Minority,Buddhist,PhD,Upto 1L,60-70,"Rs 25,000/year",10/28,https://scholarships.gov.in,1
First Generation Learner Award 3415,Trust Fund,Journalism,Karnataka,Female,General,Jain,PhD,Upto 8L,50-60,"Rs 60,000/year",12/30,https://scholarships.gov.in,1
BPL Student Aid 3416,Trust Fund,Architecture,Andhra Pradesh,Female,OBC,Jain,PhD,No Limit,Above 75,"Rs 60,000/year",10/31,https://scholarships.gov.in,1
Women in STEM Scholarship 3417,Trust Fund,Journalism,Himachal Pradesh,Female,Minority,Sikh,Postgraduate,Upto 3.5L,Above 60,"Rs 8,000/year",12/29,https://scholarships.gov.in,1
Best Student Award Scholarship 3418,District Collector Office,Agriculture,Mizoram,Male,General,All,Undergraduate,Upto 8L,50-60,"Rs 2,500/year",10/30,https://scholarships.gov.in,1
Best Student Award Scholarship 3419,Trust Fund,Computer Science,Arunachal Pradesh,All,ST,Sikh,PhD,Upto 2.5L,Above 75,"Rs 6,000/year",11/28,https://scholarships.gov.in,1
Backward Class Merit Award 3420,NGO Foundation,Agriculture,Haryana,Male,Minority,Hindu,Undergraduate,Upto 1L,Above 75,"Rs 2,500/year",9/29,https://scholarships.gov.in,1
Single Parent Child Scholarship 3421,State Education Board,Law,Manipur,Female,SC,Hindu,Undergraduate,Upto 5L,70-80,"Rs 2,000/year",10/28,https://scholarships.gov.in,1
Sports & Academics Scholarship 3422,State Education Board,Law,Uttar Pradesh,Male,EWS,Sikh,PhD,Upto 5L,60-70,"Rs 2,500/year",12/31,https://scholarships.gov.in,1
Rural Student Scholarship 3423,State Education Board,Design,Bihar,Female,General,Christian,Postgraduate,Upto 5L,90-100,"Rs 30,000/year",9/28,https://scholarships.gov.in,1
BPL Student Aid 3424,Trust Fund,Architecture,Uttar Pradesh,All,SC,Hindu,Undergraduate,Upto 2.5L,90-100,"Rs 25,000/year",10/29,https://scholarships.gov.in,1
Backward Class Merit Award 3425,Zilla Parishad,Pharmacy,Gujarat,Female,ST,Sikh,Class 10,Upto 1L,70-80,"Rs 5,000/year",11/29,https://scholarships.gov.in,1
First Generation Learner Award 3426,Trust Fund,Law,Odisha,All,EWS,Muslim,Postgraduate,Upto 8L,Above 75,"Rs 5,000/year",9/29,https://scholarships.gov.in,1
BPL Student Aid 3427,Zilla Parishad,Architecture,Tripura,All,OBC,Jain,Undergraduate,Upto 5L,90-100,"Rs 1,000/year",9/31,https://scholarships.gov.in,1
BPL Student Aid 3428,Zilla Parishad,Science,Odisha,Male,SC,Hindu,Class 12,Upto 2.5L,80-90,"Rs 40,000/year",12/31,https://scholarships.gov.in,1
BPL Student Aid 3429,District Collector Office,Engineering,West Bengal,Male,ST,Sikh,Class 12,Upto 2.5L,50-60,"Rs 35,000/year",10/30,https://scholarships.gov.in,1
Best Student Award Scholarship 3430,District Collector Office,Design,Chhattisgarh,Male,ST,Buddhist,Class 12,Upto 1L,Above 60,"Rs 6,000/year",9/30,https://scholarships.gov.in,1
Best Student Award Scholarship 3431,District Collector Office,Computer Science,Sikkim,All,All,Buddhist,Diploma,Upto 1L,Above 60,"Rs 3,000/year",11/31,https://scholarships.gov.in,1
Academic Excellence Grant 3432,NGO Foundation,Arts/Commerce,Andhra Pradesh,All,OBC,Christian,Diploma,No Limit,90-100,"Rs 60,000/year",12/28,https://scholarships.gov.in,1
BPL Student Aid 3433,District Collector Office,Science,Arunachal Pradesh,Male,All,Hindu,Class 12,Upto 8L,Above 60,"Rs 50,000/year",11/30,https://scholarships.gov.in,1
Women in STEM Scholarship 3434,State Education Board,Medical,Uttar Pradesh,Male,Minority,Hindu,Class 10,Upto 8L,80-90,"Rs 2,500/year",12/28,https://scholarships.gov.in,1
BPL Student Aid 3435,Zilla Parishad,Journalism,Meghalaya,Male,All,Buddhist,Diploma,Upto 1L,80-90,"Rs 18,000/year",12/30,https://scholarships.gov.in,1
Rural Student Scholarship 3436,Zilla Parishad,Architecture,Odisha,All,OBC,Christian,Class 12,No Limit,60-70,"Rs 20,000/year",9/31,https://scholarships.gov.in,1
Sports & Academics Scholarship 3437,NGO Foundation,Arts/Commerce,Punjab,All,ST,Sikh,Postgraduate,Upto 3.5L,50-60,"Rs 5,000/year",12/30,https://scholarships.gov.in,1
Rural Student Scholarship 3438,Zilla Parishad,Education,Gujarat,Male,Minority,Christian,Class 10,Upto 8L,80-90,"Rs 10,000/year",11/29,https://scholarships.gov.in,1
BPL Student Aid 3439,NGO Foundation,Engineering,Haryana,Male,SC,Sikh,Class 12,Upto 3.5L,50-60,"Rs 2,500/year",12/30,https://scholarships.gov.in,1
Sports & Academics Scholarship 3440,Trust Fund,Medical,Haryana,Female,General,Jain,Class 12,Upto 8L,70-80,"Rs 75,000/year",10/29,https://scholarships.gov.in,1
Single Parent Child Scholarship 3441,NGO Foundation,Design,Meghalaya,Male,ST,Sikh,PhD,No Limit,Above 75,"Rs 20,000/year",9/31,https://scholarships.gov.in,1
Sports & Academics Scholarship 3442,NGO Foundation,Biotechnology,Karnataka,Male,All,Sikh,Class 10,Upto 3.5L,Above 60,"Rs 15,000/year",10/28,https://scholarships.gov.in,1
Sports & Academics Scholarship 3443,Trust Fund,Computer Science,Jammu & Kashmir,Male,All,Buddhist,Diploma,Upto 5L,70-80,"Rs 10,000/year",11/28,https://scholarships.gov.in,1
Single Parent Child Scholarship 3444,State Education Board,Medical,Punjab,Female,Minority,Muslim,Class 12,Upto 2.5L,80-90,"Rs 2,500/year",11/28,https://scholarships.gov.in,1
Single Parent Child Scholarship 3445,Zilla Parishad,Management,Maharashtra,Female,All,Sikh,Undergraduate,Upto 3.5L,60-70,"Rs 15,000/year",9/30,https://scholarships.gov.in,1
Sports & Academics Scholarship 3446,State Education Board,Management,Arunachal Pradesh,Female,All,Muslim,PhD,Upto 8L,80-90,"Rs 12,000/year",12/29,https://scholarships.gov.in,1
BPL Student Aid 3447,District Collector Office,Engineering,Delhi,Male,OBC,Jain,PhD,Upto 5L,90-100,"Rs 6,000/year",9/30,https://scholarships.gov.in,1
Sports & Academics Scholarship 3448,District Collector Office,Biotechnology,Delhi,All,EWS,Hindu,PhD,No Limit,70-80,"Rs 75,000/year",12/30,https://scholarships.gov.in,1
Backward Class Merit Award 3449,Zilla Parishad,Engineering,Sikkim,Male,Minority,Christian,Class 10,No Limit,Above 60,"Rs 35,000/year",10/30,https://scholarships.gov.in,1
Sports & Academics Scholarship 3450,NGO Foundation,Architecture,Madhya Pradesh,Female,Minority,Buddhist,Class 12,Upto 2.5L,80-90,"Rs 8,000/year",12/28,https://scholarships.gov.in,1
First Generation Learner Award 3451,Trust Fund,Biotechnology,West Bengal,Male,OBC,All,Postgraduate,Upto 8L,90-100,"Rs 60,000/year",10/29,https://scholarships.gov.in,1
BPL Student Aid 3452,NGO Foundation,Pharmacy,Jharkhand,Male,EWS,All,Class 12,Upto 2.5L,90-100,"Rs 1,000/year",9/30,https://scholarships.gov.in,1
Backward Class Merit Award 3453,State Education Board,Management,Madhya Pradesh,Male,ST,Hindu,Diploma,No Limit,Above 60,"Rs 30,000/year",11/31,https://scholarships.gov.in,1
Best Student Award Scholarship 3454,Trust Fund,Science,Goa,Female,EWS,All,Undergraduate,No Limit,70-80,"Rs 8,000/year",10/29,https://scholarships.gov.in,1
District Topper Scholarship 3455,District Collector Office,Journalism,Karnataka,All,ST,Jain,Undergraduate,Upto 5L,60-70,"Rs 2,000/year",9/31,https://scholarships.gov.in,1
Best Student Award Scholarship 3456,Zilla Parishad,Arts/Commerce,Assam,All,General,Hindu,Class 12,Upto 3.5L,80-90,"Rs 10,000/year",12/29,https://scholarships.gov.in,1
Sports & Academics Scholarship 3457,NGO Foundation,Law,Nagaland,Male,OBC,Hindu,Class 10,Upto 1L,90-100,"Rs 2,000/year",10/30,https://scholarships.gov.in,1
Single Parent Child Scholarship 3458,Trust Fund,Science,Uttarakhand,Male,All,Hindu,Undergraduate,Upto 3.5L,70-80,"Rs 8,000/year",10/28,https://scholarships.gov.in,1
Rural Student Scholarship 3459,District Collector Office,Education,Mizoram,Female,SC,Hindu,Class 10,Upto 2.5L,50-60,"Rs 1,500/year",12/31,https://scholarships.gov.in,1
Best Student Award Scholarship 3460,District Collector Office,Arts/Commerce,Madhya Pradesh,All,All,Sikh,Class 12,Upto 5L,60-70,"Rs 18,000/year",12/30,https://scholarships.gov.in,1
Sports & Academics Scholarship 3461,District Collector Office,Science,Arunachal Pradesh,Female,SC,Jain,Postgraduate,Upto 2.5L,80-90,"Rs 75,000/year",12/31,https://scholarships.gov.in,1
First Generation Learner Award 3462,Trust Fund,Agriculture,Nagaland,Male,EWS,All,Class 10,Upto 3.5L,80-90,"Rs 60,000/year",9/29,https://scholarships.gov.in,1
Best Student Award Scholarship 3463,Zilla Parishad,Journalism,Rajasthan,All,Minority,Buddhist,Postgraduate,Upto 3.5L,90-100,"Rs 15,000/year",10/29,https://scholarships.gov.in,1
Backward Class Merit Award 3464,Trust Fund,Journalism,Tripura,Male,All,Muslim,PhD,Upto 1L,70-80,"Rs 20,000/year",11/28,https://scholarships.gov.in,1
Backward Class Merit Award 3465,NGO Foundation,Pharmacy,Goa,All,Minority,Christian,Undergraduate,Upto 2.5L,50-60,"Rs 50,000/year",9/28,https://scholarships.gov.in,1
Single Parent Child Scholarship 3466,State Education Board,Agriculture,Sikkim,All,EWS,All,PhD,Upto 1L,50-60,"Rs 12,000/year",11/30,https://scholarships.gov.in,1
Women in STEM Scholarship 3467,Zilla Parishad,All,West Bengal,All,ST,All,PhD,Upto 3.5L,80-90,"Rs 18,000/year",10/29,https://scholarships.gov.in,1
Rural Student Scholarship 3468,State Education Board,Law,West Bengal,Male,All,Jain,Postgraduate,Upto 3.5L,Above 75,"Rs 12,000/year",11/29,https://scholarships.gov.in,1
Sports & Academics Scholarship 3469,District Collector Office,Agriculture,Assam,All,General,All,Postgraduate,No Limit,70-80,"Rs 75,000/year",10/31,https://scholarships.gov.in,1
Rural Student Scholarship 3470,Zilla Parishad,Education,Delhi,Female,Minority,Buddhist,Undergraduate,Upto 5L,Above 60,"Rs 1,000/year",11/31,https://scholarships.gov.in,1
Single Parent Child Scholarship 3471,State Education Board,Arts/Commerce,Jammu & Kashmir,Male,All,Buddhist,Diploma,No Limit,90-100,"Rs 20,000/year",9/30,https://scholarships.gov.in,1
Academic Excellence Grant 3472,State Education Board,Management,Telangana,Female,All,Buddhist,PhD,Upto 2.5L,50-60,"Rs 60,000/year",10/28,https://scholarships.gov.in,1
BPL Student Aid 3473,Trust Fund,Medical,Himachal Pradesh,All,ST,Jain,Diploma,Upto 3.5L,Above 60,"Rs 3,000/year",11/28,https://scholarships.gov.in,1
BPL Student Aid 3474,Trust Fund,Journalism,Punjab,All,EWS,Jain,Diploma,Upto 8L,60-70,"Rs 30,000/year",11/31,https://scholarships.gov.in,1
First Generation Learner Award 3475,District Collector Office,Agriculture,Tamil Nadu,Female,SC,Christian,Class 12,Upto 2.5L,90-100,"Rs 50,000/year",12/28,https://scholarships.gov.in,1
First Generation Learner Award 3476,District Collector Office,Medical,Punjab,All,EWS,Christian,PhD,Upto 5L,Above 75,"Rs 2,500/year",11/30,https://scholarships.gov.in,1
Single Parent Child Scholarship 3477,State Education Board,Medical,Tripura,All,SC,All,Postgraduate,No Limit,Above 60,"Rs 25,000/year",11/31,https://scholarships.gov.in,1
Backward Class Merit Award 3478,Zilla Parishad,Medical,Odisha,Male,EWS,All,Class 10,No Limit,Above 60,"Rs 5,000/year",10/28,https://scholarships.gov.in,1
First Generation Learner Award 3479,Zilla Parishad,Architecture,West Bengal,Male,ST,All,Undergraduate,Upto 1L,70-80,"Rs 40,000/year",12/30,https://scholarships.gov.in,1
Academic Excellence Grant 3480,State Education Board,Law,Jharkhand,Female,OBC,Hindu,Diploma,No Limit,60-70,"Rs 35,000/year",9/31,https://scholarships.gov.in,1
District Topper Scholarship 3481,Trust Fund,Arts/Commerce,Goa,All,Minority,Muslim,Class 12,Upto 3.5L,Above 75,"Rs 75,000/year",10/31,https://scholarships.gov.in,1
Sports & Academics Scholarship 3482,District Collector Office,Journalism,Rajasthan,Male,ST,Hindu,Postgraduate,Upto 8L,Above 75,"Rs 5,000/year",9/31,https://scholarships.gov.in,1
District Topper Scholarship 3483,NGO Foundation,Design,Goa,All,All,Sikh,Undergraduate,No Limit,90-100,"Rs 18,000/year",12/30,https://scholarships.gov.in,1
District Topper Scholarship 3484,State Education Board,Management,Jammu & Kashmir,Female,OBC,All,Postgraduate,Upto 8L,70-80,"Rs 2,000/year",10/29,https://scholarships.gov.in,1
District Topper Scholarship 3485,NGO Foundation,Management,Uttarakhand,Female,General,Sikh,Class 12,Upto 3.5L,70-80,"Rs 30,000/year",9/29,https://scholarships.gov.in,1
First Generation Learner Award 3486,State Education Board,Architecture,Odisha,All,Minority,Buddhist,PhD,Upto 5L,50-60,"Rs 2,000/year",10/31,https://scholarships.gov.in,1
Sports & Academics Scholarship 3487,State Education Board,Agriculture,West Bengal,All,SC,Christian,Diploma,Upto 2.5L,50-60,"Rs 1,000/year",10/31,https://scholarships.gov.in,1
Backward Class Merit Award 3488,District Collector Office,Medical,Karnataka,Female,All,Hindu,Diploma,Upto 2.5L,90-100,"Rs 35,000/year",11/29,https://scholarships.gov.in,1
Rural Student Scholarship 3489,Zilla Parishad,Agriculture,Arunachal Pradesh,All,General,Sikh,Postgraduate,Upto 2.5L,60-70,"Rs 75,000/year",12/29,https://scholarships.gov.in,1
Women in STEM Scholarship 3490,Trust Fund,All,West Bengal,All,Minority,Sikh,Undergraduate,Upto 2.5L,60-70,"Rs 2,000/year",11/29,https://scholarships.gov.in,1
Backward Class Merit Award 3491,NGO Foundation,Architecture,Odisha,All,All,Christian,Postgraduate,Upto 3.5L,90-100,"Rs 8,000/year",12/28,https://scholarships.gov.in,1
District Topper Scholarship 3492,Trust Fund,Pharmacy,Odisha,All,ST,Sikh,PhD,Upto 1L,50-60,"Rs 1,000/year",10/30,https://scholarships.gov.in,1
Rural Student Scholarship 3493,District Collector Office,All,Assam,All,OBC,Christian,Class 10,Upto 8L,80-90,"Rs 18,000/year",12/30,https://scholarships.gov.in,1
Rural Student Scholarship 3494,Zilla Parishad,Arts/Commerce,Chhattisgarh,Male,General,All,Class 12,No Limit,60-70,"Rs 35,000/year",11/31,https://scholarships.gov.in,1
Backward Class Merit Award 3495,Trust Fund,Law,Gujarat,All,OBC,Jain,Class 10,No Limit,Above 75,"Rs 5,000/year",9/31,https://scholarships.gov.in,1
Academic Excellence Grant 3496,Trust Fund,Management,Madhya Pradesh,All,All,Christian,Diploma,Upto 1L,80-90,"Rs 50,000/year",12/29,https://scholarships.gov.in,1
Backward Class Merit Award 3497,Zilla Parishad,Management,Jammu & Kashmir,All,Minority,Sikh,Postgraduate,Upto 1L,80-90,"Rs 50,000/year",9/31,https://scholarships.gov.in,1
First Generation Learner Award 3498,Trust Fund,Education,Maharashtra,Female,All,All,PhD,No Limit,70-80,"Rs 2,500/year",10/31,https://scholarships.gov.in,1
BPL Student Aid 3499,Zilla Parishad,Journalism,Jammu & Kashmir,Female,OBC,Sikh,Diploma,Upto 8L,70-80,"Rs 1,500/year",11/28,https://scholarships.gov.in,1
Academic Excellence Grant 3500,District Collector Office,Journalism,Rajasthan,Female,OBC,Muslim,Class 12,Upto 8L,80-90,"Rs 20,000/year",11/31,https://scholarships.gov.in,1
Women in STEM Scholarship 3501,NGO Foundation,Biotechnology,Punjab,Male,All,Hindu,PhD,No Limit,80-90,"Rs 8,000/year",12/28,https://scholarships.gov.in,1
First Generation Learner Award 3502,Zilla Parishad,Journalism,Jammu & Kashmir,Male,All,Buddhist,Diploma,Upto 2.5L,80-90,"Rs 2,500/year",11/30,https://scholarships.gov.in,1
Backward Class Merit Award 3503,State Education Board,All,Karnataka,Female,SC,All,Diploma,Upto 1L,Above 60,"Rs 8,000/year",9/31,https://scholarships.gov.in,1
Academic Excellence Grant 3504,District Collector Office,Arts/Commerce,Karnataka,All,SC,All,Class 10,Upto 8L,90-100,"Rs 2,500/year",11/31,https://scholarships.gov.in,1
Women in STEM Scholarship 3505,NGO Foundation,Arts/Commerce,West Bengal,Female,General,Jain,Undergraduate,Upto 3.5L,80-90,"Rs 30,000/year",11/31,https://scholarships.gov.in,1
Best Student Award Scholarship 3506,State Education Board,Medical,Arunachal Pradesh,Female,SC,Hindu,Diploma,Upto 2.5L,Above 75,"Rs 8,000/year",12/29,https://scholarships.gov.in,1
Sports & Academics Scholarship 3507,District Collector Office,Agriculture,Assam,Female,SC,Muslim,Diploma,Upto 3.5L,50-60,"Rs 12,000/year",10/31,https://scholarships.gov.in,1
Best Student Award Scholarship 3508,NGO Foundation,Engineering,West Bengal,All,General,Hindu,Diploma,Upto 1L,90-100,"Rs 35,000/year",10/28,https://scholarships.gov.in,1
Sports & Academics Scholarship 3509,Zilla Parishad,Agriculture,Punjab,Male,General,Jain,Class 12,Upto 8L,70-80,"Rs 40,000/year",12/30,https://scholarships.gov.in,1
Rural Student Scholarship 3510,District Collector Office,Design,West Bengal,Female,Minority,Sikh,Undergraduate,Upto 3.5L,50-60,"Rs 3,000/year",10/28,https://scholarships.gov.in,1
Women in STEM Scholarship 3511,NGO Foundation,Journalism,Nagaland,Female,EWS,Christian,Class 12,Upto 1L,80-90,"Rs 18,000/year",9/30,https://scholarships.gov.in,1
Single Parent Child Scholarship 3512,District Collector Office,Computer Science,Telangana,All,SC,Muslim,Diploma,Upto 1L,80-90,"Rs 60,000/year",11/30,https://scholarships.gov.in,1
District Topper Scholarship 3513,State Education Board,Engineering,Uttar Pradesh,All,General,Jain,Postgraduate,Upto 1L,80-90,"Rs 10,000/year",12/28,https://scholarships.gov.in,1
Best Student Award Scholarship 3514,NGO Foundation,Biotechnology,Karnataka,All,EWS,All,PhD,Upto 3.5L,50-60,"Rs 15,000/year",11/30,https://scholarships.gov.in,1
Rural Student Scholarship 3515,State Education Board,Biotechnology,Rajasthan,Male,EWS,Christian,Class 12,No Limit,90-100,"Rs 30,000/year",9/28,https://scholarships.gov.in,1
Sports & Academics Scholarship 3516,District Collector Office,Law,Madhya Pradesh,Male,Minority,Buddhist,Postgraduate,Upto 5L,Above 60,"Rs 1,000/year",9/28,https://scholarships.gov.in,1
Women in STEM Scholarship 3517,NGO Foundation,Design,Goa,Male,All,Jain,Undergraduate,Upto 8L,50-60,"Rs 15,000/year",10/30,https://scholarships.gov.in,1
Best Student Award Scholarship 3518,District Collector Office,Biotechnology,Tamil Nadu,Female,ST,All,PhD,Upto 2.5L,Above 75,"Rs 12,000/year",11/30,https://scholarships.gov.in,1
District Topper Scholarship 3519,NGO Foundation,Education,Rajasthan,All,OBC,Muslim,PhD,No Limit,Above 75,"Rs 3,000/year",9/31,https://scholarships.gov.in,1
BPL Student Aid 3520,Trust Fund,Management,Assam,All,ST,Christian,PhD,Upto 5L,90-100,"Rs 12,000/year",9/30,https://scholarships.gov.in,1
First Generation Learner Award 3521,Zilla Parishad,Agriculture,Assam,Male,SC,Sikh,Postgraduate,Upto 2.5L,90-100,"Rs 2,500/year",12/28,https://scholarships.gov.in,1
Best Student Award Scholarship 3522,NGO Foundation,All,Tripura,Female,General,All,Diploma,Upto 5L,60-70,"Rs 60,000/year",12/30,https://scholarships.gov.in,1
BPL Student Aid 3523,District Collector Office,Engineering,Bihar,All,OBC,Muslim,Undergraduate,Upto 2.5L,70-80,"Rs 8,000/year",11/29,https://scholarships.gov.in,1
Single Parent Child Scholarship 3524,NGO Foundation,Engineering,Tamil Nadu,Female,OBC,All,Postgraduate,Upto 5L,Above 75,"Rs 18,000/year",9/28,https://scholarships.gov.in,1
Backward Class Merit Award 3525,State Education Board,Management,Himachal Pradesh,Female,Minority,Christian,Undergraduate,Upto 2.5L,70-80,"Rs 25,000/year",10/31,https://scholarships.gov.in,1
Rural Student Scholarship 3526,Trust Fund,Arts/Commerce,West Bengal,Female,EWS,Muslim,PhD,No Limit,50-60,"Rs 5,000/year",11/28,https://scholarships.gov.in,1
First Generation Learner Award 3527,State Education Board,Design,Punjab,Male,Minority,Sikh,PhD,Upto 1L,50-60,"Rs 12,000/year",9/28,https://scholarships.gov.in,1
Women in STEM Scholarship 3528,State Education Board,Medical,Jammu & Kashmir,Female,Minority,Jain,PhD,No Limit,80-90,"Rs 50,000/year",9/31,https://scholarships.gov.in,1
District Topper Scholarship 3529,Zilla Parishad,Agriculture,West Bengal,All,OBC,Hindu,Undergraduate,Upto 5L,90-100,"Rs 35,000/year",9/28,https://scholarships.gov.in,1
Backward Class Merit Award 3530,Trust Fund,Law,Goa,Male,EWS,Jain,Class 12,Upto 8L,50-60,"Rs 35,000/year",9/28,https://scholarships.gov.in,1
First Generation Learner Award 3531,NGO Foundation,Management,Tamil Nadu,Female,All,Jain,Postgraduate,Upto 1L,Above 60,"Rs 6,000/year",9/31,https://scholarships.gov.in,1
BPL Student Aid 3532,NGO Foundation,All,Uttarakhand,Male,General,Sikh,Class 12,Upto 8L,Above 75,"Rs 5,000/year",12/30,https://scholarships.gov.in,1
Women in STEM Scholarship 3533,Trust Fund,Biotechnology,Punjab,All,Minority,Muslim,Class 12,Upto 1L,70-80,"Rs 12,000/year",11/31,https://scholarships.gov.in,1
Single Parent Child Scholarship 3534,Zilla Parishad,Law,Nagaland,Male,OBC,Hindu,Undergraduate,No Limit,50-60,"Rs 25,000/year",10/29,https://scholarships.gov.in,1
Academic Excellence Grant 3535,Zilla Parishad,Agriculture,Bihar,Male,All,Jain,Class 12,Upto 5L,80-90,"Rs 15,000/year",10/30,https://scholarships.gov.in,1
First Generation Learner Award 3536,NGO Foundation,Engineering,Tripura,Male,ST,Jain,Class 10,Upto 2.5L,Above 75,"Rs 75,000/year",12/31,https://scholarships.gov.in,1
Rural Student Scholarship 3537,District Collector Office,Computer Science,Arunachal Pradesh,All,EWS,Buddhist,Diploma,Upto 5L,50-60,"Rs 1,000/year",12/28,https://scholarships.gov.in,1
Women in STEM Scholarship 3538,Zilla Parishad,Science,Chhattisgarh,Female,General,All,PhD,Upto 3.5L,50-60,"Rs 10,000/year",12/31,https://scholarships.gov.in,1
Best Student Award Scholarship 3539,District Collector Office,Law,Goa,Male,General,All,Class 10,Upto 1L,90-100,"Rs 2,000/year",11/31,https://scholarships.gov.in,1
Sports & Academics Scholarship 3540,State Education Board,Agriculture,Uttarakhand,Male,EWS,All,Postgraduate,Upto 8L,90-100,"Rs 1,000/year",9/28,https://scholarships.gov.in,1
Academic Excellence Grant 3541,District Collector Office,Biotechnology,Bihar,All,Minority,Sikh,Class 10,Upto 3.5L,Above 60,"Rs 18,000/year",12/28,https://scholarships.gov.in,1
BPL Student Aid 3542,NGO Foundation,Biotechnology,Odisha,All,EWS,Jain,Class 10,Upto 1L,70-80,"Rs 5,000/year",10/30,https://scholarships.gov.in,1
District Topper Scholarship 3543,Trust Fund,Journalism,Assam,All,EWS,All,Class 10,Upto 1L,60-70,"Rs 6,000/year",10/29,https://scholarships.gov.in,1
Women in STEM Scholarship 3544,Zilla Parishad,Agriculture,Tripura,Female,SC,Christian,Undergraduate,Upto 3.5L,Above 60,"Rs 3,000/year",9/30,https://scholarships.gov.in,1
Single Parent Child Scholarship 3545,NGO Foundation,Design,Delhi,Female,Minority,Muslim,Postgraduate,Upto 3.5L,50-60,"Rs 25,000/year",10/30,https://scholarships.gov.in,1
BPL Student Aid 3546,Zilla Parishad,Medical,Uttar Pradesh,Male,EWS,Buddhist,Class 10,Upto 5L,70-80,"Rs 25,000/year",12/30,https://scholarships.gov.in,1
BPL Student Aid 3547,Trust Fund,Biotechnology,Gujarat,All,SC,Buddhist,Class 12,Upto 5L,60-70,"Rs 50,000/year",9/31,https://scholarships.gov.in,1
Women in STEM Scholarship 3548,Zilla Parishad,All,Kerala,Female,General,Christian,PhD,Upto 1L,60-70,"Rs 15,000/year",10/29,https://scholarships.gov.in,1
Backward Class Merit Award 3549,District Collector Office,Design,Karnataka,Male,Minority,Sikh,Class 12,No Limit,60-70,"Rs 50,000/year",10/31,https://scholarships.gov.in,1
Rural Student Scholarship 3550,Trust Fund,Engineering,West Bengal,Male,All,Sikh,Class 12,Upto 2.5L,Above 75,"Rs 15,000/year",10/29,https://scholarships.gov.in,1
Single Parent Child Scholarship 3551,Trust Fund,Law,Haryana,All,SC,Hindu,Class 12,Upto 8L,90-100,"Rs 30,000/year",9/28,https://scholarships.gov.in,1
Academic Excellence Grant 3552,District Collector Office,Management,Odisha,Female,SC,Hindu,Class 10,Upto 3.5L,90-100,"Rs 18,000/year",9/28,https://scholarships.gov.in,1
First Generation Learner Award 3553,District Collector Office,Design,Karnataka,Female,OBC,Sikh,PhD,Upto 5L,90-100,"Rs 50,000/year",9/31,https://scholarships.gov.in,1
District Topper Scholarship 3554,State Education Board,Agriculture,Odisha,Female,Minority,Christian,Diploma,Upto 8L,60-70,"Rs 75,000/year",12/31,https://scholarships.gov.in,1
Academic Excellence Grant 3555,Trust Fund,Engineering,Gujarat,Male,OBC,All,Undergraduate,Upto 5L,60-70,"Rs 15,000/year",10/30,https://scholarships.gov.in,1
Backward Class Merit Award 3556,NGO Foundation,Journalism,Himachal Pradesh,All,SC,Sikh,Class 10,Upto 1L,50-60,"Rs 12,000/year",10/31,https://scholarships.gov.in,1
First Generation Learner Award 3557,District Collector Office,Design,Uttarakhand,All,General,Muslim,PhD,Upto 8L,80-90,"Rs 1,500/year",9/31,https://scholarships.gov.in,1
Rural Student Scholarship 3558,District Collector Office,Arts/Commerce,Haryana,Male,Minority,Hindu,Class 10,Upto 8L,80-90,"Rs 12,000/year",12/31,https://scholarships.gov.in,1
First Generation Learner Award 3559,Zilla Parishad,Pharmacy,Uttarakhand,Female,General,All,Class 12,Upto 1L,70-80,"Rs 10,000/year",9/30,https://scholarships.gov.in,1
Single Parent Child Scholarship 3560,Trust Fund,Education,West Bengal,All,General,Jain,PhD,Upto 2.5L,70-80,"Rs 12,000/year",11/31,https://scholarships.gov.in,1
District Topper Scholarship 3561,Zilla Parishad,Science,Gujarat,All,EWS,Buddhist,Undergraduate,No Limit,90-100,"Rs 12,000/year",11/28,https://scholarships.gov.in,1
Women in STEM Scholarship 3562,District Collector Office,Journalism,Chhattisgarh,Female,General,Hindu,Class 10,Upto 8L,Above 60,"Rs 40,000/year",11/31,https://scholarships.gov.in,1
District Topper Scholarship 3563,NGO Foundation,Journalism,Uttarakhand,Male,Minority,All,Postgraduate,No Limit,50-60,"Rs 40,000/year",12/29,https://scholarships.gov.in,1
Single Parent Child Scholarship 3564,Zilla Parishad,Pharmacy,Rajasthan,Male,Minority,All,PhD,Upto 3.5L,Above 60,"Rs 8,000/year",10/29,https://scholarships.gov.in,1
Best Student Award Scholarship 3565,State Education Board,Arts/Commerce,Kerala,All,EWS,Hindu,Diploma,Upto 8L,80-90,"Rs 30,000/year",12/30,https://scholarships.gov.in,1
Academic Excellence Grant 3566,District Collector Office,Engineering,Rajasthan,Female,EWS,Christian,Class 12,Upto 2.5L,50-60,"Rs 40,000/year",12/31,https://scholarships.gov.in,1
Best Student Award Scholarship 3567,District Collector Office,Journalism,Nagaland,Male,OBC,Hindu,PhD,Upto 3.5L,50-60,"Rs 12,000/year",9/28,https://scholarships.gov.in,1
Women in STEM Scholarship 3568,Zilla Parishad,All,Haryana,All,ST,Sikh,Class 10,No Limit,Above 75,"Rs 50,000/year",9/29,https://scholarships.gov.in,1
Single Parent Child Scholarship 3569,Trust Fund,Medical,Tripura,All,OBC,Hindu,Class 10,Upto 8L,50-60,"Rs 50,000/year",12/30,https://scholarships.gov.in,1
Backward Class Merit Award 3570,Zilla Parishad,Medical,Madhya Pradesh,All,General,All,Undergraduate,Upto 1L,Above 60,"Rs 1,500/year",9/31,https://scholarships.gov.in,1
Backward Class Merit Award 3571,District Collector Office,Engineering,Odisha,Female,EWS,All,Class 10,Upto 1L,70-80,"Rs 12,000/year",10/31,https://scholarships.gov.in,1
District Topper Scholarship 3572,Zilla Parishad,Pharmacy,Jammu & Kashmir,All,SC,Sikh,PhD,Upto 8L,60-70,"Rs 50,000/year",10/31,https://scholarships.gov.in,1
BPL Student Aid 3573,Zilla Parishad,Computer Science,Jammu & Kashmir,All,General,Christian,Undergraduate,Upto 2.5L,80-90,"Rs 40,000/year",12/31,https://scholarships.gov.in,1
Single Parent Child Scholarship 3574,State Education Board,Engineering,Manipur,Male,OBC,Jain,PhD,Upto 5L,90-100,"Rs 60,000/year",10/29,https://scholarships.gov.in,1
Rural Student Scholarship 3575,NGO Foundation,Computer Science,Sikkim,Male,Minority,Buddhist,Diploma,Upto 5L,70-80,"Rs 25,000/year",11/31,https://scholarships.gov.in,1
Best Student Award Scholarship 3576,Trust Fund,Engineering,Gujarat,Female,ST,Jain,Postgraduate,Upto 8L,50-60,"Rs 30,000/year",12/30,https://scholarships.gov.in,1
Women in STEM Scholarship 3577,Zilla Parishad,Design,Manipur,Male,General,Buddhist,Undergraduate,No Limit,70-80,"Rs 6,000/year",10/30,https://scholarships.gov.in,1
Best Student Award Scholarship 3578,Trust Fund,Education,Goa,Male,OBC,Buddhist,Undergraduate,Upto 1L,Above 75,"Rs 15,000/year",10/31,https://scholarships.gov.in,1
District Topper Scholarship 3579,Trust Fund,Medical,Tripura,All,General,Muslim,Class 12,Upto 3.5L,Above 60,"Rs 30,000/year",10/30,https://scholarships.gov.in,1
Sports & Academics Scholarship 3580,Zilla Parishad,Engineering,Delhi,Male,Minority,Muslim,Undergraduate,Upto 2.5L,80-90,"Rs 2,000/year",12/29,https://scholarships.gov.in,1
Rural Student Scholarship 3581,Zilla Parishad,Management,Andhra Pradesh,Male,Minority,Christian,Class 12,Upto 5L,80-90,"Rs 75,000/year",10/29,https://scholarships.gov.in,1
Academic Excellence Grant 3582,District Collector Office,Management,Punjab,All,EWS,Sikh,Undergraduate,No Limit,70-80,"Rs 2,500/year",12/31,https://scholarships.gov.in,1
Rural Student Scholarship 3583,NGO Foundation,Medical,Andhra Pradesh,Female,Minority,Sikh,Postgraduate,Upto 3.5L,60-70,"Rs 12,000/year",9/30,https://scholarships.gov.in,1
Sports & Academics Scholarship 3584,Zilla Parishad,Medical,Nagaland,Female,General,Christian,Undergraduate,Upto 5L,90-100,"Rs 18,000/year",11/30,https://scholarships.gov.in,1
Backward Class Merit Award 3585,State Education Board,All,Odisha,Female,EWS,Christian,Postgraduate,Upto 8L,70-80,"Rs 15,000/year",9/30,https://scholarships.gov.in,1
Best Student Award Scholarship 3586,State Education Board,Pharmacy,Nagaland,Male,SC,Christian,Postgraduate,No Limit,90-100,"Rs 3,000/year",11/31,https://scholarships.gov.in,1
Academic Excellence Grant 3587,NGO Foundation,Management,Andhra Pradesh,All,Minority,Christian,Undergraduate,No Limit,60-70,"Rs 2,000/year",10/28,https://scholarships.gov.in,1
BPL Student Aid 3588,Zilla Parishad,Management,Assam,All,EWS,Sikh,Class 10,Upto 1L,Above 75,"Rs 1,500/year",10/31,https://scholarships.gov.in,1
Single Parent Child Scholarship 3589,State Education Board,Design,Sikkim,Female,OBC,Muslim,Undergraduate,Upto 2.5L,Above 75,"Rs 75,000/year",11/28,https://scholarships.gov.in,1
District Topper Scholarship 3590,District Collector Office,Law,Himachal Pradesh,All,EWS,Jain,Undergraduate,No Limit,60-70,"Rs 3,000/year",12/30,https://scholarships.gov.in,1
Women in STEM Scholarship 3591,District Collector Office,Arts/Commerce,Rajasthan,Male,General,Buddhist,Postgraduate,Upto 2.5L,90-100,"Rs 50,000/year",10/30,https://scholarships.gov.in,1
District Topper Scholarship 3592,NGO Foundation,Biotechnology,Uttarakhand,Male,ST,Christian,Class 12,Upto 2.5L,Above 75,"Rs 20,000/year",9/30,https://scholarships.gov.in,1
Rural Student Scholarship 3593,Trust Fund,Design,Chhattisgarh,Female,Minority,Muslim,Undergraduate,Upto 5L,70-80,"Rs 30,000/year",12/29,https://scholarships.gov.in,1
District Topper Scholarship 3594,Trust Fund,Design,Bihar,All,All,All,Postgraduate,Upto 1L,80-90,"Rs 10,000/year",12/31,https://scholarships.gov.in,1
BPL Student Aid 3595,Zilla Parishad,All,Jammu & Kashmir,Female,ST,Sikh,PhD,Upto 1L,60-70,"Rs 50,000/year",9/29,https://scholarships.gov.in,1
Sports & Academics Scholarship 3596,Trust Fund,Design,Chhattisgarh,Male,EWS,Sikh,Undergraduate,Upto 3.5L,90-100,"Rs 20,000/year",9/30,https://scholarships.gov.in,1
Sports & Academics Scholarship 3597,District Collector Office,Agriculture,Meghalaya,Female,EWS,Muslim,Diploma,Upto 8L,Above 60,"Rs 1,000/year",10/28,https://scholarships.gov.in,1
Rural Student Scholarship 3598,NGO Foundation,Arts/Commerce,Andhra Pradesh,Female,OBC,Buddhist,Undergraduate,Upto 2.5L,Above 75,"Rs 1,000/year",11/31,https://scholarships.gov.in,1
Academic Excellence Grant 3599,Zilla Parishad,Design,Haryana,Male,OBC,Hindu,Undergraduate,Upto 8L,Above 75,"Rs 30,000/year",12/28,https://scholarships.gov.in,1
District Topper Scholarship 3600,Trust Fund,Arts/Commerce,Odisha,Female,All,Jain,Diploma,Upto 1L,90-100,"Rs 18,000/year",9/31,https://scholarships.gov.in,1
Rural Student Scholarship 3601,NGO Foundation,Architecture,Madhya Pradesh,All,All,Jain,Class 12,No Limit,Above 60,"Rs 5,000/year",12/29,https://scholarships.gov.in,1
Sports & Academics Scholarship 3602,Zilla Parishad,Engineering,Tamil Nadu,All,General,Christian,Class 10,Upto 2.5L,Above 60,"Rs 60,000/year",9/30,https://scholarships.gov.in,1
Rural Student Scholarship 3603,District Collector Office,Law,Jammu & Kashmir,All,All,Hindu,Class 10,Upto 1L,90-100,"Rs 40,000/year",11/30,https://scholarships.gov.in,1
Single Parent Child Scholarship 3604,District Collector Office,Engineering,Gujarat,Female,General,Christian,Class 12,Upto 5L,90-100,"Rs 1,500/year",10/31,https://scholarships.gov.in,1
Rural Student Scholarship 3605,NGO Foundation,Arts/Commerce,Maharashtra,All,OBC,Jain,Postgraduate,Upto 3.5L,60-70,"Rs 75,000/year",10/28,https://scholarships.gov.in,1
BPL Student Aid 3606,NGO Foundation,Law,Nagaland,All,SC,Hindu,Diploma,Upto 5L,90-100,"Rs 50,000/year",9/28,https://scholarships.gov.in,1
District Topper Scholarship 3607,Zilla Parishad,All,Jharkhand,All,SC,Buddhist,Class 12,Upto 1L,80-90,"Rs 1,000/year",12/29,https://scholarships.gov.in,1
District Topper Scholarship 3608,State Education Board,Biotechnology,Andhra Pradesh,Female,All,Muslim,Diploma,Upto 2.5L,80-90,"Rs 25,000/year",12/29,https://scholarships.gov.in,1
Best Student Award Scholarship 3609,Zilla Parishad,Science,Madhya Pradesh,Male,ST,Buddhist,Postgraduate,Upto 2.5L,Above 60,"Rs 1,000/year",12/28,https://scholarships.gov.in,1
District Topper Scholarship 3610,NGO Foundation,All,Goa,Female,General,Jain,Diploma,Upto 3.5L,50-60,"Rs 60,000/year",11/29,https://scholarships.gov.in,1
District Topper Scholarship 3611,NGO Foundation,Pharmacy,Karnataka,Female,ST,Muslim,PhD,Upto 3.5L,Above 75,"Rs 2,500/year",12/29,https://scholarships.gov.in,1
Rural Student Scholarship 3612,Trust Fund,Law,Kerala,Male,Minority,Muslim,Class 10,No Limit,Above 60,"Rs 40,000/year",11/31,https://scholarships.gov.in,1
Single Parent Child Scholarship 3613,District Collector Office,Medical,Andhra Pradesh,Male,OBC,Christian,Class 10,Upto 1L,Above 60,"Rs 15,000/year",10/29,https://scholarships.gov.in,1
Single Parent Child Scholarship 3614,State Education Board,Architecture,Delhi,Female,All,Buddhist,Postgraduate,Upto 3.5L,60-70,"Rs 60,000/year",9/29,https://scholarships.gov.in,1
Backward Class Merit Award 3615,State Education Board,Architecture,Delhi,All,ST,Sikh,Undergraduate,Upto 5L,Above 60,"Rs 30,000/year",11/29,https://scholarships.gov.in,1
First Generation Learner Award 3616,District Collector Office,Agriculture,Odisha,All,Minority,Jain,Diploma,Upto 2.5L,Above 60,"Rs 50,000/year",10/30,https://scholarships.gov.in,1
First Generation Learner Award 3617,Zilla Parishad,Journalism,Manipur,Male,General,Buddhist,Class 10,Upto 3.5L,70-80,"Rs 12,000/year",11/29,https://scholarships.gov.in,1
Single Parent Child Scholarship 3618,NGO Foundation,Agriculture,Himachal Pradesh,Male,OBC,Hindu,Class 12,No Limit,60-70,"Rs 12,000/year",11/31,https://scholarships.gov.in,1
First Generation Learner Award 3619,NGO Foundation,Science,Rajasthan,Female,ST,Sikh,Postgraduate,Upto 8L,Above 75,"Rs 2,500/year",11/28,https://scholarships.gov.in,1
Best Student Award Scholarship 3620,State Education Board,Computer Science,Jammu & Kashmir,All,All,Buddhist,Class 12,Upto 2.5L,80-90,"Rs 18,000/year",10/29,https://scholarships.gov.in,1
Best Student Award Scholarship 3621,Zilla Parishad,Pharmacy,Jharkhand,Female,OBC,Hindu,Postgraduate,Upto 1L,80-90,"Rs 15,000/year",10/28,https://scholarships.gov.in,1
Best Student Award Scholarship 3622,Trust Fund,Arts/Commerce,Tripura,Female,OBC,Muslim,PhD,Upto 1L,80-90,"Rs 75,000/year",11/28,https://scholarships.gov.in,1
Single Parent Child Scholarship 3623,Trust Fund,Science,Arunachal Pradesh,All,ST,Christian,Postgraduate,Upto 2.5L,70-80,"Rs 40,000/year",9/30,https://scholarships.gov.in,1
Academic Excellence Grant 3624,State Education Board,Education,Chhattisgarh,Female,OBC,Sikh,Class 10,Upto 8L,90-100,"Rs 50,000/year",12/31,https://scholarships.gov.in,1
Women in STEM Scholarship 3625,District Collector Office,Science,Himachal Pradesh,Male,OBC,Muslim,Postgraduate,Upto 1L,60-70,"Rs 15,000/year",10/31,https://scholarships.gov.in,1
Single Parent Child Scholarship 3626,State Education Board,Arts/Commerce,Haryana,Female,OBC,Christian,Class 10,Upto 5L,60-70,"Rs 1,000/year",10/30,https://scholarships.gov.in,1
Single Parent Child Scholarship 3627,Trust Fund,All,Haryana,All,SC,Jain,Postgraduate,Upto 1L,Above 75,"Rs 5,000/year",11/28,https://scholarships.gov.in,1
Rural Student Scholarship 3628,District Collector Office,Computer Science,Himachal Pradesh,Male,EWS,All,Diploma,Upto 1L,60-70,"Rs 60,000/year",9/29,https://scholarships.gov.in,1
District Topper Scholarship 3629,District Collector Office,Pharmacy,Uttarakhand,All,SC,Jain,Class 12,Upto 2.5L,70-80,"Rs 2,000/year",9/28,https://scholarships.gov.in,1
Backward Class Merit Award 3630,Zilla Parishad,Law,Tripura,All,General,Christian,PhD,Upto 8L,60-70,"Rs 60,000/year",11/30,https://scholarships.gov.in,1
Academic Excellence Grant 3631,Trust Fund,Computer Science,Jammu & Kashmir,All,ST,Sikh,Diploma,Upto 1L,80-90,"Rs 60,000/year",11/31,https://scholarships.gov.in,1
Academic Excellence Grant 3632,State Education Board,Medical,Goa,Female,All,Sikh,PhD,Upto 1L,50-60,"Rs 20,000/year",9/30,https://scholarships.gov.in,1
Academic Excellence Grant 3633,District Collector Office,Engineering,Kerala,Female,SC,Hindu,Class 10,No Limit,Above 60,"Rs 40,000/year",10/28,https://scholarships.gov.in,1
First Generation Learner Award 3634,Zilla Parishad,Arts/Commerce,Kerala,Male,ST,Buddhist,Class 12,Upto 5L,50-60,"Rs 2,000/year",12/28,https://scholarships.gov.in,1
District Topper Scholarship 3635,Zilla Parishad,All,Mizoram,Female,OBC,Sikh,Diploma,Upto 3.5L,Above 60,"Rs 15,000/year",10/29,https://scholarships.gov.in,1
Academic Excellence Grant 3636,District Collector Office,Agriculture,Delhi,Female,SC,All,Undergraduate,Upto 5L,90-100,"Rs 15,000/year",9/28,https://scholarships.gov.in,1
Backward Class Merit Award 3637,Zilla Parishad,Biotechnology,Jharkhand,All,All,Sikh,Diploma,Upto 2.5L,Above 60,"Rs 2,000/year",9/28,https://scholarships.gov.in,1
BPL Student Aid 3638,State Education Board,Agriculture,Punjab,Male,Minority,Buddhist,Class 10,Upto 3.5L,70-80,"Rs 2,500/year",9/28,https://scholarships.gov.in,1
Sports & Academics Scholarship 3639,District Collector Office,Science,Bihar,Male,Minority,Muslim,Undergraduate,Upto 2.5L,70-80,"Rs 8,000/year",11/31,https://scholarships.gov.in,1
District Topper Scholarship 3640,NGO Foundation,Arts/Commerce,Andhra Pradesh,Female,General,Buddhist,Undergraduate,Upto 2.5L,60-70,"Rs 18,000/year",10/30,https://scholarships.gov.in,1
District Topper Scholarship 3641,State Education Board,Education,Chhattisgarh,All,SC,Hindu,Undergraduate,Upto 3.5L,Above 60,"Rs 2,500/year",10/28,https://scholarships.gov.in,1
Rural Student Scholarship 3642,Trust Fund,Arts/Commerce,Andhra Pradesh,All,SC,Sikh,PhD,Upto 3.5L,80-90,"Rs 1,500/year",10/28,https://scholarships.gov.in,1
Best Student Award Scholarship 3643,NGO Foundation,Design,Goa,Female,All,Christian,Postgraduate,Upto 1L,80-90,"Rs 50,000/year",11/30,https://scholarships.gov.in,1
Women in STEM Scholarship 3644,Trust Fund,All,Meghalaya,Male,ST,Jain,Postgraduate,Upto 5L,Above 75,"Rs 10,000/year",12/30,https://scholarships.gov.in,1
Women in STEM Scholarship 3645,Zilla Parishad,Journalism,Nagaland,All,SC,Sikh,Class 10,Upto 3.5L,90-100,"Rs 25,000/year",10/29,https://scholarships.gov.in,1
Women in STEM Scholarship 3646,District Collector Office,Pharmacy,Assam,Male,SC,All,PhD,Upto 3.5L,50-60,"Rs 35,000/year",11/31,https://scholarships.gov.in,1
District Topper Scholarship 3647,State Education Board,Pharmacy,Uttar Pradesh,Female,SC,Buddhist,Undergraduate,No Limit,Above 75,"Rs 10,000/year",11/30,https://scholarships.gov.in,1
Women in STEM Scholarship 3648,District Collector Office,Medical,Kerala,Female,Minority,Christian,Class 10,Upto 8L,60-70,"Rs 8,000/year",9/28,https://scholarships.gov.in,1
District Topper Scholarship 3649,State Education Board,Agriculture,Odisha,Female,All,Buddhist,Diploma,Upto 5L,Above 60,"Rs 8,000/year",10/31,https://scholarships.gov.in,1
Rural Student Scholarship 3650,Trust Fund,Biotechnology,Sikkim,All,OBC,Muslim,Class 12,No Limit,70-80,"Rs 6,000/year",12/28,https://scholarships.gov.in,1
Best Student Award Scholarship 3651,State Education Board,Design,Gujarat,All,EWS,Jain,Postgraduate,Upto 5L,70-80,"Rs 10,000/year",10/29,https://scholarships.gov.in,1
Single Parent Child Scholarship 3652,Trust Fund,Law,Mizoram,Female,OBC,All,Postgraduate,Upto 3.5L,Above 75,"Rs 12,000/year",10/28,https://scholarships.gov.in,1
Women in STEM Scholarship 3653,State Education Board,All,Telangana,All,Minority,Buddhist,Postgraduate,Upto 5L,50-60,"Rs 60,000/year",11/30,https://scholarships.gov.in,1
District Topper Scholarship 3654,NGO Foundation,All,Chhattisgarh,Male,OBC,Buddhist,Diploma,Upto 5L,Above 60,"Rs 25,000/year",10/29,https://scholarships.gov.in,1
First Generation Learner Award 3655,Trust Fund,Medical,Delhi,All,ST,Jain,PhD,Upto 8L,60-70,"Rs 50,000/year",12/31,https://scholarships.gov.in,1
Best Student Award Scholarship 3656,State Education Board,Medical,Uttarakhand,All,OBC,Jain,Undergraduate,No Limit,Above 75,"Rs 5,000/year",11/29,https://scholarships.gov.in,1
District Topper Scholarship 3657,Trust Fund,All,Nagaland,Female,ST,Sikh,PhD,Upto 8L,60-70,"Rs 2,000/year",9/28,https://scholarships.gov.in,1
First Generation Learner Award 3658,NGO Foundation,Pharmacy,Sikkim,Female,OBC,Hindu,Undergraduate,Upto 5L,Above 60,"Rs 3,000/year",11/30,https://scholarships.gov.in,1
Academic Excellence Grant 3659,District Collector Office,Engineering,Bihar,Male,All,Buddhist,Class 10,No Limit,60-70,"Rs 60,000/year",9/28,https://scholarships.gov.in,1
Single Parent Child Scholarship 3660,Trust Fund,Architecture,Assam,All,OBC,Hindu,PhD,Upto 1L,Above 75,"Rs 12,000/year",12/30,https://scholarships.gov.in,1
Best Student Award Scholarship 3661,Trust Fund,Agriculture,Madhya Pradesh,All,SC,All,Class 12,Upto 8L,90-100,"Rs 1,000/year",11/29,https://scholarships.gov.in,1
Backward Class Merit Award 3662,Trust Fund,Arts/Commerce,Tripura,All,SC,Hindu,PhD,No Limit,60-70,"Rs 40,000/year",10/29,https://scholarships.gov.in,1
District Topper Scholarship 3663,District Collector Office,Computer Science,Karnataka,All,EWS,Sikh,Undergraduate,Upto 1L,Above 60,"Rs 8,000/year",11/29,https://scholarships.gov.in,1
Single Parent Child Scholarship 3664,NGO Foundation,Education,Haryana,Female,Minority,Muslim,Class 12,Upto 2.5L,60-70,"Rs 5,000/year",9/31,https://scholarships.gov.in,1
District Topper Scholarship 3665,NGO Foundation,Journalism,Delhi,All,OBC,Hindu,Class 10,Upto 2.5L,80-90,"Rs 10,000/year",12/29,https://scholarships.gov.in,1
Women in STEM Scholarship 3666,State Education Board,Arts/Commerce,Kerala,All,General,Sikh,Diploma,Upto 3.5L,50-60,"Rs 2,500/year",9/28,https://scholarships.gov.in,1
First Generation Learner Award 3667,Zilla Parishad,All,Karnataka,Male,Minority,All,Class 10,Upto 2.5L,70-80,"Rs 25,000/year",9/28,https://scholarships.gov.in,1
BPL Student Aid 3668,State Education Board,Computer Science,Nagaland,Female,ST,All,Postgraduate,No Limit,70-80,"Rs 50,000/year",11/29,https://scholarships.gov.in,1
Single Parent Child Scholarship 3669,State Education Board,Education,Madhya Pradesh,All,General,Christian,PhD,Upto 3.5L,80-90,"Rs 1,000/year",12/28,https://scholarships.gov.in,1
Single Parent Child Scholarship 3670,District Collector Office,Arts/Commerce,Himachal Pradesh,Male,OBC,Jain,Undergraduate,Upto 2.5L,80-90,"Rs 2,000/year",10/28,https://scholarships.gov.in,1
Rural Student Scholarship 3671,Trust Fund,Agriculture,Haryana,Male,OBC,Buddhist,PhD,Upto 1L,Above 60,"Rs 35,000/year",11/31,https://scholarships.gov.in,1
Best Student Award Scholarship 3672,Trust Fund,Medical,Haryana,Female,General,Muslim,Class 10,Upto 8L,Above 75,"Rs 3,000/year",12/30,https://scholarships.gov.in,1
Backward Class Merit Award 3673,NGO Foundation,Science,Rajasthan,Male,All,Muslim,Postgraduate,Upto 5L,Above 75,"Rs 2,500/year",11/28,https://scholarships.gov.in,1
Best Student Award Scholarship 3674,District Collector Office,Education,Sikkim,Male,EWS,Hindu,Class 10,Upto 5L,Above 75,"Rs 40,000/year",9/31,https://scholarships.gov.in,1
Best Student Award Scholarship 3675,State Education Board,Design,Sikkim,All,EWS,Hindu,Undergraduate,Upto 8L,70-80,"Rs 20,000/year",9/30,https://scholarships.gov.in,1
Women in STEM Scholarship 3676,Zilla Parishad,Computer Science,Karnataka,All,Minority,Christian,Postgraduate,Upto 2.5L,80-90,"Rs 25,000/year",12/29,https://scholarships.gov.in,1
District Topper Scholarship 3677,NGO Foundation,All,Goa,Female,EWS,All,Diploma,Upto 1L,70-80,"Rs 10,000/year",12/28,https://scholarships.gov.in,1
Rural Student Scholarship 3678,Trust Fund,Management,Delhi,Male,Minority,Hindu,Undergraduate,Upto 2.5L,Above 60,"Rs 2,000/year",11/28,https://scholarships.gov.in,1
Sports & Academics Scholarship 3679,State Education Board,Biotechnology,Haryana,All,Minority,Sikh,Diploma,Upto 1L,70-80,"Rs 15,000/year",9/31,https://scholarships.gov.in,1
Rural Student Scholarship 3680,Trust Fund,Law,Chhattisgarh,Male,Minority,All,Undergraduate,No Limit,Above 75,"Rs 30,000/year",11/28,https://scholarships.gov.in,1
First Generation Learner Award 3681,State Education Board,Management,Haryana,Female,All,Christian,Undergraduate,Upto 5L,90-100,"Rs 50,000/year",9/30,https://scholarships.gov.in,1
Single Parent Child Scholarship 3682,Trust Fund,Arts/Commerce,Karnataka,Male,All,Buddhist,Class 12,No Limit,90-100,"Rs 8,000/year",10/29,https://scholarships.gov.in,1
First Generation Learner Award 3683,State Education Board,Science,Haryana,Female,SC,Jain,Class 12,No Limit,Above 60,"Rs 6,000/year",12/30,https://scholarships.gov.in,1
BPL Student Aid 3684,Zilla Parishad,Agriculture,Himachal Pradesh,Male,SC,Sikh,Diploma,Upto 5L,90-100,"Rs 8,000/year",9/31,https://scholarships.gov.in,1
District Topper Scholarship 3685,Trust Fund,Management,Arunachal Pradesh,Female,General,Jain,Class 10,Upto 3.5L,Above 75,"Rs 2,500/year",10/30,https://scholarships.gov.in,1
BPL Student Aid 3686,Trust Fund,Management,Karnataka,Female,OBC,Buddhist,Class 12,Upto 2.5L,70-80,"Rs 30,000/year",11/29,https://scholarships.gov.in,1
District Topper Scholarship 3687,NGO Foundation,Engineering,Telangana,Female,EWS,Buddhist,Diploma,Upto 5L,70-80,"Rs 10,000/year",11/29,https://scholarships.gov.in,1
Sports & Academics Scholarship 3688,State Education Board,Design,Telangana,Male,SC,Muslim,Class 10,Upto 5L,80-90,"Rs 40,000/year",9/28,https://scholarships.gov.in,1
Women in STEM Scholarship 3689,Trust Fund,Medical,Bihar,Female,General,Muslim,Undergraduate,Upto 5L,Above 60,"Rs 3,000/year",12/28,https://scholarships.gov.in,1
District Topper Scholarship 3690,NGO Foundation,All,Bihar,Male,All,Sikh,PhD,Upto 1L,70-80,"Rs 50,000/year",11/29,https://scholarships.gov.in,1
First Generation Learner Award 3691,Zilla Parishad,Pharmacy,Sikkim,Female,ST,Buddhist,Undergraduate,No Limit,80-90,"Rs 12,000/year",12/28,https://scholarships.gov.in,1
Women in STEM Scholarship 3692,Trust Fund,Architecture,Chhattisgarh,All,All,Hindu,Postgraduate,Upto 3.5L,Above 60,"Rs 15,000/year",10/28,https://scholarships.gov.in,1
Single Parent Child Scholarship 3693,State Education Board,Medical,Rajasthan,Female,OBC,Sikh,Diploma,Upto 2.5L,80-90,"Rs 2,500/year",10/31,https://scholarships.gov.in,1
Backward Class Merit Award 3694,NGO Foundation,Agriculture,Himachal Pradesh,All,General,Muslim,Class 10,Upto 1L,90-100,"Rs 18,000/year",10/28,https://scholarships.gov.in,1
Women in STEM Scholarship 3695,State Education Board,Medical,Gujarat,Male,ST,Jain,PhD,Upto 2.5L,Above 60,"Rs 12,000/year",10/29,https://scholarships.gov.in,1
Sports & Academics Scholarship 3696,State Education Board,Science,Delhi,All,ST,Christian,Diploma,No Limit,Above 60,"Rs 1,500/year",12/29,https://scholarships.gov.in,1
Backward Class Merit Award 3697,State Education Board,All,Goa,Male,All,Muslim,PhD,Upto 1L,60-70,"Rs 30,000/year",12/29,https://scholarships.gov.in,1
Women in STEM Scholarship 3698,NGO Foundation,Agriculture,Jharkhand,Female,Minority,Christian,Postgraduate,Upto 5L,60-70,"Rs 2,000/year",10/31,https://scholarships.gov.in,1
Single Parent Child Scholarship 3699,District Collector Office,Pharmacy,Arunachal Pradesh,All,OBC,Sikh,Postgraduate,Upto 3.5L,80-90,"Rs 35,000/year",10/28,https://scholarships.gov.in,1
BPL Student Aid 3700,Trust Fund,Computer Science,Mizoram,Female,All,Buddhist,Class 12,Upto 1L,60-70,"Rs 6,000/year",9/29,https://scholarships.gov.in,1
Sports & Academics Scholarship 3701,NGO Foundation,Agriculture,Mizoram,Female,OBC,Sikh,Postgraduate,Upto 5L,Above 75,"Rs 50,000/year",11/28,https://scholarships.gov.in,1
Sports & Academics Scholarship 3702,District Collector Office,Education,Maharashtra,All,ST,Hindu,Diploma,Upto 1L,90-100,"Rs 10,000/year",10/30,https://scholarships.gov.in,1
Sports & Academics Scholarship 3703,Trust Fund,Law,Kerala,All,EWS,Buddhist,Postgraduate,Upto 1L,Above 60,"Rs 12,000/year",9/28,https://scholarships.gov.in,1
Women in STEM Scholarship 3704,Zilla Parishad,Science,Uttarakhand,Female,EWS,Christian,Postgraduate,No Limit,80-90,"Rs 1,000/year",12/30,https://scholarships.gov.in,1
BPL Student Aid 3705,State Education Board,Law,Odisha,Male,Minority,Muslim,Class 12,Upto 3.5L,Above 75,"Rs 40,000/year",11/30,https://scholarships.gov.in,1
Women in STEM Scholarship 3706,Trust Fund,Design,Jharkhand,Male,OBC,Sikh,PhD,Upto 8L,90-100,"Rs 60,000/year",12/31,https://scholarships.gov.in,1
Women in STEM Scholarship 3707,State Education Board,All,West Bengal,Male,SC,Hindu,Class 12,Upto 5L,Above 60,"Rs 18,000/year",10/29,https://scholarships.gov.in,1
Single Parent Child Scholarship 3708,Trust Fund,Medical,Madhya Pradesh,All,ST,All,Postgraduate,No Limit,Above 75,"Rs 12,000/year",11/29,https://scholarships.gov.in,1
Academic Excellence Grant 3709,Trust Fund,Biotechnology,Manipur,Male,All,Buddhist,Diploma,Upto 8L,60-70,"Rs 12,000/year",12/29,https://scholarships.gov.in,1
Rural Student Scholarship 3710,District Collector Office,Agriculture,Odisha,Male,All,All,PhD,No Limit,50-60,"Rs 6,000/year",10/31,https://scholarships.gov.in,1
District Topper Scholarship 3711,Trust Fund,Engineering,Mizoram,Female,Minority,Sikh,Class 10,Upto 3.5L,Above 60,"Rs 50,000/year",11/29,https://scholarships.gov.in,1
BPL Student Aid 3712,District Collector Office,Science,Rajasthan,Male,OBC,Sikh,Class 10,Upto 2.5L,Above 75,"Rs 30,000/year",9/31,https://scholarships.gov.in,1
Single Parent Child Scholarship 3713,District Collector Office,Education,Andhra Pradesh,Male,Minority,Christian,Class 12,Upto 3.5L,80-90,"Rs 2,500/year",12/28,https://scholarships.gov.in,1
Sports & Academics Scholarship 3714,NGO Foundation,Science,Rajasthan,All,ST,Sikh,PhD,No Limit,70-80,"Rs 15,000/year",12/30,https://scholarships.gov.in,1
District Topper Scholarship 3715,Trust Fund,Education,Mizoram,Male,OBC,Hindu,Diploma,Upto 2.5L,90-100,"Rs 5,000/year",12/29,https://scholarships.gov.in,1
Backward Class Merit Award 3716,District Collector Office,Engineering,West Bengal,Male,ST,All,Class 12,No Limit,50-60,"Rs 3,000/year",9/30,https://scholarships.gov.in,1
Rural Student Scholarship 3717,NGO Foundation,Design,Uttar Pradesh,Male,General,Christian,Class 10,Upto 3.5L,Above 60,"Rs 6,000/year",11/31,https://scholarships.gov.in,1
Women in STEM Scholarship 3718,Zilla Parishad,Pharmacy,Punjab,Female,SC,Muslim,Undergraduate,Upto 1L,70-80,"Rs 1,000/year",11/30,https://scholarships.gov.in,1
Rural Student Scholarship 3719,NGO Foundation,Education,Mizoram,Female,Minority,Hindu,Class 12,Upto 5L,80-90,"Rs 5,000/year",12/31,https://scholarships.gov.in,1
Women in STEM Scholarship 3720,Trust Fund,Education,Haryana,Male,OBC,Muslim,Class 12,Upto 2.5L,80-90,"Rs 1,000/year",12/31,https://scholarships.gov.in,1
Sports & Academics Scholarship 3721,State Education Board,Journalism,Jharkhand,Male,All,Muslim,Undergraduate,Upto 8L,Above 60,"Rs 75,000/year",11/30,https://scholarships.gov.in,1
Backward Class Merit Award 3722,NGO Foundation,Architecture,Meghalaya,All,ST,Jain,Undergraduate,Upto 3.5L,70-80,"Rs 40,000/year",10/28,https://scholarships.gov.in,1
Backward Class Merit Award 3723,State Education Board,Computer Science,Manipur,Female,EWS,Muslim,Postgraduate,Upto 1L,70-80,"Rs 35,000/year",10/30,https://scholarships.gov.in,1
First Generation Learner Award 3724,NGO Foundation,Biotechnology,Arunachal Pradesh,Female,All,Buddhist,Class 10,Upto 3.5L,70-80,"Rs 18,000/year",11/30,https://scholarships.gov.in,1
Rural Student Scholarship 3725,Zilla Parishad,Journalism,Tripura,Female,Minority,Muslim,PhD,No Limit,60-70,"Rs 6,000/year",11/30,https://scholarships.gov.in,1
First Generation Learner Award 3726,Zilla Parishad,Biotechnology,West Bengal,All,SC,Christian,Postgraduate,Upto 8L,80-90,"Rs 2,000/year",12/29,https://scholarships.gov.in,1
Women in STEM Scholarship 3727,Zilla Parishad,Science,Meghalaya,Male,SC,Buddhist,Postgraduate,Upto 5L,Above 75,"Rs 5,000/year",12/31,https://scholarships.gov.in,1
Academic Excellence Grant 3728,District Collector Office,Medical,Uttar Pradesh,All,SC,Buddhist,Diploma,Upto 1L,60-70,"Rs 25,000/year",11/30,https://scholarships.gov.in,1
District Topper Scholarship 3729,District Collector Office,Arts/Commerce,Punjab,All,Minority,Hindu,Undergraduate,Upto 2.5L,Above 75,"Rs 1,500/year",11/29,https://scholarships.gov.in,1
Backward Class Merit Award 3730,State Education Board,Management,Jammu & Kashmir,Female,ST,Buddhist,Undergraduate,No Limit,Above 60,"Rs 18,000/year",10/29,https://scholarships.gov.in,1
First Generation Learner Award 3731,District Collector Office,Journalism,Jammu & Kashmir,Female,Minority,Sikh,Diploma,Upto 5L,Above 75,"Rs 2,000/year",12/30,https://scholarships.gov.in,1
Academic Excellence Grant 3732,State Education Board,Computer Science,Manipur,Female,OBC,Hindu,Undergraduate,Upto 2.5L,60-70,"Rs 5,000/year",10/29,https://scholarships.gov.in,1
Single Parent Child Scholarship 3733,Trust Fund,Engineering,Haryana,All,EWS,All,Diploma,No Limit,80-90,"Rs 10,000/year",10/29,https://scholarships.gov.in,1
Best Student Award Scholarship 3734,State Education Board,Education,Arunachal Pradesh,Female,ST,All,Class 12,Upto 1L,60-70,"Rs 20,000/year",11/31,https://scholarships.gov.in,1
Best Student Award Scholarship 3735,District Collector Office,Medical,Rajasthan,Female,All,Sikh,Class 10,Upto 2.5L,60-70,"Rs 1,500/year",12/28,https://scholarships.gov.in,1
Best Student Award Scholarship 3736,District Collector Office,Computer Science,Nagaland,Male,OBC,All,Postgraduate,Upto 1L,50-60,"Rs 30,000/year",9/29,https://scholarships.gov.in,1
District Topper Scholarship 3737,NGO Foundation,Arts/Commerce,Gujarat,Male,Minority,Buddhist,Diploma,Upto 5L,70-80,"Rs 5,000/year",12/30,https://scholarships.gov.in,1
BPL Student Aid 3738,NGO Foundation,All,Sikkim,Male,EWS,Christian,Class 12,Upto 2.5L,90-100,"Rs 40,000/year",12/31,https://scholarships.gov.in,1
Academic Excellence Grant 3739,State Education Board,Management,Maharashtra,Male,General,Jain,Class 10,Upto 5L,80-90,"Rs 25,000/year",12/29,https://scholarships.gov.in,1
Women in STEM Scholarship 3740,State Education Board,Pharmacy,Meghalaya,Female,All,Jain,PhD,Upto 8L,Above 75,"Rs 75,000/year",10/31,https://scholarships.gov.in,1
Sports & Academics Scholarship 3741,Zilla Parishad,Architecture,Chhattisgarh,Male,EWS,All,Diploma,Upto 8L,Above 75,"Rs 35,000/year",11/29,https://scholarships.gov.in,1
Academic Excellence Grant 3742,Trust Fund,Design,Odisha,All,ST,Muslim,Diploma,Upto 2.5L,Above 60,"Rs 12,000/year",12/29,https://scholarships.gov.in,1
Academic Excellence Grant 3743,Zilla Parishad,Education,Karnataka,Female,OBC,All,Class 12,Upto 8L,60-70,"Rs 18,000/year",11/29,https://scholarships.gov.in,1
Best Student Award Scholarship 3744,Zilla Parishad,Design,Mizoram,Female,SC,Buddhist,Undergraduate,Upto 5L,60-70,"Rs 20,000/year",10/29,https://scholarships.gov.in,1
Women in STEM Scholarship 3745,State Education Board,Management,Jammu & Kashmir,Female,ST,Jain,Class 12,Upto 1L,60-70,"Rs 20,000/year",9/31,https://scholarships.gov.in,1
Single Parent Child Scholarship 3746,Trust Fund,Medical,Arunachal Pradesh,Female,OBC,Sikh,PhD,No Limit,70-80,"Rs 20,000/year",9/31,https://scholarships.gov.in,1
Women in STEM Scholarship 3747,Zilla Parishad,Law,Jammu & Kashmir,Female,Minority,Muslim,Class 12,Upto 8L,70-80,"Rs 1,500/year",9/28,https://scholarships.gov.in,1
Single Parent Child Scholarship 3748,NGO Foundation,Biotechnology,Manipur,Male,ST,Sikh,PhD,No Limit,Above 75,"Rs 3,000/year",9/29,https://scholarships.gov.in,1
Women in STEM Scholarship 3749,NGO Foundation,Arts/Commerce,Tripura,Male,All,Jain,Class 12,Upto 2.5L,50-60,"Rs 6,000/year",9/31,https://scholarships.gov.in,1
Best Student Award Scholarship 3750,Trust Fund,Design,Maharashtra,Male,OBC,Sikh,Diploma,Upto 3.5L,60-70,"Rs 18,000/year",11/30,https://scholarships.gov.in,1
Single Parent Child Scholarship 3751,District Collector Office,All,Arunachal Pradesh,Male,ST,Jain,Class 12,No Limit,60-70,"Rs 20,000/year",9/30,https://scholarships.gov.in,1
Backward Class Merit Award 3752,State Education Board,Education,Bihar,Female,Minority,Muslim,Undergraduate,Upto 2.5L,80-90,"Rs 25,000/year",9/29,https://scholarships.gov.in,1
Rural Student Scholarship 3753,NGO Foundation,Agriculture,Karnataka,All,General,Christian,Diploma,Upto 1L,50-60,"Rs 75,000/year",11/30,https://scholarships.gov.in,1
Sports & Academics Scholarship 3754,State Education Board,Science,Meghalaya,Male,OBC,Christian,PhD,Upto 3.5L,60-70,"Rs 10,000/year",11/30,https://scholarships.gov.in,1
First Generation Learner Award 3755,State Education Board,Journalism,Rajasthan,All,Minority,Sikh,Class 12,Upto 3.5L,50-60,"Rs 25,000/year",9/28,https://scholarships.gov.in,1
District Topper Scholarship 3756,Trust Fund,Arts/Commerce,Delhi,Male,Minority,All,Postgraduate,Upto 1L,Above 75,"Rs 30,000/year",9/30,https://scholarships.gov.in,1
Single Parent Child Scholarship 3757,NGO Foundation,Engineering,Rajasthan,Male,All,Buddhist,PhD,No Limit,60-70,"Rs 2,000/year",10/29,https://scholarships.gov.in,1
Academic Excellence Grant 3758,District Collector Office,Biotechnology,Tamil Nadu,Male,SC,Christian,Diploma,Upto 1L,Above 75,"Rs 6,000/year",11/29,https://scholarships.gov.in,1
BPL Student Aid 3759,NGO Foundation,All,Tripura,All,SC,Christian,Class 10,Upto 8L,80-90,"Rs 3,000/year",9/30,https://scholarships.gov.in,1
Women in STEM Scholarship 3760,Trust Fund,Design,Madhya Pradesh,Female,EWS,Sikh,PhD,Upto 3.5L,60-70,"Rs 25,000/year",9/28,https://scholarships.gov.in,1
District Topper Scholarship 3761,NGO Foundation,Science,Meghalaya,Male,EWS,Buddhist,Class 12,Upto 1L,50-60,"Rs 20,000/year",10/29,https://scholarships.gov.in,1
First Generation Learner Award 3762,State Education Board,Law,Kerala,Female,General,Muslim,Postgraduate,Upto 3.5L,80-90,"Rs 2,500/year",11/29,https://scholarships.gov.in,1
First Generation Learner Award 3763,District Collector Office,Pharmacy,Jammu & Kashmir,Male,SC,All,Class 12,Upto 1L,50-60,"Rs 75,000/year",10/30,https://scholarships.gov.in,1
Best Student Award Scholarship 3764,Trust Fund,Management,Andhra Pradesh,Female,EWS,Buddhist,Postgraduate,Upto 2.5L,70-80,"Rs 15,000/year",10/29,https://scholarships.gov.in,1
Single Parent Child Scholarship 3765,State Education Board,Computer Science,Punjab,Male,General,Jain,Diploma,Upto 2.5L,80-90,"Rs 3,000/year",9/30,https://scholarships.gov.in,1
District Topper Scholarship 3766,Trust Fund,All,West Bengal,Female,EWS,Sikh,PhD,No Limit,90-100,"Rs 10,000/year",10/29,https://scholarships.gov.in,1
Women in STEM Scholarship 3767,State Education Board,Biotechnology,Odisha,Male,Minority,Christian,Diploma,Upto 5L,90-100,"Rs 2,000/year",10/29,https://scholarships.gov.in,1
First Generation Learner Award 3768,Trust Fund,Architecture,Chhattisgarh,All,All,Sikh,PhD,Upto 3.5L,60-70,"Rs 20,000/year",12/29,https://scholarships.gov.in,1
Academic Excellence Grant 3769,NGO Foundation,Agriculture,Bihar,All,OBC,Buddhist,Class 10,No Limit,70-80,"Rs 1,000/year",9/29,https://scholarships.gov.in,1
Sports & Academics Scholarship 3770,Trust Fund,Computer Science,Odisha,All,EWS,Jain,PhD,Upto 2.5L,90-100,"Rs 15,000/year",11/30,https://scholarships.gov.in,1
BPL Student Aid 3771,District Collector Office,Pharmacy,Jammu & Kashmir,Male,Minority,Christian,Class 12,No Limit,50-60,"Rs 10,000/year",11/28,https://scholarships.gov.in,1
District Topper Scholarship 3772,Trust Fund,Biotechnology,Gujarat,All,ST,Hindu,Postgraduate,Upto 5L,90-100,"Rs 35,000/year",11/30,https://scholarships.gov.in,1
Rural Student Scholarship 3773,Zilla Parishad,Agriculture,Tamil Nadu,All,EWS,Buddhist,Undergraduate,No Limit,80-90,"Rs 10,000/year",11/29,https://scholarships.gov.in,1
Women in STEM Scholarship 3774,District Collector Office,All,Chhattisgarh,All,EWS,Sikh,PhD,Upto 5L,80-90,"Rs 2,000/year",10/29,https://scholarships.gov.in,1
District Topper Scholarship 3775,Trust Fund,Management,Chhattisgarh,All,OBC,Muslim,Diploma,Upto 2.5L,70-80,"Rs 2,500/year",11/31,https://scholarships.gov.in,1
BPL Student Aid 3776,Trust Fund,Management,Kerala,Male,ST,Jain,PhD,Upto 1L,90-100,"Rs 15,000/year",11/31,https://scholarships.gov.in,1
Sports & Academics Scholarship 3777,Trust Fund,All,Punjab,All,Minority,Sikh,Diploma,Upto 5L,70-80,"Rs 5,000/year",10/30,https://scholarships.gov.in,1
First Generation Learner Award 3778,State Education Board,Biotechnology,Haryana,All,ST,Sikh,Class 12,Upto 5L,90-100,"Rs 3,000/year",11/29,https://scholarships.gov.in,1
Best Student Award Scholarship 3779,Trust Fund,Architecture,Rajasthan,All,ST,Sikh,Postgraduate,Upto 2.5L,60-70,"Rs 25,000/year",11/28,https://scholarships.gov.in,1
Women in STEM Scholarship 3780,Zilla Parishad,Pharmacy,Punjab,All,General,Jain,Diploma,Upto 8L,70-80,"Rs 18,000/year",12/31,https://scholarships.gov.in,1
Sports & Academics Scholarship 3781,District Collector Office,Journalism,Andhra Pradesh,All,Minority,Jain,Diploma,Upto 8L,60-70,"Rs 3,000/year",10/30,https://scholarships.gov.in,1
District Topper Scholarship 3782,Zilla Parishad,Architecture,Sikkim,All,EWS,Hindu,Postgraduate,No Limit,Above 60,"Rs 35,000/year",9/29,https://scholarships.gov.in,1
First Generation Learner Award 3783,District Collector Office,Design,Bihar,Female,General,Jain,Class 10,Upto 3.5L,Above 60,"Rs 15,000/year",11/31,https://scholarships.gov.in,1
Best Student Award Scholarship 3784,Trust Fund,Science,Odisha,All,General,Christian,Class 12,Upto 3.5L,Above 60,"Rs 1,500/year",11/29,https://scholarships.gov.in,1
Backward Class Merit Award 3785,NGO Foundation,Pharmacy,Chhattisgarh,Male,ST,Buddhist,Diploma,Upto 3.5L,50-60,"Rs 75,000/year",10/31,https://scholarships.gov.in,1
District Topper Scholarship 3786,District Collector Office,Arts/Commerce,Delhi,All,EWS,All,Undergraduate,Upto 2.5L,70-80,"Rs 2,000/year",9/30,https://scholarships.gov.in,1
Academic Excellence Grant 3787,Trust Fund,Science,Andhra Pradesh,All,ST,Hindu,Class 10,Upto 2.5L,70-80,"Rs 75,000/year",9/31,https://scholarships.gov.in,1
Sports & Academics Scholarship 3788,Trust Fund,Arts/Commerce,Punjab,All,General,Christian,Undergraduate,Upto 8L,Above 60,"Rs 30,000/year",9/28,https://scholarships.gov.in,1
Academic Excellence Grant 3789,Trust Fund,Arts/Commerce,Uttar Pradesh,Male,ST,All,Class 10,Upto 8L,70-80,"Rs 25,000/year",12/29,https://scholarships.gov.in,1
Women in STEM Scholarship 3790,Zilla Parishad,Engineering,Meghalaya,Female,Minority,Buddhist,Class 12,Upto 5L,70-80,"Rs 20,000/year",9/30,https://scholarships.gov.in,1
District Topper Scholarship 3791,NGO Foundation,Engineering,Bihar,Male,EWS,All,Undergraduate,Upto 2.5L,70-80,"Rs 3,000/year",10/31,https://scholarships.gov.in,1
Women in STEM Scholarship 3792,Trust Fund,Biotechnology,Uttar Pradesh,Female,EWS,Sikh,Class 10,Upto 5L,Above 75,"Rs 5,000/year",12/28,https://scholarships.gov.in,1
Best Student Award Scholarship 3793,Zilla Parishad,Law,Delhi,Female,EWS,Jain,Undergraduate,Upto 2.5L,Above 60,"Rs 10,000/year",9/28,https://scholarships.gov.in,1
Backward Class Merit Award 3794,District Collector Office,Agriculture,Tamil Nadu,All,SC,Christian,Undergraduate,No Limit,50-60,"Rs 2,500/year",11/31,https://scholarships.gov.in,1
Single Parent Child Scholarship 3795,Trust Fund,Pharmacy,Tamil Nadu,Female,Minority,Jain,Undergraduate,Upto 5L,50-60,"Rs 18,000/year",10/30,https://scholarships.gov.in,1
Backward Class Merit Award 3796,State Education Board,All,Assam,Male,EWS,All,Diploma,Upto 1L,Above 75,"Rs 12,000/year",12/31,https://scholarships.gov.in,1
Women in STEM Scholarship 3797,State Education Board,Agriculture,Assam,All,EWS,All,Class 10,Upto 1L,60-70,"Rs 2,000/year",12/28,https://scholarships.gov.in,1
Academic Excellence Grant 3798,District Collector Office,All,Manipur,All,Minority,Jain,Diploma,No Limit,50-60,"Rs 75,000/year",9/31,https://scholarships.gov.in,1
Single Parent Child Scholarship 3799,Zilla Parishad,Design,Punjab,Male,All,Christian,Undergraduate,Upto 8L,80-90,"Rs 50,000/year",10/29,https://scholarships.gov.in,1
Women in STEM Scholarship 3800,District Collector Office,Science,Assam,Female,SC,All,Undergraduate,No Limit,60-70,"Rs 60,000/year",11/31,https://scholarships.gov.in,1
First Generation Learner Award 3801,State Education Board,Computer Science,Mizoram,All,Minority,Muslim,Undergraduate,Upto 3.5L,80-90,"Rs 1,500/year",12/29,https://scholarships.gov.in,1
First Generation Learner Award 3802,Zilla Parishad,Architecture,Tripura,Male,All,All,Postgraduate,Upto 5L,Above 75,"Rs 30,000/year",12/29,https://scholarships.gov.in,1
Academic Excellence Grant 3803,Trust Fund,Medical,West Bengal,Male,EWS,Sikh,Postgraduate,No Limit,Above 75,"Rs 1,500/year",12/28,https://scholarships.gov.in,1
District Topper Scholarship 3804,District Collector Office,Engineering,Delhi,Male,SC,Christian,PhD,Upto 2.5L,60-70,"Rs 2,500/year",12/28,https://scholarships.gov.in,1
Women in STEM Scholarship 3805,NGO Foundation,Medical,Arunachal Pradesh,Male,ST,Buddhist,PhD,Upto 5L,60-70,"Rs 50,000/year",11/29,https://scholarships.gov.in,1
District Topper Scholarship 3806,NGO Foundation,Architecture,Bihar,Male,OBC,Buddhist,Undergraduate,Upto 8L,Above 75,"Rs 3,000/year",9/29,https://scholarships.gov.in,1
Sports & Academics Scholarship 3807,Trust Fund,Architecture,Nagaland,Female,Minority,All,Class 12,Upto 1L,Above 75,"Rs 30,000/year",12/29,https://scholarships.gov.in,1
Backward Class Merit Award 3808,Zilla Parishad,Management,Telangana,Female,Minority,Jain,Class 10,Upto 2.5L,Above 75,"Rs 1,500/year",12/30,https://scholarships.gov.in,1
BPL Student Aid 3809,State Education Board,Pharmacy,Chhattisgarh,Male,OBC,Christian,Postgraduate,No Limit,Above 75,"Rs 1,000/year",9/30,https://scholarships.gov.in,1
Academic Excellence Grant 3810,District Collector Office,Education,Himachal Pradesh,Female,Minority,Buddhist,Postgraduate,No Limit,90-100,"Rs 60,000/year",9/29,https://scholarships.gov.in,1
Single Parent Child Scholarship 3811,State Education Board,Architecture,Nagaland,Male,SC,Hindu,Class 10,Upto 8L,80-90,"Rs 15,000/year",11/30,https://scholarships.gov.in,1
Backward Class Merit Award 3812,Zilla Parishad,Science,Bihar,Female,SC,Muslim,Postgraduate,No Limit,60-70,"Rs 6,000/year",9/31,https://scholarships.gov.in,1
BPL Student Aid 3813,Trust Fund,Journalism,Maharashtra,All,EWS,Muslim,Class 10,Upto 1L,70-80,"Rs 1,500/year",10/30,https://scholarships.gov.in,1
Rural Student Scholarship 3814,State Education Board,Law,Manipur,Female,OBC,Hindu,Diploma,Upto 8L,90-100,"Rs 40,000/year",11/29,https://scholarships.gov.in,1
Academic Excellence Grant 3815,State Education Board,Engineering,Kerala,All,SC,Christian,Class 10,Upto 5L,Above 75,"Rs 35,000/year",11/29,https://scholarships.gov.in,1
Academic Excellence Grant 3816,State Education Board,Education,Meghalaya,All,EWS,Buddhist,Postgraduate,Upto 2.5L,90-100,"Rs 15,000/year",10/31,https://scholarships.gov.in,1
Backward Class Merit Award 3817,State Education Board,Science,Tamil Nadu,All,SC,Christian,Postgraduate,Upto 5L,70-80,"Rs 10,000/year",9/29,https://scholarships.gov.in,1
Rural Student Scholarship 3818,Trust Fund,All,Manipur,All,ST,Christian,Class 10,Upto 3.5L,Above 60,"Rs 60,000/year",12/31,https://scholarships.gov.in,1
BPL Student Aid 3819,District Collector Office,Engineering,Chhattisgarh,Female,ST,Muslim,Undergraduate,Upto 1L,Above 60,"Rs 1,000/year",11/28,https://scholarships.gov.in,1
Women in STEM Scholarship 3820,NGO Foundation,All,Haryana,Male,OBC,Christian,Postgraduate,Upto 5L,60-70,"Rs 3,000/year",9/31,https://scholarships.gov.in,1
Backward Class Merit Award 3821,State Education Board,Architecture,Sikkim,Male,EWS,Hindu,PhD,Upto 3.5L,90-100,"Rs 3,000/year",11/30,https://scholarships.gov.in,1
Best Student Award Scholarship 3822,District Collector Office,Journalism,Uttarakhand,Female,All,Buddhist,Postgraduate,No Limit,80-90,"Rs 25,000/year",10/30,https://scholarships.gov.in,1
Backward Class Merit Award 3823,District Collector Office,Computer Science,Gujarat,Female,Minority,Jain,Diploma,Upto 3.5L,60-70,"Rs 2,000/year",9/28,https://scholarships.gov.in,1
Backward Class Merit Award 3824,NGO Foundation,Agriculture,Arunachal Pradesh,Male,ST,Jain,Postgraduate,Upto 3.5L,60-70,"Rs 5,000/year",9/29,https://scholarships.gov.in,1
Women in STEM Scholarship 3825,NGO Foundation,Design,Goa,Female,OBC,Christian,PhD,Upto 2.5L,Above 75,"Rs 5,000/year",12/28,https://scholarships.gov.in,1
Academic Excellence Grant 3826,Trust Fund,Medical,Uttarakhand,Female,OBC,Buddhist,Class 10,Upto 2.5L,80-90,"Rs 2,000/year",10/30,https://scholarships.gov.in,1
Single Parent Child Scholarship 3827,Trust Fund,Architecture,Sikkim,All,OBC,Sikh,Class 10,No Limit,80-90,"Rs 2,500/year",12/31,https://scholarships.gov.in,1
Single Parent Child Scholarship 3828,NGO Foundation,Law,Uttar Pradesh,All,All,Sikh,Undergraduate,Upto 3.5L,90-100,"Rs 12,000/year",11/31,https://scholarships.gov.in,1
Best Student Award Scholarship 3829,District Collector Office,All,Arunachal Pradesh,All,All,Jain,Postgraduate,Upto 8L,60-70,"Rs 60,000/year",9/29,https://scholarships.gov.in,1
Academic Excellence Grant 3830,NGO Foundation,All,Maharashtra,All,General,Muslim,PhD,Upto 1L,90-100,"Rs 2,000/year",10/29,https://scholarships.gov.in,1
Best Student Award Scholarship 3831,State Education Board,Computer Science,Rajasthan,Male,OBC,Hindu,Postgraduate,Upto 2.5L,Above 60,"Rs 25,000/year",11/30,https://scholarships.gov.in,1
District Topper Scholarship 3832,State Education Board,Education,Tamil Nadu,Female,ST,Jain,Class 12,Upto 5L,Above 60,"Rs 60,000/year",9/30,https://scholarships.gov.in,1
First Generation Learner Award 3833,Trust Fund,Management,Rajasthan,Female,OBC,Christian,Postgraduate,Upto 1L,70-80,"Rs 2,000/year",9/29,https://scholarships.gov.in,1
Sports & Academics Scholarship 3834,State Education Board,Biotechnology,Telangana,Female,OBC,All,PhD,Upto 3.5L,90-100,"Rs 3,000/year",12/30,https://scholarships.gov.in,1
Single Parent Child Scholarship 3835,NGO Foundation,Medical,Gujarat,Male,All,Christian,PhD,No Limit,Above 60,"Rs 2,000/year",10/28,https://scholarships.gov.in,1
Sports & Academics Scholarship 3836,NGO Foundation,Education,Chhattisgarh,Female,All,Muslim,PhD,Upto 1L,90-100,"Rs 40,000/year",11/29,https://scholarships.gov.in,1
BPL Student Aid 3837,NGO Foundation,Agriculture,Assam,Male,ST,Sikh,Class 10,Upto 2.5L,70-80,"Rs 6,000/year",9/29,https://scholarships.gov.in,1
BPL Student Aid 3838,Trust Fund,Journalism,Meghalaya,Male,Minority,All,Class 12,Upto 5L,60-70,"Rs 30,000/year",11/31,https://scholarships.gov.in,1
Women in STEM Scholarship 3839,NGO Foundation,Computer Science,Himachal Pradesh,All,All,Hindu,PhD,Upto 1L,90-100,"Rs 30,000/year",10/31,https://scholarships.gov.in,1
Single Parent Child Scholarship 3840,District Collector Office,Architecture,Andhra Pradesh,All,ST,Sikh,PhD,Upto 1L,70-80,"Rs 8,000/year",12/30,https://scholarships.gov.in,1
Academic Excellence Grant 3841,NGO Foundation,Agriculture,West Bengal,Female,EWS,All,Class 10,Upto 5L,80-90,"Rs 12,000/year",11/28,https://scholarships.gov.in,1
Single Parent Child Scholarship 3842,Zilla Parishad,Architecture,Maharashtra,All,Minority,Jain,Class 12,Upto 3.5L,90-100,"Rs 40,000/year",12/29,https://scholarships.gov.in,1
Single Parent Child Scholarship 3843,Trust Fund,Architecture,Gujarat,All,SC,Muslim,Undergraduate,Upto 3.5L,80-90,"Rs 15,000/year",10/29,https://scholarships.gov.in,1
First Generation Learner Award 3844,District Collector Office,Education,Jharkhand,Male,Minority,Muslim,Diploma,Upto 3.5L,60-70,"Rs 12,000/year",10/31,https://scholarships.gov.in,1
Women in STEM Scholarship 3845,Zilla Parishad,Pharmacy,Kerala,Male,ST,Hindu,Class 10,Upto 3.5L,50-60,"Rs 12,000/year",11/30,https://scholarships.gov.in,1
First Generation Learner Award 3846,Zilla Parishad,Management,Arunachal Pradesh,Male,OBC,Buddhist,PhD,Upto 8L,50-60,"Rs 18,000/year",12/31,https://scholarships.gov.in,1
District Topper Scholarship 3847,Trust Fund,Medical,Uttar Pradesh,Male,OBC,Jain,Class 12,Upto 3.5L,70-80,"Rs 12,000/year",10/31,https://scholarships.gov.in,1
Single Parent Child Scholarship 3848,District Collector Office,Science,Jharkhand,Female,SC,Buddhist,Class 10,No Limit,50-60,"Rs 2,000/year",10/28,https://scholarships.gov.in,1
Academic Excellence Grant 3849,District Collector Office,Arts/Commerce,Andhra Pradesh,Female,OBC,Hindu,Class 10,Upto 8L,50-60,"Rs 5,000/year",12/30,https://scholarships.gov.in,1
Best Student Award Scholarship 3850,NGO Foundation,Education,Gujarat,Female,EWS,Sikh,PhD,Upto 3.5L,70-80,"Rs 40,000/year",11/30,https://scholarships.gov.in,1
First Generation Learner Award 3851,NGO Foundation,Management,Jammu & Kashmir,Male,SC,Christian,PhD,Upto 2.5L,90-100,"Rs 30,000/year",10/28,https://scholarships.gov.in,1
Single Parent Child Scholarship 3852,Trust Fund,Pharmacy,Maharashtra,Female,Minority,Jain,Class 10,Upto 5L,90-100,"Rs 5,000/year",10/28,https://scholarships.gov.in,1
Backward Class Merit Award 3853,State Education Board,Pharmacy,Uttarakhand,Male,OBC,Buddhist,PhD,Upto 8L,50-60,"Rs 12,000/year",10/29,https://scholarships.gov.in,1
Single Parent Child Scholarship 3854,State Education Board,Science,Madhya Pradesh,Male,All,Jain,Class 12,Upto 8L,80-90,"Rs 3,000/year",12/30,https://scholarships.gov.in,1
Single Parent Child Scholarship 3855,NGO Foundation,Education,Assam,Female,ST,All,Undergraduate,Upto 5L,60-70,"Rs 12,000/year",9/30,https://scholarships.gov.in,1
Women in STEM Scholarship 3856,State Education Board,Pharmacy,Tripura,All,General,All,PhD,Upto 3.5L,Above 75,"Rs 1,000/year",10/31,https://scholarships.gov.in,1
Backward Class Merit Award 3857,District Collector Office,Design,Kerala,Male,OBC,Muslim,Class 10,Upto 3.5L,Above 75,"Rs 25,000/year",11/30,https://scholarships.gov.in,1
First Generation Learner Award 3858,NGO Foundation,Medical,Kerala,Female,EWS,Jain,Class 10,Upto 5L,80-90,"Rs 1,500/year",10/30,https://scholarships.gov.in,1
Rural Student Scholarship 3859,NGO Foundation,Medical,Arunachal Pradesh,Female,Minority,All,Diploma,No Limit,Above 75,"Rs 75,000/year",10/29,https://scholarships.gov.in,1
Backward Class Merit Award 3860,District Collector Office,Agriculture,Kerala,Female,SC,All,Class 12,Upto 8L,Above 75,"Rs 40,000/year",11/31,https://scholarships.gov.in,1
Academic Excellence Grant 3861,Zilla Parishad,Law,Kerala,All,All,Jain,Diploma,Upto 3.5L,Above 60,"Rs 20,000/year",11/31,https://scholarships.gov.in,1
BPL Student Aid 3862,NGO Foundation,Science,West Bengal,Male,All,All,Class 10,Upto 8L,Above 75,"Rs 40,000/year",11/30,https://scholarships.gov.in,1
Backward Class Merit Award 3863,Zilla Parishad,Science,Manipur,All,All,Hindu,Class 10,Upto 3.5L,50-60,"Rs 6,000/year",9/30,https://scholarships.gov.in,1
Rural Student Scholarship 3864,State Education Board,Biotechnology,Maharashtra,Male,ST,Christian,PhD,No Limit,80-90,"Rs 3,000/year",11/31,https://scholarships.gov.in,1
Best Student Award Scholarship 3865,Zilla Parishad,Computer Science,Manipur,Female,ST,Sikh,Postgraduate,Upto 2.5L,90-100,"Rs 15,000/year",11/28,https://scholarships.gov.in,1
BPL Student Aid 3866,District Collector Office,Engineering,Bihar,Male,EWS,Christian,Diploma,Upto 2.5L,60-70,"Rs 2,500/year",11/30,https://scholarships.gov.in,1
Backward Class Merit Award 3867,Zilla Parishad,Medical,Chhattisgarh,Female,OBC,Jain,PhD,Upto 3.5L,Above 75,"Rs 40,000/year",11/30,https://scholarships.gov.in,1
Backward Class Merit Award 3868,Zilla Parishad,Biotechnology,Meghalaya,Female,All,Christian,Class 10,Upto 5L,Above 60,"Rs 75,000/year",12/31,https://scholarships.gov.in,1
Women in STEM Scholarship 3869,Zilla Parishad,Education,Jammu & Kashmir,Female,OBC,Christian,PhD,Upto 1L,90-100,"Rs 5,000/year",9/29,https://scholarships.gov.in,1
Women in STEM Scholarship 3870,Trust Fund,All,Delhi,Male,General,Christian,Postgraduate,Upto 1L,70-80,"Rs 2,500/year",10/31,https://scholarships.gov.in,1
Academic Excellence Grant 3871,NGO Foundation,All,Bihar,Male,OBC,Sikh,Class 10,Upto 2.5L,70-80,"Rs 5,000/year",12/29,https://scholarships.gov.in,1
Backward Class Merit Award 3872,State Education Board,Agriculture,Andhra Pradesh,Male,General,Buddhist,Postgraduate,Upto 3.5L,80-90,"Rs 30,000/year",11/31,https://scholarships.gov.in,1
Academic Excellence Grant 3873,Zilla Parishad,Journalism,Delhi,Female,All,Jain,Undergraduate,Upto 5L,60-70,"Rs 1,000/year",11/29,https://scholarships.gov.in,1
First Generation Learner Award 3874,State Education Board,Architecture,Meghalaya,Female,All,Hindu,PhD,Upto 8L,60-70,"Rs 35,000/year",10/30,https://scholarships.gov.in,1
BPL Student Aid 3875,District Collector Office,Management,Assam,Female,ST,Jain,Diploma,Upto 3.5L,80-90,"Rs 30,000/year",11/28,https://scholarships.gov.in,1
Best Student Award Scholarship 3876,State Education Board,Architecture,Tripura,Male,SC,All,Class 12,No Limit,50-60,"Rs 1,000/year",9/29,https://scholarships.gov.in,1
Rural Student Scholarship 3877,State Education Board,Journalism,Uttar Pradesh,Male,SC,Jain,Diploma,Upto 1L,Above 75,"Rs 1,000/year",11/30,https://scholarships.gov.in,1
BPL Student Aid 3878,NGO Foundation,Biotechnology,Kerala,Female,ST,All,Class 10,Upto 3.5L,Above 60,"Rs 15,000/year",11/29,https://scholarships.gov.in,1
Single Parent Child Scholarship 3879,NGO Foundation,Agriculture,Himachal Pradesh,Female,All,Muslim,Class 12,Upto 5L,90-100,"Rs 35,000/year",10/30,https://scholarships.gov.in,1
First Generation Learner Award 3880,District Collector Office,Engineering,Bihar,Female,SC,Hindu,Diploma,No Limit,80-90,"Rs 75,000/year",10/30,https://scholarships.gov.in,1
District Topper Scholarship 3881,District Collector Office,All,Chhattisgarh,Male,ST,Sikh,Diploma,No Limit,70-80,"Rs 8,000/year",9/29,https://scholarships.gov.in,1
BPL Student Aid 3882,NGO Foundation,Education,Gujarat,All,General,Muslim,Class 12,Upto 8L,70-80,"Rs 50,000/year",9/30,https://scholarships.gov.in,1
Single Parent Child Scholarship 3883,Zilla Parishad,Law,Jammu & Kashmir,Female,Minority,Christian,Undergraduate,No Limit,70-80,"Rs 6,000/year",12/28,https://scholarships.gov.in,1
Backward Class Merit Award 3884,District Collector Office,Architecture,Nagaland,Female,EWS,Buddhist,PhD,Upto 2.5L,70-80,"Rs 15,000/year",9/29,https://scholarships.gov.in,1
Best Student Award Scholarship 3885,District Collector Office,Agriculture,Tripura,Female,EWS,Muslim,Undergraduate,Upto 3.5L,90-100,"Rs 1,000/year",12/31,https://scholarships.gov.in,1
Academic Excellence Grant 3886,NGO Foundation,Law,Sikkim,Male,Minority,All,Postgraduate,Upto 2.5L,90-100,"Rs 40,000/year",11/28,https://scholarships.gov.in,1
Women in STEM Scholarship 3887,State Education Board,All,Sikkim,Female,SC,Muslim,Class 12,Upto 1L,70-80,"Rs 2,500/year",10/29,https://scholarships.gov.in,1
District Topper Scholarship 3888,District Collector Office,Medical,Haryana,Male,SC,Muslim,Postgraduate,Upto 2.5L,70-80,"Rs 40,000/year",11/30,https://scholarships.gov.in,1
Sports & Academics Scholarship 3889,NGO Foundation,Computer Science,Punjab,Male,General,Muslim,Undergraduate,Upto 8L,70-80,"Rs 8,000/year",11/28,https://scholarships.gov.in,1
Sports & Academics Scholarship 3890,Zilla Parishad,Design,Rajasthan,All,All,Muslim,Undergraduate,Upto 1L,50-60,"Rs 60,000/year",10/29,https://scholarships.gov.in,1
Backward Class Merit Award 3891,District Collector Office,Agriculture,Goa,Male,EWS,Christian,Diploma,Upto 1L,Above 60,"Rs 3,000/year",11/29,https://scholarships.gov.in,1
BPL Student Aid 3892,NGO Foundation,Education,Bihar,Male,General,Hindu,Diploma,Upto 8L,70-80,"Rs 2,500/year",12/31,https://scholarships.gov.in,1
Best Student Award Scholarship 3893,State Education Board,Biotechnology,Goa,Female,SC,All,Class 10,No Limit,60-70,"Rs 1,500/year",11/31,https://scholarships.gov.in,1
Best Student Award Scholarship 3894,Trust Fund,All,Goa,Male,All,Jain,Class 10,Upto 8L,Above 60,"Rs 15,000/year",10/28,https://scholarships.gov.in,1
Women in STEM Scholarship 3895,District Collector Office,Pharmacy,Uttar Pradesh,Male,SC,Christian,Undergraduate,No Limit,80-90,"Rs 60,000/year",9/29,https://scholarships.gov.in,1
Single Parent Child Scholarship 3896,Zilla Parishad,Arts/Commerce,Meghalaya,All,Minority,Buddhist,Undergraduate,Upto 3.5L,Above 75,"Rs 30,000/year",9/28,https://scholarships.gov.in,1
Best Student Award Scholarship 3897,District Collector Office,Journalism,Gujarat,All,Minority,Christian,Class 10,Upto 5L,Above 60,"Rs 15,000/year",9/29,https://scholarships.gov.in,1
Sports & Academics Scholarship 3898,State Education Board,Pharmacy,Tripura,Female,Minority,Jain,Class 10,Upto 5L,50-60,"Rs 15,000/year",10/30,https://scholarships.gov.in,1
District Topper Scholarship 3899,NGO Foundation,Agriculture,Assam,All,General,Jain,PhD,Upto 1L,90-100,"Rs 25,000/year",9/29,https://scholarships.gov.in,1
Sports & Academics Scholarship 3900,District Collector Office,Computer Science,Karnataka,Female,OBC,Sikh,Postgraduate,No Limit,90-100,"Rs 12,000/year",9/30,https://scholarships.gov.in,1
Single Parent Child Scholarship 3901,State Education Board,Medical,Andhra Pradesh,All,General,Sikh,Class 10,Upto 3.5L,60-70,"Rs 12,000/year",11/28,https://scholarships.gov.in,1
Academic Excellence Grant 3902,NGO Foundation,Architecture,Punjab,Male,ST,Buddhist,Undergraduate,Upto 3.5L,Above 60,"Rs 50,000/year",10/30,https://scholarships.gov.in,1
Academic Excellence Grant 3903,Zilla Parishad,Law,Meghalaya,All,EWS,Muslim,Undergraduate,Upto 3.5L,80-90,"Rs 3,000/year",12/29,https://scholarships.gov.in,1
Rural Student Scholarship 3904,Trust Fund,Computer Science,Himachal Pradesh,All,OBC,Hindu,Diploma,Upto 5L,70-80,"Rs 18,000/year",12/28,https://scholarships.gov.in,1
Best Student Award Scholarship 3905,State Education Board,Medical,Odisha,All,ST,All,Class 10,Upto 3.5L,Above 60,"Rs 12,000/year",10/30,https://scholarships.gov.in,1
Women in STEM Scholarship 3906,State Education Board,Architecture,Rajasthan,Male,OBC,Jain,PhD,Upto 8L,90-100,"Rs 40,000/year",10/30,https://scholarships.gov.in,1
Women in STEM Scholarship 3907,Trust Fund,Architecture,Karnataka,Female,All,Jain,Diploma,Upto 5L,Above 75,"Rs 2,500/year",10/30,https://scholarships.gov.in,1
Best Student Award Scholarship 3908,District Collector Office,Medical,Chhattisgarh,Male,OBC,Buddhist,Postgraduate,Upto 2.5L,80-90,"Rs 60,000/year",12/31,https://scholarships.gov.in,1
Rural Student Scholarship 3909,District Collector Office,Computer Science,Uttar Pradesh,Female,General,Muslim,Class 12,No Limit,Above 75,"Rs 5,000/year",10/28,https://scholarships.gov.in,1
Women in STEM Scholarship 3910,District Collector Office,Education,Nagaland,Female,All,Sikh,Undergraduate,Upto 3.5L,60-70,"Rs 15,000/year",9/29,https://scholarships.gov.in,1
Women in STEM Scholarship 3911,Zilla Parishad,Architecture,Tripura,Female,ST,Jain,Postgraduate,Upto 5L,Above 75,"Rs 20,000/year",9/31,https://scholarships.gov.in,1
Rural Student Scholarship 3912,State Education Board,Science,Tamil Nadu,Female,General,Sikh,Class 12,Upto 5L,Above 75,"Rs 3,000/year",11/30,https://scholarships.gov.in,1
Sports & Academics Scholarship 3913,District Collector Office,Agriculture,Jharkhand,Male,OBC,Christian,Undergraduate,Upto 2.5L,80-90,"Rs 18,000/year",10/31,https://scholarships.gov.in,1
Single Parent Child Scholarship 3914,District Collector Office,Medical,Maharashtra,All,SC,Hindu,Class 10,Upto 2.5L,Above 60,"Rs 20,000/year",10/31,https://scholarships.gov.in,1
BPL Student Aid 3915,District Collector Office,Science,Maharashtra,Female,ST,Sikh,Class 10,Upto 3.5L,60-70,"Rs 3,000/year",10/31,https://scholarships.gov.in,1
BPL Student Aid 3916,State Education Board,Journalism,Andhra Pradesh,Female,General,Buddhist,Class 10,Upto 2.5L,Above 60,"Rs 18,000/year",9/28,https://scholarships.gov.in,1
Sports & Academics Scholarship 3917,District Collector Office,Medical,Uttar Pradesh,Female,SC,Christian,Postgraduate,Upto 5L,Above 60,"Rs 3,000/year",12/29,https://scholarships.gov.in,1
Rural Student Scholarship 3918,State Education Board,Computer Science,Gujarat,Male,OBC,Sikh,Class 10,Upto 5L,Above 60,"Rs 50,000/year",11/30,https://scholarships.gov.in,1
District Topper Scholarship 3919,Trust Fund,Law,Uttar Pradesh,All,OBC,Hindu,Undergraduate,Upto 2.5L,80-90,"Rs 1,000/year",11/29,https://scholarships.gov.in,1
Single Parent Child Scholarship 3920,Trust Fund,Arts/Commerce,Tripura,Female,OBC,Buddhist,PhD,Upto 3.5L,70-80,"Rs 30,000/year",12/30,https://scholarships.gov.in,1
District Topper Scholarship 3921,Trust Fund,Engineering,Nagaland,Male,All,Hindu,Postgraduate,Upto 8L,80-90,"Rs 60,000/year",10/28,https://scholarships.gov.in,1
Best Student Award Scholarship 3922,State Education Board,Science,Mizoram,Male,All,Hindu,PhD,No Limit,80-90,"Rs 15,000/year",10/30,https://scholarships.gov.in,1
Backward Class Merit Award 3923,Trust Fund,Law,Punjab,Female,EWS,All,Diploma,No Limit,60-70,"Rs 1,000/year",10/29,https://scholarships.gov.in,1
First Generation Learner Award 3924,District Collector Office,Journalism,Haryana,Female,ST,Muslim,Diploma,Upto 5L,90-100,"Rs 1,000/year",9/29,https://scholarships.gov.in,1
Backward Class Merit Award 3925,NGO Foundation,Biotechnology,Haryana,Male,All,Jain,PhD,No Limit,60-70,"Rs 18,000/year",9/29,https://scholarships.gov.in,1
District Topper Scholarship 3926,Trust Fund,Architecture,Bihar,Female,EWS,All,Class 10,Upto 5L,Above 75,"Rs 20,000/year",11/30,https://scholarships.gov.in,1
Best Student Award Scholarship 3927,Zilla Parishad,Education,Meghalaya,Female,General,All,Class 12,Upto 1L,70-80,"Rs 12,000/year",12/31,https://scholarships.gov.in,1
Academic Excellence Grant 3928,Trust Fund,Journalism,Delhi,Male,EWS,Hindu,Class 12,Upto 1L,60-70,"Rs 10,000/year",12/31,https://scholarships.gov.in,1
First Generation Learner Award 3929,District Collector Office,Journalism,Chhattisgarh,Male,All,Jain,Undergraduate,Upto 1L,70-80,"Rs 18,000/year",12/28,https://scholarships.gov.in,1
First Generation Learner Award 3930,Trust Fund,Design,Tripura,Male,Minority,Christian,Postgraduate,Upto 1L,Above 60,"Rs 6,000/year",9/30,https://scholarships.gov.in,1
BPL Student Aid 3931,NGO Foundation,Management,Goa,Female,All,Sikh,Undergraduate,Upto 3.5L,90-100,"Rs 35,000/year",12/29,https://scholarships.gov.in,1
First Generation Learner Award 3932,State Education Board,Architecture,Mizoram,Male,General,Christian,Diploma,Upto 8L,Above 60,"Rs 1,000/year",12/29,https://scholarships.gov.in,1
Sports & Academics Scholarship 3933,NGO Foundation,Law,Delhi,Male,OBC,All,PhD,Upto 3.5L,80-90,"Rs 3,000/year",11/30,https://scholarships.gov.in,1
District Topper Scholarship 3934,State Education Board,Journalism,Punjab,All,All,Jain,Class 12,Upto 3.5L,80-90,"Rs 12,000/year",11/29,https://scholarships.gov.in,1
Backward Class Merit Award 3935,State Education Board,Computer Science,Meghalaya,Female,All,Sikh,PhD,Upto 3.5L,50-60,"Rs 6,000/year",11/29,https://scholarships.gov.in,1
Women in STEM Scholarship 3936,District Collector Office,Architecture,Delhi,Male,OBC,Muslim,Class 10,No Limit,Above 60,"Rs 6,000/year",10/30,https://scholarships.gov.in,1
Women in STEM Scholarship 3937,District Collector Office,Architecture,Jharkhand,Female,General,All,Diploma,Upto 1L,90-100,"Rs 50,000/year",11/31,https://scholarships.gov.in,1
Single Parent Child Scholarship 3938,State Education Board,Arts/Commerce,Telangana,Female,OBC,Buddhist,Class 10,Upto 3.5L,70-80,"Rs 30,000/year",10/30,https://scholarships.gov.in,1
Women in STEM Scholarship 3939,District Collector Office,Engineering,Meghalaya,Male,Minority,All,Undergraduate,Upto 1L,80-90,"Rs 30,000/year",10/30,https://scholarships.gov.in,1
Best Student Award Scholarship 3940,NGO Foundation,Design,Jammu & Kashmir,All,EWS,Jain,Class 12,No Limit,Above 75,"Rs 8,000/year",9/28,https://scholarships.gov.in,1
Women in STEM Scholarship 3941,District Collector Office,Science,Manipur,Female,All,Sikh,Class 10,Upto 8L,70-80,"Rs 12,000/year",11/31,https://scholarships.gov.in,1
Rural Student Scholarship 3942,District Collector Office,Management,Assam,All,ST,Jain,Postgraduate,Upto 5L,80-90,"Rs 6,000/year",12/30,https://scholarships.gov.in,1
Best Student Award Scholarship 3943,Zilla Parishad,Design,Manipur,All,OBC,Buddhist,PhD,No Limit,50-60,"Rs 40,000/year",12/29,https://scholarships.gov.in,1
Best Student Award Scholarship 3944,Trust Fund,Management,Mizoram,Male,SC,Jain,Postgraduate,Upto 5L,90-100,"Rs 18,000/year",9/30,https://scholarships.gov.in,1
First Generation Learner Award 3945,State Education Board,Medical,Telangana,Male,ST,Sikh,Postgraduate,Upto 1L,90-100,"Rs 30,000/year",11/29,https://scholarships.gov.in,1
BPL Student Aid 3946,NGO Foundation,Design,Kerala,Female,OBC,Jain,Diploma,Upto 8L,Above 60,"Rs 15,000/year",10/29,https://scholarships.gov.in,1
Backward Class Merit Award 3947,NGO Foundation,Science,Gujarat,Male,SC,All,Class 10,Upto 5L,Above 75,"Rs 3,000/year",11/31,https://scholarships.gov.in,1
Sports & Academics Scholarship 3948,Zilla Parishad,Engineering,Chhattisgarh,Male,EWS,Christian,PhD,Upto 3.5L,70-80,"Rs 1,500/year",11/30,https://scholarships.gov.in,1
Best Student Award Scholarship 3949,Zilla Parishad,Pharmacy,Chhattisgarh,All,ST,Jain,Diploma,Upto 3.5L,60-70,"Rs 5,000/year",12/30,https://scholarships.gov.in,1
First Generation Learner Award 3950,District Collector Office,All,Meghalaya,Female,OBC,Buddhist,Postgraduate,Upto 5L,Above 75,"Rs 6,000/year",10/30,https://scholarships.gov.in,1
District Topper Scholarship 3951,Trust Fund,Design,Telangana,Male,General,Sikh,Class 10,Upto 5L,Above 60,"Rs 18,000/year",9/30,https://scholarships.gov.in,1
First Generation Learner Award 3952,NGO Foundation,Computer Science,Maharashtra,Male,General,Hindu,PhD,Upto 1L,Above 75,"Rs 60,000/year",11/28,https://scholarships.gov.in,1
Single Parent Child Scholarship 3953,Trust Fund,Engineering,Goa,All,OBC,Muslim,Class 12,Upto 2.5L,50-60,"Rs 1,500/year",10/28,https://scholarships.gov.in,1
BPL Student Aid 3954,NGO Foundation,Journalism,Delhi,All,OBC,Jain,Undergraduate,Upto 8L,90-100,"Rs 40,000/year",12/28,https://scholarships.gov.in,1
Best Student Award Scholarship 3955,NGO Foundation,All,Maharashtra,All,ST,Jain,PhD,Upto 8L,Above 75,"Rs 35,000/year",9/30,https://scholarships.gov.in,1
Best Student Award Scholarship 3956,District Collector Office,Design,Rajasthan,All,OBC,Jain,Diploma,No Limit,80-90,"Rs 25,000/year",11/30,https://scholarships.gov.in,1
Academic Excellence Grant 3957,Zilla Parishad,Arts/Commerce,Jammu & Kashmir,Female,All,Hindu,PhD,Upto 2.5L,Above 75,"Rs 10,000/year",12/31,https://scholarships.gov.in,1
Academic Excellence Grant 3958,Zilla Parishad,Management,Sikkim,Female,General,Hindu,Undergraduate,Upto 1L,Above 75,"Rs 8,000/year",11/28,https://scholarships.gov.in,1
Rural Student Scholarship 3959,Zilla Parishad,Law,Kerala,Male,ST,Hindu,Undergraduate,Upto 8L,Above 75,"Rs 1,000/year",12/30,https://scholarships.gov.in,1
Single Parent Child Scholarship 3960,State Education Board,Journalism,Tripura,Female,SC,Jain,Postgraduate,Upto 1L,Above 60,"Rs 10,000/year",12/28,https://scholarships.gov.in,1
Single Parent Child Scholarship 3961,Zilla Parishad,Education,Telangana,Female,OBC,Buddhist,Class 12,Upto 8L,50-60,"Rs 2,000/year",9/31,https://scholarships.gov.in,1
Rural Student Scholarship 3962,Zilla Parishad,All,Jharkhand,Female,SC,Jain,PhD,Upto 1L,80-90,"Rs 5,000/year",11/30,https://scholarships.gov.in,1
Academic Excellence Grant 3963,State Education Board,Management,Bihar,Male,EWS,Buddhist,Undergraduate,Upto 5L,80-90,"Rs 10,000/year",11/28,https://scholarships.gov.in,1
Rural Student Scholarship 3964,District Collector Office,Design,Madhya Pradesh,Male,All,Sikh,Undergraduate,No Limit,70-80,"Rs 2,000/year",9/30,https://scholarships.gov.in,1
District Topper Scholarship 3965,State Education Board,Engineering,Sikkim,Female,SC,Hindu,Postgraduate,No Limit,Above 60,"Rs 1,000/year",10/30,https://scholarships.gov.in,1
Best Student Award Scholarship 3966,Trust Fund,Management,Haryana,Male,SC,Christian,Postgraduate,Upto 5L,80-90,"Rs 30,000/year",12/30,https://scholarships.gov.in,1
BPL Student Aid 3967,State Education Board,Arts/Commerce,Bihar,Male,SC,Sikh,Undergraduate,Upto 3.5L,Above 75,"Rs 15,000/year",10/29,https://scholarships.gov.in,1
First Generation Learner Award 3968,NGO Foundation,Biotechnology,Assam,Male,SC,Sikh,Class 10,Upto 8L,60-70,"Rs 40,000/year",9/29,https://scholarships.gov.in,1
Best Student Award Scholarship 3969,District Collector Office,Arts/Commerce,Goa,All,EWS,All,Undergraduate,Upto 2.5L,70-80,"Rs 35,000/year",12/28,https://scholarships.gov.in,1
Backward Class Merit Award 3970,Trust Fund,Design,Rajasthan,Female,EWS,Buddhist,Diploma,Upto 1L,70-80,"Rs 60,000/year",10/30,https://scholarships.gov.in,1
Rural Student Scholarship 3971,Trust Fund,Pharmacy,Karnataka,All,All,Muslim,Postgraduate,Upto 1L,Above 60,"Rs 15,000/year",12/29,https://scholarships.gov.in,1
BPL Student Aid 3972,District Collector Office,Medical,Uttar Pradesh,Male,OBC,Buddhist,Class 12,Upto 2.5L,90-100,"Rs 35,000/year",12/30,https://scholarships.gov.in,1
Sports & Academics Scholarship 3973,Zilla Parishad,Law,Uttar Pradesh,All,General,All,PhD,Upto 5L,50-60,"Rs 25,000/year",9/29,https://scholarships.gov.in,1
First Generation Learner Award 3974,Trust Fund,All,West Bengal,Male,All,All,Postgraduate,Upto 8L,70-80,"Rs 12,000/year",9/30,https://scholarships.gov.in,1
Single Parent Child Scholarship 3975,State Education Board,Law,West Bengal,All,General,Jain,Diploma,Upto 3.5L,Above 75,"Rs 30,000/year",9/30,https://scholarships.gov.in,1
BPL Student Aid 3976,Zilla Parishad,Biotechnology,Sikkim,All,All,Hindu,Diploma,No Limit,Above 60,"Rs 25,000/year",10/28,https://scholarships.gov.in,1
Single Parent Child Scholarship 3977,Zilla Parishad,Computer Science,Chhattisgarh,Female,SC,All,Diploma,Upto 3.5L,70-80,"Rs 5,000/year",12/28,https://scholarships.gov.in,1
Rural Student Scholarship 3978,District Collector Office,Pharmacy,Haryana,Male,ST,Muslim,Class 10,Upto 1L,70-80,"Rs 2,000/year",11/31,https://scholarships.gov.in,1
First Generation Learner Award 3979,District Collector Office,Agriculture,West Bengal,All,ST,Hindu,Class 10,Upto 1L,50-60,"Rs 25,000/year",9/28,https://scholarships.gov.in,1
Rural Student Scholarship 3980,District Collector Office,Agriculture,Goa,Male,All,Buddhist,Undergraduate,Upto 3.5L,70-80,"Rs 35,000/year",9/30,https://scholarships.gov.in,1
District Topper Scholarship 3981,District Collector Office,Law,Punjab,Male,Minority,Christian,Postgraduate,No Limit,90-100,"Rs 2,500/year",12/29,https://scholarships.gov.in,1
District Topper Scholarship 3982,NGO Foundation,Design,Maharashtra,Male,SC,Muslim,Diploma,Upto 8L,Above 75,"Rs 20,000/year",9/30,https://scholarships.gov.in,1
Best Student Award Scholarship 3983,NGO Foundation,Engineering,Bihar,All,General,Christian,Diploma,No Limit,90-100,"Rs 30,000/year",10/29,https://scholarships.gov.in,1
Women in STEM Scholarship 3984,Zilla Parishad,Architecture,Manipur,Male,Minority,Christian,Postgraduate,Upto 1L,Above 75,"Rs 75,000/year",12/29,https://scholarships.gov.in,1
Academic Excellence Grant 3985,District Collector Office,Computer Science,Goa,Male,General,Muslim,Class 10,Upto 8L,60-70,"Rs 20,000/year",9/29,https://scholarships.gov.in,1
First Generation Learner Award 3986,Trust Fund,Journalism,West Bengal,Male,SC,Muslim,Postgraduate,Upto 2.5L,Above 75,"Rs 18,000/year",11/31,https://scholarships.gov.in,1
First Generation Learner Award 3987,State Education Board,Management,Odisha,Male,OBC,Jain,Undergraduate,Upto 1L,Above 75,"Rs 20,000/year",9/31,https://scholarships.gov.in,1
Backward Class Merit Award 3988,Zilla Parishad,Law,Meghalaya,Male,General,Buddhist,PhD,Upto 8L,50-60,"Rs 12,000/year",11/30,https://scholarships.gov.in,1
Sports & Academics Scholarship 3989,State Education Board,Arts/Commerce,Uttarakhand,Female,OBC,Christian,Undergraduate,Upto 8L,60-70,"Rs 6,000/year",9/29,https://scholarships.gov.in,1
Academic Excellence Grant 3990,Zilla Parishad,Agriculture,Arunachal Pradesh,All,All,Buddhist,Class 10,Upto 3.5L,70-80,"Rs 30,000/year",11/31,https://scholarships.gov.in,1
District Topper Scholarship 3991,Zilla Parishad,Education,Mizoram,Male,SC,Muslim,Class 10,Upto 3.5L,60-70,"Rs 2,000/year",10/28,https://scholarships.gov.in,1
Rural Student Scholarship 3992,Zilla Parishad,Pharmacy,Uttar Pradesh,Female,EWS,Christian,Postgraduate,No Limit,Above 75,"Rs 20,000/year",11/30,https://scholarships.gov.in,1
District Topper Scholarship 3993,District Collector Office,Science,Jammu & Kashmir,Male,SC,Christian,Class 12,Upto 5L,50-60,"Rs 5,000/year",9/30,https://scholarships.gov.in,1
First Generation Learner Award 3994,NGO Foundation,Education,Haryana,All,ST,Hindu,Diploma,No Limit,60-70,"Rs 12,000/year",9/28,https://scholarships.gov.in,1
First Generation Learner Award 3995,Trust Fund,Biotechnology,Maharashtra,All,General,Sikh,PhD,No Limit,Above 75,"Rs 40,000/year",11/30,https://scholarships.gov.in,1
Academic Excellence Grant 3996,State Education Board,Agriculture,Kerala,Male,ST,Muslim,Class 12,Upto 3.5L,70-80,"Rs 35,000/year",9/31,https://scholarships.gov.in,1
Single Parent Child Scholarship 3997,Zilla Parishad,Biotechnology,Jharkhand,All,ST,Christian,Undergraduate,Upto 3.5L,50-60,"Rs 2,500/year",9/31,https://scholarships.gov.in,1
Best Student Award Scholarship 3998,District Collector Office,Education,Meghalaya,All,Minority,Buddhist,Postgraduate,Upto 3.5L,Above 60,"Rs 6,000/year",12/28,https://scholarships.gov.in,1
Single Parent Child Scholarship 3999,Zilla Parishad,Law,Maharashtra,Female,General,Buddhist,PhD,Upto 5L,70-80,"Rs 20,000/year",12/29,https://scholarships.gov.in,1
District Topper Scholarship 4000,NGO Foundation,Engineering,Nagaland,All,EWS,Hindu,Class 10,Upto 2.5L,60-70,"Rs 8,000/year",10/30,https://scholarships.gov.in,1
Sports & Academics Scholarship 4001,District Collector Office,Management,West Bengal,All,ST,Hindu,Class 12,Upto 8L,Above 60,"Rs 8,000/year",10/29,https://scholarships.gov.in,1
First Generation Learner Award 4002,Trust Fund,Law,Bihar,All,OBC,Christian,Diploma,Upto 3.5L,Above 75,"Rs 6,000/year",10/29,https://scholarships.gov.in,1
Best Student Award Scholarship 4003,Trust Fund,Law,Madhya Pradesh,Female,EWS,Muslim,PhD,Upto 3.5L,60-70,"Rs 35,000/year",9/28,https://scholarships.gov.in,1
District Topper Scholarship 4004,District Collector Office,Journalism,Chhattisgarh,Male,SC,Jain,Diploma,Upto 3.5L,90-100,"Rs 18,000/year",9/29,https://scholarships.gov.in,1
Academic Excellence Grant 4005,Zilla Parishad,Management,Jharkhand,Male,EWS,All,Class 12,Upto 3.5L,50-60,"Rs 40,000/year",10/30,https://scholarships.gov.in,1
Sports & Academics Scholarship 4006,Zilla Parishad,Management,Andhra Pradesh,Male,All,All,Diploma,Upto 2.5L,50-60,"Rs 1,000/year",9/31,https://scholarships.gov.in,1
Women in STEM Scholarship 4007,District Collector Office,Journalism,Kerala,All,OBC,Sikh,Undergraduate,Upto 3.5L,Above 75,"Rs 1,000/year",9/30,https://scholarships.gov.in,1
First Generation Learner Award 4008,State Education Board,Education,Gujarat,Female,General,All,PhD,Upto 5L,90-100,"Rs 5,000/year",12/30,https://scholarships.gov.in,1
Sports & Academics Scholarship 4009,Trust Fund,Agriculture,Bihar,Male,All,All,Diploma,Upto 3.5L,Above 75,"Rs 8,000/year",9/28,https://scholarships.gov.in,1
Rural Student Scholarship 4010,NGO Foundation,Management,Karnataka,Female,ST,Muslim,Undergraduate,No Limit,70-80,"Rs 1,500/year",9/29,https://scholarships.gov.in,1
Best Student Award Scholarship 4011,District Collector Office,Engineering,Punjab,Male,Minority,Christian,PhD,Upto 5L,80-90,"Rs 10,000/year",9/31,https://scholarships.gov.in,1
District Topper Scholarship 4012,State Education Board,Architecture,Kerala,Male,ST,Jain,Undergraduate,Upto 2.5L,Above 60,"Rs 6,000/year",9/30,https://scholarships.gov.in,1
Backward Class Merit Award 4013,Trust Fund,Education,Delhi,All,Minority,Hindu,Diploma,Upto 2.5L,60-70,"Rs 35,000/year",9/31,https://scholarships.gov.in,1
Sports & Academics Scholarship 4014,State Education Board,Journalism,Madhya Pradesh,Female,All,Sikh,Class 10,No Limit,60-70,"Rs 8,000/year",9/28,https://scholarships.gov.in,1
Sports & Academics Scholarship 4015,District Collector Office,Agriculture,Gujarat,Male,General,Buddhist,Class 12,Upto 2.5L,Above 60,"Rs 2,000/year",11/28,https://scholarships.gov.in,1
First Generation Learner Award 4016,NGO Foundation,Biotechnology,Manipur,Female,Minority,Christian,Diploma,No Limit,Above 75,"Rs 20,000/year",12/29,https://scholarships.gov.in,1
Rural Student Scholarship 4017,State Education Board,Arts/Commerce,Assam,Male,EWS,Christian,Undergraduate,Upto 5L,Above 75,"Rs 2,000/year",12/28,https://scholarships.gov.in,1
District Topper Scholarship 4018,State Education Board,Design,Uttar Pradesh,Female,ST,Christian,Undergraduate,Upto 3.5L,60-70,"Rs 10,000/year",9/28,https://scholarships.gov.in,1
BPL Student Aid 4019,State Education Board,Biotechnology,Andhra Pradesh,All,General,Jain,Class 10,No Limit,70-80,"Rs 12,000/year",12/29,https://scholarships.gov.in,1
Academic Excellence Grant 4020,Zilla Parishad,Science,Uttar Pradesh,All,EWS,Christian,Class 12,Upto 2.5L,50-60,"Rs 30,000/year",9/29,https://scholarships.gov.in,1
Academic Excellence Grant 4021,NGO Foundation,Law,Assam,Male,Minority,Muslim,PhD,Upto 5L,90-100,"Rs 3,000/year",10/29,https://scholarships.gov.in,1
First Generation Learner Award 4022,Zilla Parishad,Architecture,Nagaland,Male,General,Muslim,Class 12,Upto 5L,50-60,"Rs 5,000/year",10/31,https://scholarships.gov.in,1
Backward Class Merit Award 4023,State Education Board,Agriculture,Jharkhand,All,OBC,Buddhist,PhD,Upto 2.5L,Above 75,"Rs 35,000/year",10/31,https://scholarships.gov.in,1
District Topper Scholarship 4024,Trust Fund,Biotechnology,Delhi,All,General,Jain,Undergraduate,Upto 3.5L,Above 60,"Rs 60,000/year",11/28,https://scholarships.gov.in,1
Single Parent Child Scholarship 4025,State Education Board,Law,Meghalaya,All,All,All,Diploma,No Limit,70-80,"Rs 30,000/year",11/28,https://scholarships.gov.in,1
Women in STEM Scholarship 4026,State Education Board,Pharmacy,Nagaland,Female,ST,Christian,PhD,Upto 8L,80-90,"Rs 30,000/year",11/29,https://scholarships.gov.in,1
First Generation Learner Award 4027,District Collector Office,Pharmacy,Madhya Pradesh,Female,SC,Hindu,Class 10,Upto 5L,80-90,"Rs 18,000/year",11/30,https://scholarships.gov.in,1
First Generation Learner Award 4028,NGO Foundation,Design,Mizoram,Female,ST,Sikh,Postgraduate,Upto 8L,70-80,"Rs 75,000/year",12/30,https://scholarships.gov.in,1
Women in STEM Scholarship 4029,NGO Foundation,Pharmacy,Rajasthan,Male,ST,Hindu,Diploma,Upto 3.5L,Above 60,"Rs 5,000/year",11/28,https://scholarships.gov.in,1
Women in STEM Scholarship 4030,NGO Foundation,Pharmacy,Delhi,All,OBC,Muslim,Diploma,Upto 8L,50-60,"Rs 18,000/year",9/29,https://scholarships.gov.in,1
Rural Student Scholarship 4031,District Collector Office,Design,Tripura,All,OBC,All,Undergraduate,Upto 3.5L,90-100,"Rs 2,000/year",11/29,https://scholarships.gov.in,1
First Generation Learner Award 4032,State Education Board,Engineering,Jammu & Kashmir,Female,EWS,Christian,Class 12,Upto 2.5L,70-80,"Rs 25,000/year",9/28,https://scholarships.gov.in,1
Academic Excellence Grant 4033,State Education Board,Biotechnology,Arunachal Pradesh,All,General,Christian,Class 10,Upto 2.5L,60-70,"Rs 5,000/year",11/28,https://scholarships.gov.in,1
District Topper Scholarship 4034,State Education Board,Management,Rajasthan,Female,OBC,Christian,PhD,Upto 8L,80-90,"Rs 18,000/year",10/28,https://scholarships.gov.in,1
First Generation Learner Award 4035,NGO Foundation,Law,Chhattisgarh,Female,ST,Muslim,Diploma,Upto 5L,Above 75,"Rs 8,000/year",10/31,https://scholarships.gov.in,1
Rural Student Scholarship 4036,District Collector Office,Law,Rajasthan,Female,All,Muslim,Class 12,No Limit,50-60,"Rs 3,000/year",10/28,https://scholarships.gov.in,1
Women in STEM Scholarship 4037,Zilla Parishad,Medical,Arunachal Pradesh,Male,General,Buddhist,Diploma,Upto 5L,80-90,"Rs 1,500/year",9/28,https://scholarships.gov.in,1
Sports & Academics Scholarship 4038,Zilla Parishad,Biotechnology,Telangana,Male,All,Jain,PhD,No Limit,80-90,"Rs 10,000/year",10/31,https://scholarships.gov.in,1
BPL Student Aid 4039,NGO Foundation,Medical,Gujarat,Male,All,Muslim,Diploma,Upto 8L,Above 60,"Rs 75,000/year",11/28,https://scholarships.gov.in,1
Best Student Award Scholarship 4040,Zilla Parishad,Management,Haryana,All,OBC,Jain,Undergraduate,Upto 3.5L,90-100,"Rs 3,000/year",9/29,https://scholarships.gov.in,1
Single Parent Child Scholarship 4041,Trust Fund,All,Tripura,All,General,Muslim,Postgraduate,Upto 3.5L,90-100,"Rs 3,000/year",10/30,https://scholarships.gov.in,1
Best Student Award Scholarship 4042,Zilla Parishad,Medical,Jharkhand,Male,General,Buddhist,Undergraduate,Upto 5L,60-70,"Rs 10,000/year",9/31,https://scholarships.gov.in,1
Academic Excellence Grant 4043,Zilla Parishad,Science,Sikkim,Male,OBC,Hindu,Class 10,Upto 1L,50-60,"Rs 35,000/year",10/30,https://scholarships.gov.in,1
BPL Student Aid 4044,NGO Foundation,Medical,Kerala,Male,SC,Christian,Class 10,Upto 2.5L,Above 75,"Rs 75,000/year",9/28,https://scholarships.gov.in,1
Sports & Academics Scholarship 4045,Trust Fund,Agriculture,Meghalaya,Female,OBC,Buddhist,Undergraduate,Upto 3.5L,70-80,"Rs 20,000/year",10/30,https://scholarships.gov.in,1
District Topper Scholarship 4046,NGO Foundation,Science,Bihar,Female,EWS,Buddhist,Class 12,Upto 3.5L,60-70,"Rs 18,000/year",10/31,https://scholarships.gov.in,1
Sports & Academics Scholarship 4047,Zilla Parishad,Arts/Commerce,Karnataka,Female,Minority,Buddhist,Class 12,Upto 2.5L,50-60,"Rs 12,000/year",9/30,https://scholarships.gov.in,1
Rural Student Scholarship 4048,State Education Board,Journalism,Rajasthan,Male,SC,All,Class 12,Upto 5L,60-70,"Rs 30,000/year",10/29,https://scholarships.gov.in,1
District Topper Scholarship 4049,State Education Board,Arts/Commerce,Uttar Pradesh,Male,OBC,Hindu,Postgraduate,Upto 3.5L,50-60,"Rs 1,500/year",10/29,https://scholarships.gov.in,1
Sports & Academics Scholarship 4050,Zilla Parishad,Medical,Karnataka,Female,OBC,Buddhist,Class 12,Upto 5L,80-90,"Rs 18,000/year",11/31,https://scholarships.gov.in,1
Sports & Academics Scholarship 4051,NGO Foundation,Design,Mizoram,All,All,Christian,Undergraduate,No Limit,50-60,"Rs 50,000/year",10/30,https://scholarships.gov.in,1
BPL Student Aid 4052,State Education Board,Design,Arunachal Pradesh,All,ST,Hindu,Diploma,No Limit,Above 60,"Rs 25,000/year",11/31,https://scholarships.gov.in,1
Rural Student Scholarship 4053,State Education Board,Education,Jammu & Kashmir,Female,SC,Hindu,PhD,Upto 5L,90-100,"Rs 1,500/year",11/29,https://scholarships.gov.in,1
Single Parent Child Scholarship 4054,Trust Fund,Agriculture,Jharkhand,Male,OBC,Muslim,PhD,Upto 2.5L,Above 75,"Rs 20,000/year",12/28,https://scholarships.gov.in,1
First Generation Learner Award 4055,Zilla Parishad,Science,Arunachal Pradesh,Male,Minority,Christian,Postgraduate,No Limit,50-60,"Rs 15,000/year",12/28,https://scholarships.gov.in,1
Women in STEM Scholarship 4056,NGO Foundation,Science,Sikkim,Female,ST,Hindu,Diploma,Upto 2.5L,Above 60,"Rs 10,000/year",11/29,https://scholarships.gov.in,1
Sports & Academics Scholarship 4057,Trust Fund,Science,Assam,All,ST,Sikh,PhD,Upto 1L,80-90,"Rs 25,000/year",9/31,https://scholarships.gov.in,1
Sports & Academics Scholarship 4058,Zilla Parishad,Science,Madhya Pradesh,All,All,Muslim,PhD,Upto 3.5L,50-60,"Rs 1,500/year",11/28,https://scholarships.gov.in,1
Sports & Academics Scholarship 4059,State Education Board,Biotechnology,Assam,Female,SC,Muslim,Class 10,Upto 8L,90-100,"Rs 35,000/year",10/31,https://scholarships.gov.in,1
Single Parent Child Scholarship 4060,District Collector Office,Law,West Bengal,Male,Minority,Buddhist,Undergraduate,Upto 1L,50-60,"Rs 1,000/year",10/28,https://scholarships.gov.in,1
Academic Excellence Grant 4061,State Education Board,Education,Tripura,Male,SC,Muslim,Class 12,No Limit,80-90,"Rs 75,000/year",9/31,https://scholarships.gov.in,1
Academic Excellence Grant 4062,Zilla Parishad,Management,Kerala,Male,General,All,Class 12,Upto 3.5L,Above 60,"Rs 40,000/year",12/31,https://scholarships.gov.in,1
Best Student Award Scholarship 4063,District Collector Office,Architecture,Uttar Pradesh,All,Minority,Buddhist,Postgraduate,Upto 3.5L,80-90,"Rs 6,000/year",10/31,https://scholarships.gov.in,1
Women in STEM Scholarship 4064,Zilla Parishad,Agriculture,Goa,Male,EWS,All,Postgraduate,Upto 8L,50-60,"Rs 25,000/year",10/28,https://scholarships.gov.in,1
BPL Student Aid 4065,Trust Fund,Pharmacy,Tamil Nadu,Male,Minority,Muslim,Diploma,Upto 5L,90-100,"Rs 60,000/year",10/28,https://scholarships.gov.in,1
Best Student Award Scholarship 4066,Trust Fund,Arts/Commerce,Gujarat,Female,ST,Hindu,Diploma,Upto 5L,Above 75,"Rs 12,000/year",9/30,https://scholarships.gov.in,1
Best Student Award Scholarship 4067,Trust Fund,Engineering,Karnataka,Female,SC,Sikh,Class 10,No Limit,50-60,"Rs 40,000/year",11/28,https://scholarships.gov.in,1
Sports & Academics Scholarship 4068,Trust Fund,Education,Mizoram,Male,All,Christian,Undergraduate,Upto 5L,60-70,"Rs 25,000/year",10/28,https://scholarships.gov.in,1
Backward Class Merit Award 4069,District Collector Office,Engineering,Nagaland,Female,OBC,Christian,Undergraduate,Upto 3.5L,50-60,"Rs 75,000/year",11/31,https://scholarships.gov.in,1
BPL Student Aid 4070,NGO Foundation,Journalism,Uttarakhand,Male,General,Jain,Class 10,Upto 5L,60-70,"Rs 75,000/year",10/30,https://scholarships.gov.in,1
Sports & Academics Scholarship 4071,Trust Fund,Journalism,Jharkhand,Male,General,Christian,Postgraduate,No Limit,Above 60,"Rs 18,000/year",11/28,https://scholarships.gov.in,1
Women in STEM Scholarship 4072,Zilla Parishad,Management,Delhi,All,EWS,Christian,Postgraduate,Upto 5L,60-70,"Rs 1,000/year",9/31,https://scholarships.gov.in,1
Rural Student Scholarship 4073,Zilla Parishad,Science,Gujarat,Female,Minority,Jain,Class 10,Upto 8L,90-100,"Rs 10,000/year",11/30,https://scholarships.gov.in,1
BPL Student Aid 4074,NGO Foundation,Arts/Commerce,Punjab,Male,Minority,All,Class 10,Upto 3.5L,90-100,"Rs 75,000/year",9/29,https://scholarships.gov.in,1
Backward Class Merit Award 4075,Zilla Parishad,Journalism,Gujarat,All,OBC,Buddhist,Diploma,No Limit,80-90,"Rs 2,000/year",12/31,https://scholarships.gov.in,1
First Generation Learner Award 4076,Trust Fund,Education,Goa,Male,Minority,Sikh,Diploma,Upto 5L,70-80,"Rs 6,000/year",10/30,https://scholarships.gov.in,1
BPL Student Aid 4077,Trust Fund,Architecture,Kerala,All,All,Sikh,Diploma,No Limit,80-90,"Rs 50,000/year",9/30,https://scholarships.gov.in,1
District Topper Scholarship 4078,District Collector Office,Design,Himachal Pradesh,All,ST,Buddhist,PhD,Upto 5L,70-80,"Rs 25,000/year",11/28,https://scholarships.gov.in,1
First Generation Learner Award 4079,NGO Foundation,Biotechnology,Odisha,Female,ST,Sikh,Diploma,Upto 1L,80-90,"Rs 15,000/year",12/29,https://scholarships.gov.in,1
Women in STEM Scholarship 4080,District Collector Office,Agriculture,Goa,Male,EWS,All,Undergraduate,No Limit,70-80,"Rs 5,000/year",11/31,https://scholarships.gov.in,1
First Generation Learner Award 4081,District Collector Office,Engineering,Jharkhand,All,ST,Sikh,Postgraduate,No Limit,80-90,"Rs 18,000/year",11/31,https://scholarships.gov.in,1
Single Parent Child Scholarship 4082,NGO Foundation,Law,Himachal Pradesh,Male,Minority,Hindu,Undergraduate,Upto 5L,Above 75,"Rs 18,000/year",12/29,https://scholarships.gov.in,1
Women in STEM Scholarship 4083,NGO Foundation,Agriculture,Rajasthan,All,General,All,Postgraduate,Upto 5L,90-100,"Rs 2,000/year",10/29,https://scholarships.gov.in,1
Rural Student Scholarship 4084,Zilla Parishad,Management,Chhattisgarh,Male,All,Hindu,Diploma,Upto 1L,60-70,"Rs 35,000/year",11/29,https://scholarships.gov.in,1
Women in STEM Scholarship 4085,Zilla Parishad,Engineering,Gujarat,All,Minority,Jain,Undergraduate,Upto 2.5L,Above 75,"Rs 35,000/year",12/28,https://scholarships.gov.in,1
Single Parent Child Scholarship 4086,Trust Fund,Journalism,Manipur,Male,EWS,Jain,Class 12,Upto 3.5L,50-60,"Rs 1,000/year",12/29,https://scholarships.gov.in,1
Backward Class Merit Award 4087,NGO Foundation,Pharmacy,Haryana,Male,ST,Hindu,Class 12,Upto 5L,Above 75,"Rs 1,000/year",12/31,https://scholarships.gov.in,1
Backward Class Merit Award 4088,District Collector Office,Arts/Commerce,Tamil Nadu,All,General,Buddhist,Class 12,Upto 8L,60-70,"Rs 3,000/year",11/28,https://scholarships.gov.in,1
Backward Class Merit Award 4089,State Education Board,Architecture,Goa,Male,ST,Hindu,Class 10,No Limit,80-90,"Rs 1,500/year",10/31,https://scholarships.gov.in,1
Academic Excellence Grant 4090,District Collector Office,Arts/Commerce,Nagaland,All,ST,Christian,Postgraduate,Upto 1L,70-80,"Rs 18,000/year",11/30,https://scholarships.gov.in,1
Rural Student Scholarship 4091,District Collector Office,All,Maharashtra,All,General,Hindu,Undergraduate,Upto 8L,60-70,"Rs 30,000/year",11/29,https://scholarships.gov.in,1
Rural Student Scholarship 4092,Zilla Parishad,All,Rajasthan,Male,All,Sikh,Postgraduate,Upto 1L,90-100,"Rs 50,000/year",12/29,https://scholarships.gov.in,1
Academic Excellence Grant 4093,Trust Fund,Agriculture,Arunachal Pradesh,All,Minority,Jain,Class 10,Upto 1L,80-90,"Rs 10,000/year",10/28,https://scholarships.gov.in,1
BPL Student Aid 4094,State Education Board,All,Meghalaya,Male,All,Christian,Diploma,Upto 8L,Above 60,"Rs 60,000/year",9/29,https://scholarships.gov.in,1
First Generation Learner Award 4095,District Collector Office,Agriculture,Assam,Male,General,Sikh,Class 10,Upto 8L,70-80,"Rs 40,000/year",10/31,https://scholarships.gov.in,1
District Topper Scholarship 4096,Zilla Parishad,Science,Telangana,All,ST,Jain,Class 12,Upto 3.5L,60-70,"Rs 35,000/year",9/28,https://scholarships.gov.in,1
Best Student Award Scholarship 4097,Trust Fund,Science,Karnataka,All,All,Sikh,PhD,Upto 5L,Above 60,"Rs 10,000/year",11/28,https://scholarships.gov.in,1
Women in STEM Scholarship 4098,State Education Board,Science,Himachal Pradesh,All,All,Christian,PhD,Upto 1L,Above 60,"Rs 75,000/year",12/28,https://scholarships.gov.in,1
First Generation Learner Award 4099,NGO Foundation,Architecture,Himachal Pradesh,Male,All,Sikh,Postgraduate,Upto 8L,90-100,"Rs 50,000/year",11/28,https://scholarships.gov.in,1
Backward Class Merit Award 4100,NGO Foundation,Engineering,Punjab,All,All,Buddhist,Class 10,Upto 8L,90-100,"Rs 75,000/year",11/31,https://scholarships.gov.in,1
Backward Class Merit Award 4101,State Education Board,All,Odisha,All,General,Hindu,Undergraduate,Upto 5L,Above 60,"Rs 1,000/year",9/28,https://scholarships.gov.in,1
Sports & Academics Scholarship 4102,NGO Foundation,Architecture,Himachal Pradesh,Male,OBC,Buddhist,PhD,Upto 1L,Above 60,"Rs 60,000/year",10/28,https://scholarships.gov.in,1
Sports & Academics Scholarship 4103,District Collector Office,Management,Tamil Nadu,All,General,Sikh,PhD,Upto 2.5L,90-100,"Rs 6,000/year",10/31,https://scholarships.gov.in,1
Sports & Academics Scholarship 4104,District Collector Office,Medical,Maharashtra,All,All,Christian,Class 10,No Limit,60-70,"Rs 40,000/year",12/28,https://scholarships.gov.in,1
Best Student Award Scholarship 4105,Trust Fund,Education,Gujarat,Male,SC,Buddhist,Postgraduate,Upto 8L,60-70,"Rs 75,000/year",12/29,https://scholarships.gov.in,1
Single Parent Child Scholarship 4106,District Collector Office,Engineering,Bihar,Male,ST,Christian,Undergraduate,Upto 2.5L,70-80,"Rs 2,500/year",12/31,https://scholarships.gov.in,1
Best Student Award Scholarship 4107,Zilla Parishad,Management,Punjab,All,Minority,Christian,Undergraduate,Upto 3.5L,60-70,"Rs 15,000/year",12/28,https://scholarships.gov.in,1
Sports & Academics Scholarship 4108,State Education Board,Computer Science,Bihar,All,SC,Christian,PhD,Upto 5L,Above 60,"Rs 18,000/year",9/29,https://scholarships.gov.in,1
First Generation Learner Award 4109,State Education Board,Agriculture,Gujarat,All,EWS,Sikh,Undergraduate,No Limit,60-70,"Rs 2,500/year",10/31,https://scholarships.gov.in,1
Backward Class Merit Award 4110,State Education Board,Science,Assam,Female,General,Sikh,Class 10,No Limit,60-70,"Rs 1,500/year",11/30,https://scholarships.gov.in,1
Best Student Award Scholarship 4111,Trust Fund,Biotechnology,Haryana,All,OBC,All,Class 12,Upto 3.5L,70-80,"Rs 60,000/year",9/28,https://scholarships.gov.in,1
Women in STEM Scholarship 4112,Trust Fund,Computer Science,Rajasthan,Female,SC,Sikh,PhD,Upto 2.5L,Above 60,"Rs 60,000/year",10/29,https://scholarships.gov.in,1
First Generation Learner Award 4113,NGO Foundation,All,Chhattisgarh,Male,General,Hindu,Class 12,No Limit,80-90,"Rs 60,000/year",12/30,https://scholarships.gov.in,1
District Topper Scholarship 4114,District Collector Office,Engineering,Delhi,Male,General,Buddhist,Class 12,Upto 5L,50-60,"Rs 10,000/year",10/31,https://scholarships.gov.in,1
First Generation Learner Award 4115,Zilla Parishad,Agriculture,Tripura,Male,All,Christian,Undergraduate,No Limit,50-60,"Rs 5,000/year",11/28,https://scholarships.gov.in,1
Academic Excellence Grant 4116,Trust Fund,Architecture,Uttar Pradesh,Male,OBC,Jain,PhD,Upto 1L,Above 75,"Rs 75,000/year",9/30,https://scholarships.gov.in,1
First Generation Learner Award 4117,Trust Fund,Pharmacy,Mizoram,All,SC,Christian,PhD,Upto 5L,50-60,"Rs 8,000/year",11/30,https://scholarships.gov.in,1
BPL Student Aid 4118,Zilla Parishad,Design,Himachal Pradesh,Female,ST,Hindu,PhD,Upto 8L,Above 75,"Rs 2,000/year",11/28,https://scholarships.gov.in,1
District Topper Scholarship 4119,NGO Foundation,Pharmacy,Uttar Pradesh,Male,All,Jain,Class 10,Upto 1L,50-60,"Rs 30,000/year",10/30,https://scholarships.gov.in,1
Best Student Award Scholarship 4120,Zilla Parishad,Engineering,Odisha,All,All,All,Undergraduate,Upto 3.5L,90-100,"Rs 1,000/year",11/29,https://scholarships.gov.in,1
Sports & Academics Scholarship 4121,Zilla Parishad,Medical,Odisha,Female,General,Sikh,Class 12,Upto 2.5L,Above 60,"Rs 15,000/year",9/29,https://scholarships.gov.in,1
BPL Student Aid 4122,State Education Board,Law,Goa,Male,General,All,Class 10,No Limit,80-90,"Rs 2,000/year",12/28,https://scholarships.gov.in,1
Backward Class Merit Award 4123,Trust Fund,Design,Arunachal Pradesh,All,OBC,Jain,PhD,Upto 8L,60-70,"Rs 5,000/year",9/29,https://scholarships.gov.in,1
District Topper Scholarship 4124,Trust Fund,All,Arunachal Pradesh,All,SC,Hindu,PhD,Upto 3.5L,Above 60,"Rs 2,500/year",12/31,https://scholarships.gov.in,1
District Topper Scholarship 4125,Zilla Parishad,Education,West Bengal,Female,Minority,Buddhist,Undergraduate,Upto 3.5L,90-100,"Rs 1,000/year",9/30,https://scholarships.gov.in,1
District Topper Scholarship 4126,District Collector Office,Medical,Jharkhand,Male,SC,Hindu,Diploma,Upto 3.5L,70-80,"Rs 50,000/year",10/28,https://scholarships.gov.in,1
Women in STEM Scholarship 4127,Trust Fund,Science,Punjab,Male,EWS,Jain,Diploma,Upto 1L,90-100,"Rs 10,000/year",12/31,https://scholarships.gov.in,1
Best Student Award Scholarship 4128,District Collector Office,All,Delhi,Male,General,Muslim,Class 10,Upto 8L,80-90,"Rs 1,500/year",9/30,https://scholarships.gov.in,1
Best Student Award Scholarship 4129,Zilla Parishad,Pharmacy,Chhattisgarh,All,SC,Muslim,Class 12,Upto 8L,70-80,"Rs 30,000/year",9/29,https://scholarships.gov.in,1
First Generation Learner Award 4130,NGO Foundation,Journalism,Tamil Nadu,All,All,Hindu,Postgraduate,Upto 3.5L,80-90,"Rs 75,000/year",11/29,https://scholarships.gov.in,1
Best Student Award Scholarship 4131,District Collector Office,Engineering,Tamil Nadu,All,Minority,Hindu,Class 10,Upto 1L,60-70,"Rs 20,000/year",9/28,https://scholarships.gov.in,1
BPL Student Aid 4132,Zilla Parishad,Education,Meghalaya,Female,All,Hindu,Class 10,Upto 5L,Above 60,"Rs 6,000/year",10/30,https://scholarships.gov.in,1
Sports & Academics Scholarship 4133,State Education Board,Architecture,Sikkim,All,Minority,Christian,Postgraduate,Upto 8L,70-80,"Rs 30,000/year",9/28,https://scholarships.gov.in,1
BPL Student Aid 4134,NGO Foundation,Pharmacy,Delhi,Female,All,Sikh,Postgraduate,No Limit,70-80,"Rs 20,000/year",11/28,https://scholarships.gov.in,1
Women in STEM Scholarship 4135,District Collector Office,All,Tripura,All,OBC,Buddhist,Undergraduate,Upto 3.5L,50-60,"Rs 15,000/year",11/31,https://scholarships.gov.in,1
Women in STEM Scholarship 4136,District Collector Office,All,West Bengal,Female,SC,All,Class 12,Upto 2.5L,70-80,"Rs 8,000/year",11/29,https://scholarships.gov.in,1
First Generation Learner Award 4137,District Collector Office,Journalism,Telangana,Female,ST,Jain,Class 12,No Limit,50-60,"Rs 1,500/year",12/28,https://scholarships.gov.in,1
Rural Student Scholarship 4138,District Collector Office,Biotechnology,Uttarakhand,Female,OBC,Muslim,Postgraduate,Upto 1L,60-70,"Rs 25,000/year",9/31,https://scholarships.gov.in,1
Rural Student Scholarship 4139,State Education Board,Computer Science,Jammu & Kashmir,Male,EWS,Sikh,Undergraduate,Upto 5L,Above 60,"Rs 20,000/year",10/30,https://scholarships.gov.in,1
Backward Class Merit Award 4140,NGO Foundation,Biotechnology,Gujarat,Male,All,Sikh,Class 10,Upto 2.5L,80-90,"Rs 3,000/year",11/31,https://scholarships.gov.in,1
Rural Student Scholarship 4141,Zilla Parishad,Pharmacy,Goa,Male,ST,Sikh,Class 12,Upto 8L,50-60,"Rs 12,000/year",12/28,https://scholarships.gov.in,1
Best Student Award Scholarship 4142,State Education Board,Architecture,Gujarat,All,General,Jain,Undergraduate,No Limit,Above 75,"Rs 50,000/year",9/28,https://scholarships.gov.in,1
First Generation Learner Award 4143,Zilla Parishad,Law,West Bengal,Female,EWS,Christian,Class 10,Upto 3.5L,50-60,"Rs 15,000/year",9/28,https://scholarships.gov.in,1
Academic Excellence Grant 4144,State Education Board,Biotechnology,Manipur,Female,Minority,Christian,Diploma,Upto 2.5L,Above 60,"Rs 30,000/year",10/28,https://scholarships.gov.in,1
Women in STEM Scholarship 4145,NGO Foundation,Architecture,Manipur,All,All,All,PhD,Upto 8L,Above 75,"Rs 10,000/year",9/29,https://scholarships.gov.in,1
Academic Excellence Grant 4146,NGO Foundation,Engineering,Kerala,Male,Minority,Sikh,PhD,Upto 3.5L,Above 60,"Rs 50,000/year",10/29,https://scholarships.gov.in,1
BPL Student Aid 4147,Trust Fund,Journalism,Punjab,Male,Minority,All,Class 10,Upto 5L,Above 60,"Rs 1,500/year",12/28,https://scholarships.gov.in,1
First Generation Learner Award 4148,NGO Foundation,Law,Bihar,Male,All,Buddhist,Postgraduate,Upto 1L,50-60,"Rs 1,000/year",9/30,https://scholarships.gov.in,1
Sports & Academics Scholarship 4149,NGO Foundation,All,Meghalaya,All,Minority,All,Postgraduate,No Limit,80-90,"Rs 75,000/year",12/29,https://scholarships.gov.in,1
Rural Student Scholarship 4150,NGO Foundation,Arts/Commerce,Uttarakhand,Female,ST,Buddhist,Diploma,No Limit,60-70,"Rs 1,500/year",10/29,https://scholarships.gov.in,1
BPL Student Aid 4151,NGO Foundation,All,Sikkim,Male,Minority,Buddhist,Postgraduate,Upto 1L,Above 60,"Rs 1,500/year",10/28,https://scholarships.gov.in,1
Backward Class Merit Award 4152,Trust Fund,Engineering,Uttar Pradesh,All,All,Buddhist,Undergraduate,No Limit,Above 60,"Rs 1,000/year",12/28,https://scholarships.gov.in,1
First Generation Learner Award 4153,Trust Fund,Management,Uttarakhand,All,All,Muslim,Postgraduate,Upto 2.5L,80-90,"Rs 1,500/year",11/28,https://scholarships.gov.in,1
Sports & Academics Scholarship 4154,NGO Foundation,Architecture,Andhra Pradesh,All,SC,Hindu,Diploma,Upto 1L,Above 60,"Rs 18,000/year",12/29,https://scholarships.gov.in,1
BPL Student Aid 4155,Trust Fund,Design,Meghalaya,Female,ST,Jain,Postgraduate,No Limit,80-90,"Rs 75,000/year",11/31,https://scholarships.gov.in,1
District Topper Scholarship 4156,Zilla Parishad,Arts/Commerce,Gujarat,Female,General,Buddhist,Class 12,Upto 3.5L,90-100,"Rs 15,000/year",10/29,https://scholarships.gov.in,1
Single Parent Child Scholarship 4157,Trust Fund,Architecture,West Bengal,Male,EWS,Christian,Postgraduate,Upto 5L,90-100,"Rs 15,000/year",12/29,https://scholarships.gov.in,1
Single Parent Child Scholarship 4158,Zilla Parishad,Law,Chhattisgarh,Male,EWS,Hindu,Postgraduate,Upto 2.5L,70-80,"Rs 35,000/year",11/30,https://scholarships.gov.in,1
BPL Student Aid 4159,NGO Foundation,Architecture,Bihar,Female,Minority,Jain,Diploma,Upto 8L,Above 60,"Rs 1,000/year",9/30,https://scholarships.gov.in,1
First Generation Learner Award 4160,State Education Board,Science,Tamil Nadu,Male,Minority,Jain,PhD,Upto 2.5L,60-70,"Rs 25,000/year",9/28,https://scholarships.gov.in,1
Academic Excellence Grant 4161,Zilla Parishad,Medical,Goa,Male,ST,All,Diploma,No Limit,60-70,"Rs 1,000/year",9/28,https://scholarships.gov.in,1
District Topper Scholarship 4162,Trust Fund,Science,Manipur,Male,OBC,Buddhist,Postgraduate,Upto 1L,Above 60,"Rs 1,000/year",12/29,https://scholarships.gov.in,1
Backward Class Merit Award 4163,Zilla Parishad,Medical,Haryana,Female,All,Sikh,Undergraduate,Upto 3.5L,Above 60,"Rs 5,000/year",10/29,https://scholarships.gov.in,1
Best Student Award Scholarship 4164,State Education Board,Engineering,Himachal Pradesh,Male,EWS,Hindu,Class 12,Upto 8L,70-80,"Rs 18,000/year",10/29,https://scholarships.gov.in,1
Women in STEM Scholarship 4165,District Collector Office,Architecture,Punjab,Male,OBC,Buddhist,Class 12,Upto 2.5L,90-100,"Rs 8,000/year",12/31,https://scholarships.gov.in,1
Rural Student Scholarship 4166,Trust Fund,Design,Sikkim,Male,Minority,Buddhist,PhD,Upto 2.5L,90-100,"Rs 15,000/year",11/28,https://scholarships.gov.in,1
Academic Excellence Grant 4167,State Education Board,Biotechnology,Assam,Male,SC,Christian,Diploma,No Limit,90-100,"Rs 2,000/year",12/30,https://scholarships.gov.in,1
Best Student Award Scholarship 4168,State Education Board,Engineering,Uttar Pradesh,Female,ST,Buddhist,Diploma,Upto 5L,60-70,"Rs 18,000/year",11/29,https://scholarships.gov.in,1
Sports & Academics Scholarship 4169,Zilla Parishad,Medical,Assam,Male,Minority,Jain,Class 10,Upto 2.5L,70-80,"Rs 25,000/year",10/28,https://scholarships.gov.in,1
District Topper Scholarship 4170,Trust Fund,All,Meghalaya,Female,All,Jain,Class 10,Upto 5L,80-90,"Rs 2,500/year",12/28,https://scholarships.gov.in,1
Sports & Academics Scholarship 4171,District Collector Office,Design,Telangana,Female,General,Buddhist,Diploma,No Limit,80-90,"Rs 5,000/year",9/28,https://scholarships.gov.in,1
Single Parent Child Scholarship 4172,Trust Fund,Pharmacy,West Bengal,All,OBC,Christian,Undergraduate,Upto 1L,90-100,"Rs 8,000/year",12/31,https://scholarships.gov.in,1
Rural Student Scholarship 4173,NGO Foundation,Management,Madhya Pradesh,Male,OBC,Christian,Class 12,Upto 1L,Above 75,"Rs 2,000/year",10/29,https://scholarships.gov.in,1
District Topper Scholarship 4174,Trust Fund,All,Sikkim,All,OBC,Hindu,PhD,Upto 3.5L,90-100,"Rs 2,000/year",10/30,https://scholarships.gov.in,1
District Topper Scholarship 4175,District Collector Office,Law,Punjab,Male,All,Hindu,PhD,Upto 2.5L,50-60,"Rs 15,000/year",11/31,https://scholarships.gov.in,1
District Topper Scholarship 4176,State Education Board,Pharmacy,Meghalaya,Male,ST,Jain,Class 12,Upto 1L,50-60,"Rs 12,000/year",10/30,https://scholarships.gov.in,1
Single Parent Child Scholarship 4177,NGO Foundation,Arts/Commerce,Maharashtra,Male,Minority,Hindu,Undergraduate,Upto 1L,Above 60,"Rs 5,000/year",11/29,https://scholarships.gov.in,1
First Generation Learner Award 4178,NGO Foundation,Journalism,Meghalaya,Male,ST,Christian,Postgraduate,Upto 5L,70-80,"Rs 2,500/year",9/30,https://scholarships.gov.in,1
Women in STEM Scholarship 4179,District Collector Office,Law,Bihar,Male,EWS,Hindu,Postgraduate,Upto 3.5L,80-90,"Rs 18,000/year",9/28,https://scholarships.gov.in,1
Backward Class Merit Award 4180,NGO Foundation,Biotechnology,Jharkhand,Female,Minority,Sikh,Class 12,Upto 8L,70-80,"Rs 40,000/year",10/31,https://scholarships.gov.in,1
First Generation Learner Award 4181,Zilla Parishad,Design,Uttarakhand,All,OBC,Buddhist,PhD,Upto 2.5L,90-100,"Rs 1,500/year",11/28,https://scholarships.gov.in,1
Backward Class Merit Award 4182,Trust Fund,Biotechnology,Bihar,Female,SC,Hindu,Diploma,Upto 2.5L,80-90,"Rs 2,500/year",11/29,https://scholarships.gov.in,1
Backward Class Merit Award 4183,Trust Fund,Management,Karnataka,Male,EWS,All,Postgraduate,No Limit,70-80,"Rs 2,000/year",11/29,https://scholarships.gov.in,1
BPL Student Aid 4184,District Collector Office,Engineering,Jharkhand,Female,OBC,Sikh,Diploma,No Limit,70-80,"Rs 60,000/year",9/28,https://scholarships.gov.in,1
Sports & Academics Scholarship 4185,Trust Fund,Architecture,Mizoram,Female,EWS,Jain,PhD,Upto 5L,60-70,"Rs 75,000/year",11/29,https://scholarships.gov.in,1
First Generation Learner Award 4186,State Education Board,Medical,Tripura,Male,SC,Jain,Postgraduate,Upto 8L,90-100,"Rs 20,000/year",10/28,https://scholarships.gov.in,1
District Topper Scholarship 4187,District Collector Office,Education,Tripura,Male,SC,Sikh,PhD,Upto 1L,50-60,"Rs 6,000/year",11/31,https://scholarships.gov.in,1
Women in STEM Scholarship 4188,District Collector Office,Education,Maharashtra,Male,Minority,Jain,Class 12,Upto 2.5L,Above 60,"Rs 20,000/year",11/31,https://scholarships.gov.in,1
Women in STEM Scholarship 4189,Zilla Parishad,Computer Science,Telangana,All,All,Buddhist,Postgraduate,Upto 5L,Above 60,"Rs 25,000/year",12/29,https://scholarships.gov.in,1
Women in STEM Scholarship 4190,Trust Fund,Computer Science,Telangana,Male,All,Jain,Class 10,Upto 5L,60-70,"Rs 3,000/year",10/28,https://scholarships.gov.in,1
Backward Class Merit Award 4191,District Collector Office,Science,Arunachal Pradesh,Female,EWS,Christian,Class 10,Upto 1L,90-100,"Rs 5,000/year",9/28,https://scholarships.gov.in,1
Academic Excellence Grant 4192,NGO Foundation,Law,Karnataka,All,All,Christian,Diploma,Upto 8L,70-80,"Rs 35,000/year",12/29,https://scholarships.gov.in,1
District Topper Scholarship 4193,Trust Fund,Law,Tripura,All,SC,All,Postgraduate,No Limit,80-90,"Rs 12,000/year",9/29,https://scholarships.gov.in,1
First Generation Learner Award 4194,District Collector Office,Journalism,Gujarat,All,All,Hindu,Postgraduate,Upto 3.5L,80-90,"Rs 40,000/year",11/30,https://scholarships.gov.in,1
First Generation Learner Award 4195,Zilla Parishad,Journalism,Nagaland,All,Minority,Buddhist,PhD,Upto 2.5L,90-100,"Rs 2,500/year",10/30,https://scholarships.gov.in,1
First Generation Learner Award 4196,State Education Board,Science,West Bengal,Female,ST,Jain,Class 10,Upto 1L,80-90,"Rs 6,000/year",12/30,https://scholarships.gov.in,1
District Topper Scholarship 4197,State Education Board,Agriculture,Telangana,Male,OBC,Buddhist,Diploma,Upto 8L,80-90,"Rs 5,000/year",10/29,https://scholarships.gov.in,1
Rural Student Scholarship 4198,Zilla Parishad,Management,Kerala,All,Minority,Jain,Class 12,Upto 2.5L,Above 75,"Rs 12,000/year",12/30,https://scholarships.gov.in,1
Academic Excellence Grant 4199,District Collector Office,Computer Science,Uttar Pradesh,Female,SC,Buddhist,Class 10,Upto 3.5L,60-70,"Rs 10,000/year",12/29,https://scholarships.gov.in,1
Women in STEM Scholarship 4200,Trust Fund,Computer Science,Madhya Pradesh,Male,General,Muslim,Undergraduate,No Limit,Above 75,"Rs 30,000/year",11/28,https://scholarships.gov.in,1
Best Student Award Scholarship 4201,NGO Foundation,Agriculture,Tamil Nadu,All,Minority,Muslim,Postgraduate,Upto 5L,70-80,"Rs 3,000/year",9/31,https://scholarships.gov.in,1
District Topper Scholarship 4202,State Education Board,Medical,Delhi,Male,OBC,Jain,PhD,Upto 8L,50-60,"Rs 20,000/year",10/29,https://scholarships.gov.in,1
Single Parent Child Scholarship 4203,State Education Board,Architecture,Andhra Pradesh,All,Minority,Christian,Postgraduate,Upto 1L,Above 75,"Rs 35,000/year",11/31,https://scholarships.gov.in,1
District Topper Scholarship 4204,Zilla Parishad,All,Tripura,Male,EWS,Muslim,Class 12,No Limit,90-100,"Rs 30,000/year",9/29,https://scholarships.gov.in,1
Single Parent Child Scholarship 4205,District Collector Office,Law,Mizoram,Male,All,Muslim,Undergraduate,Upto 5L,90-100,"Rs 1,000/year",9/29,https://scholarships.gov.in,1
Single Parent Child Scholarship 4206,Trust Fund,Law,Telangana,All,All,Sikh,Class 12,Upto 3.5L,90-100,"Rs 30,000/year",10/28,https://scholarships.gov.in,1
First Generation Learner Award 4207,NGO Foundation,Education,Kerala,Female,EWS,Buddhist,Postgraduate,No Limit,70-80,"Rs 20,000/year",11/28,https://scholarships.gov.in,1
First Generation Learner Award 4208,Trust Fund,Computer Science,Madhya Pradesh,Male,General,Jain,PhD,Upto 1L,70-80,"Rs 40,000/year",12/31,https://scholarships.gov.in,1
District Topper Scholarship 4209,State Education Board,Medical,Tripura,Female,General,Muslim,Class 10,Upto 8L,Above 60,"Rs 5,000/year",9/30,https://scholarships.gov.in,1
Backward Class Merit Award 4210,NGO Foundation,Biotechnology,Haryana,All,ST,Hindu,Diploma,Upto 2.5L,Above 75,"Rs 3,000/year",9/30,https://scholarships.gov.in,1
Best Student Award Scholarship 4211,State Education Board,Journalism,Himachal Pradesh,All,Minority,Muslim,Class 12,Upto 8L,Above 75,"Rs 60,000/year",12/30,https://scholarships.gov.in,1
Backward Class Merit Award 4212,District Collector Office,Computer Science,Jammu & Kashmir,Male,EWS,Hindu,Class 12,No Limit,Above 60,"Rs 1,500/year",11/31,https://scholarships.gov.in,1
Women in STEM Scholarship 4213,District Collector Office,Engineering,Bihar,All,General,Buddhist,Undergraduate,No Limit,90-100,"Rs 6,000/year",9/31,https://scholarships.gov.in,1
Academic Excellence Grant 4214,Trust Fund,Science,Uttarakhand,Female,ST,Buddhist,Postgraduate,Upto 8L,Above 60,"Rs 35,000/year",11/29,https://scholarships.gov.in,1
Single Parent Child Scholarship 4215,State Education Board,Architecture,Delhi,Male,EWS,Jain,Diploma,No Limit,90-100,"Rs 5,000/year",11/31,https://scholarships.gov.in,1
First Generation Learner Award 4216,Trust Fund,Journalism,Bihar,Male,General,Jain,Class 12,Upto 2.5L,90-100,"Rs 75,000/year",10/31,https://scholarships.gov.in,1
Backward Class Merit Award 4217,Trust Fund,Arts/Commerce,Sikkim,Male,ST,Sikh,Diploma,Upto 1L,90-100,"Rs 35,000/year",10/31,https://scholarships.gov.in,1
Academic Excellence Grant 4218,Trust Fund,Architecture,Uttar Pradesh,Male,SC,Muslim,PhD,Upto 1L,80-90,"Rs 2,500/year",11/30,https://scholarships.gov.in,1
Backward Class Merit Award 4219,NGO Foundation,Engineering,Assam,Male,ST,Hindu,Class 12,Upto 5L,80-90,"Rs 2,500/year",12/30,https://scholarships.gov.in,1
District Topper Scholarship 4220,District Collector Office,Computer Science,Sikkim,All,General,Buddhist,Class 10,Upto 3.5L,70-80,"Rs 6,000/year",9/28,https://scholarships.gov.in,1
Sports & Academics Scholarship 4221,Trust Fund,Law,Madhya Pradesh,All,SC,Hindu,Undergraduate,Upto 2.5L,Above 75,"Rs 3,000/year",12/30,https://scholarships.gov.in,1
First Generation Learner Award 4222,Zilla Parishad,Agriculture,Karnataka,Male,All,Hindu,Postgraduate,Upto 2.5L,60-70,"Rs 15,000/year",9/29,https://scholarships.gov.in,1
Women in STEM Scholarship 4223,NGO Foundation,Education,Mizoram,All,SC,Buddhist,Class 12,Upto 5L,Above 75,"Rs 15,000/year",9/30,https://scholarships.gov.in,1
Sports & Academics Scholarship 4224,State Education Board,Arts/Commerce,Chhattisgarh,Female,ST,Jain,Undergraduate,Upto 1L,Above 60,"Rs 75,000/year",9/31,https://scholarships.gov.in,1
Backward Class Merit Award 4225,Zilla Parishad,Design,Meghalaya,All,OBC,Sikh,PhD,Upto 1L,70-80,"Rs 35,000/year",12/30,https://scholarships.gov.in,1
BPL Student Aid 4226,Trust Fund,Design,Rajasthan,All,EWS,Hindu,Class 12,Upto 3.5L,Above 75,"Rs 15,000/year",11/31,https://scholarships.gov.in,1
BPL Student Aid 4227,NGO Foundation,Journalism,Chhattisgarh,Male,SC,Jain,Undergraduate,Upto 1L,70-80,"Rs 2,500/year",12/29,https://scholarships.gov.in,1
Backward Class Merit Award 4228,NGO Foundation,All,Himachal Pradesh,Male,EWS,Sikh,PhD,Upto 1L,Above 75,"Rs 2,500/year",11/31,https://scholarships.gov.in,1
Academic Excellence Grant 4229,Zilla Parishad,Science,Uttarakhand,Female,General,All,Class 10,Upto 2.5L,Above 75,"Rs 1,500/year",9/28,https://scholarships.gov.in,1
First Generation Learner Award 4230,Zilla Parishad,Management,Odisha,All,OBC,Christian,Postgraduate,Upto 3.5L,Above 60,"Rs 2,500/year",11/31,https://scholarships.gov.in,1
Academic Excellence Grant 4231,NGO Foundation,Design,Punjab,All,SC,Jain,PhD,Upto 8L,90-100,"Rs 35,000/year",11/29,https://scholarships.gov.in,1
District Topper Scholarship 4232,State Education Board,Science,Chhattisgarh,Male,OBC,Muslim,Undergraduate,Upto 1L,50-60,"Rs 8,000/year",9/30,https://scholarships.gov.in,1
Single Parent Child Scholarship 4233,Trust Fund,Design,Tripura,Female,OBC,Jain,Diploma,Upto 2.5L,60-70,"Rs 2,000/year",10/30,https://scholarships.gov.in,1
Backward Class Merit Award 4234,State Education Board,Medical,Maharashtra,Female,ST,Buddhist,Diploma,Upto 5L,70-80,"Rs 20,000/year",12/31,https://scholarships.gov.in,1
Academic Excellence Grant 4235,Trust Fund,Medical,Sikkim,Male,OBC,Muslim,Class 12,No Limit,50-60,"Rs 1,000/year",11/29,https://scholarships.gov.in,1
District Topper Scholarship 4236,State Education Board,Journalism,Chhattisgarh,Male,ST,Christian,PhD,Upto 3.5L,80-90,"Rs 2,000/year",10/29,https://scholarships.gov.in,1
BPL Student Aid 4237,Zilla Parishad,Management,Bihar,All,OBC,All,PhD,Upto 1L,90-100,"Rs 20,000/year",12/29,https://scholarships.gov.in,1
Sports & Academics Scholarship 4238,Zilla Parishad,Law,Tamil Nadu,Male,OBC,Jain,Postgraduate,No Limit,70-80,"Rs 10,000/year",9/28,https://scholarships.gov.in,1
Women in STEM Scholarship 4239,District Collector Office,Journalism,Arunachal Pradesh,All,General,Christian,Diploma,Upto 1L,Above 60,"Rs 50,000/year",9/29,https://scholarships.gov.in,1
BPL Student Aid 4240,Zilla Parishad,All,Tripura,Female,ST,Muslim,Class 12,Upto 8L,50-60,"Rs 40,000/year",9/29,https://scholarships.gov.in,1
Rural Student Scholarship 4241,State Education Board,Engineering,Assam,Male,ST,Muslim,Class 12,Upto 5L,Above 60,"Rs 20,000/year",10/30,https://scholarships.gov.in,1
Backward Class Merit Award 4242,District Collector Office,All,Jammu & Kashmir,Female,SC,Muslim,Undergraduate,Upto 8L,80-90,"Rs 12,000/year",10/30,https://scholarships.gov.in,1
Sports & Academics Scholarship 4243,Trust Fund,Agriculture,Mizoram,Male,ST,Buddhist,Class 12,Upto 2.5L,Above 60,"Rs 6,000/year",12/29,https://scholarships.gov.in,1
Rural Student Scholarship 4244,Trust Fund,Design,Punjab,Female,OBC,Jain,Undergraduate,Upto 1L,50-60,"Rs 5,000/year",11/29,https://scholarships.gov.in,1
First Generation Learner Award 4245,State Education Board,Architecture,Chhattisgarh,All,OBC,Sikh,Diploma,No Limit,90-100,"Rs 8,000/year",9/29,https://scholarships.gov.in,1
District Topper Scholarship 4246,State Education Board,Law,Goa,All,OBC,Sikh,Class 10,Upto 1L,60-70,"Rs 10,000/year",12/28,https://scholarships.gov.in,1
Rural Student Scholarship 4247,State Education Board,Engineering,Delhi,All,OBC,Christian,Undergraduate,Upto 1L,50-60,"Rs 3,000/year",12/31,https://scholarships.gov.in,1
Academic Excellence Grant 4248,Zilla Parishad,Biotechnology,Nagaland,Male,General,Sikh,Postgraduate,Upto 3.5L,60-70,"Rs 30,000/year",11/28,https://scholarships.gov.in,1
Backward Class Merit Award 4249,Trust Fund,Engineering,Tripura,All,Minority,Hindu,PhD,Upto 3.5L,Above 75,"Rs 8,000/year",10/30,https://scholarships.gov.in,1
Sports & Academics Scholarship 4250,Zilla Parishad,Arts/Commerce,Uttarakhand,Male,Minority,Buddhist,Diploma,Upto 3.5L,Above 75,"Rs 15,000/year",9/30,https://scholarships.gov.in,1
Rural Student Scholarship 4251,State Education Board,Architecture,Odisha,Male,All,All,Postgraduate,Upto 3.5L,Above 60,"Rs 40,000/year",11/30,https://scholarships.gov.in,1
BPL Student Aid 4252,NGO Foundation,Management,Delhi,Male,ST,Christian,Diploma,Upto 3.5L,Above 75,"Rs 5,000/year",10/31,https://scholarships.gov.in,1
Academic Excellence Grant 4253,Trust Fund,Design,Rajasthan,All,SC,Jain,Diploma,Upto 5L,50-60,"Rs 60,000/year",12/31,https://scholarships.gov.in,1
Academic Excellence Grant 4254,Trust Fund,Journalism,Assam,All,General,Muslim,PhD,Upto 2.5L,Above 60,"Rs 2,500/year",9/28,https://scholarships.gov.in,1
Women in STEM Scholarship 4255,District Collector Office,Arts/Commerce,Delhi,Female,Minority,Christian,Diploma,Upto 8L,90-100,"Rs 20,000/year",11/28,https://scholarships.gov.in,1
Single Parent Child Scholarship 4256,State Education Board,Education,Manipur,Female,OBC,Sikh,Class 10,Upto 1L,90-100,"Rs 20,000/year",11/30,https://scholarships.gov.in,1
Single Parent Child Scholarship 4257,Trust Fund,Agriculture,West Bengal,Female,ST,Muslim,Postgraduate,No Limit,80-90,"Rs 12,000/year",12/28,https://scholarships.gov.in,1
Single Parent Child Scholarship 4258,State Education Board,Science,West Bengal,All,General,Muslim,Class 10,Upto 2.5L,50-60,"Rs 8,000/year",10/28,https://scholarships.gov.in,1
First Generation Learner Award 4259,Trust Fund,Agriculture,Meghalaya,Male,General,Hindu,Undergraduate,Upto 2.5L,50-60,"Rs 60,000/year",10/30,https://scholarships.gov.in,1
Sports & Academics Scholarship 4260,District Collector Office,Computer Science,Punjab,All,OBC,Hindu,PhD,Upto 3.5L,90-100,"Rs 8,000/year",9/31,https://scholarships.gov.in,1
Academic Excellence Grant 4261,State Education Board,Science,Himachal Pradesh,Male,ST,Sikh,Postgraduate,Upto 8L,90-100,"Rs 6,000/year",10/30,https://scholarships.gov.in,1
Single Parent Child Scholarship 4262,Zilla Parishad,Design,Manipur,All,ST,Jain,Class 12,Upto 2.5L,Above 60,"Rs 2,000/year",11/29,https://scholarships.gov.in,1
First Generation Learner Award 4263,NGO Foundation,Architecture,West Bengal,Female,General,Muslim,Class 12,Upto 5L,80-90,"Rs 25,000/year",12/31,https://scholarships.gov.in,1
BPL Student Aid 4264,Zilla Parishad,Law,Bihar,Female,OBC,Buddhist,Class 12,Upto 8L,80-90,"Rs 25,000/year",10/31,https://scholarships.gov.in,1
Rural Student Scholarship 4265,State Education Board,Arts/Commerce,Andhra Pradesh,Male,SC,Buddhist,Class 12,Upto 5L,Above 60,"Rs 35,000/year",9/29,https://scholarships.gov.in,1
Women in STEM Scholarship 4266,State Education Board,Law,Uttar Pradesh,Female,ST,Buddhist,Diploma,Upto 5L,70-80,"Rs 60,000/year",10/30,https://scholarships.gov.in,1
District Topper Scholarship 4267,State Education Board,Journalism,Uttarakhand,All,Minority,Buddhist,Class 12,Upto 2.5L,70-80,"Rs 35,000/year",10/28,https://scholarships.gov.in,1
Best Student Award Scholarship 4268,Zilla Parishad,Architecture,Tripura,All,OBC,Christian,PhD,Upto 8L,Above 75,"Rs 1,000/year",9/31,https://scholarships.gov.in,1
Academic Excellence Grant 4269,District Collector Office,Engineering,Assam,Male,SC,Jain,Class 10,Upto 5L,60-70,"Rs 5,000/year",9/30,https://scholarships.gov.in,1
Best Student Award Scholarship 4270,Zilla Parishad,Biotechnology,Meghalaya,All,OBC,Christian,Postgraduate,Upto 1L,80-90,"Rs 6,000/year",11/29,https://scholarships.gov.in,1
District Topper Scholarship 4271,NGO Foundation,Architecture,Rajasthan,Male,All,Christian,Class 10,Upto 3.5L,Above 75,"Rs 3,000/year",12/29,https://scholarships.gov.in,1
Single Parent Child Scholarship 4272,District Collector Office,Journalism,Arunachal Pradesh,All,Minority,Jain,Postgraduate,No Limit,Above 60,"Rs 20,000/year",12/29,https://scholarships.gov.in,1
Best Student Award Scholarship 4273,District Collector Office,Computer Science,Meghalaya,Male,EWS,Muslim,Class 12,Upto 2.5L,80-90,"Rs 6,000/year",9/30,https://scholarships.gov.in,1
Rural Student Scholarship 4274,State Education Board,Agriculture,Chhattisgarh,All,All,Jain,Postgraduate,Upto 3.5L,80-90,"Rs 30,000/year",12/29,https://scholarships.gov.in,1
Backward Class Merit Award 4275,State Education Board,Management,Arunachal Pradesh,Male,Minority,Jain,PhD,Upto 2.5L,90-100,"Rs 6,000/year",12/28,https://scholarships.gov.in,1
Best Student Award Scholarship 4276,District Collector Office,Law,Madhya Pradesh,Male,EWS,Hindu,Undergraduate,Upto 1L,50-60,"Rs 5,000/year",11/31,https://scholarships.gov.in,1
District Topper Scholarship 4277,NGO Foundation,Engineering,Chhattisgarh,All,SC,Hindu,Class 10,Upto 5L,80-90,"Rs 8,000/year",12/29,https://scholarships.gov.in,1
BPL Student Aid 4278,NGO Foundation,Law,Himachal Pradesh,Male,EWS,Buddhist,Class 12,Upto 3.5L,Above 75,"Rs 40,000/year",11/28,https://scholarships.gov.in,1
BPL Student Aid 4279,State Education Board,Arts/Commerce,Odisha,Male,SC,Jain,Postgraduate,Upto 1L,90-100,"Rs 10,000/year",11/29,https://scholarships.gov.in,1
Single Parent Child Scholarship 4280,NGO Foundation,Science,Odisha,Female,Minority,Muslim,Postgraduate,Upto 5L,70-80,"Rs 1,000/year",11/29,https://scholarships.gov.in,1
Backward Class Merit Award 4281,Zilla Parishad,Agriculture,Jharkhand,Female,EWS,All,Postgraduate,Upto 1L,70-80,"Rs 20,000/year",12/31,https://scholarships.gov.in,1
District Topper Scholarship 4282,NGO Foundation,Biotechnology,Goa,Male,All,All,Undergraduate,Upto 8L,Above 75,"Rs 50,000/year",11/29,https://scholarships.gov.in,1
BPL Student Aid 4283,District Collector Office,Medical,Mizoram,Male,SC,Sikh,Diploma,Upto 5L,70-80,"Rs 40,000/year",10/28,https://scholarships.gov.in,1
BPL Student Aid 4284,Zilla Parishad,Law,Haryana,Male,EWS,All,Postgraduate,Upto 8L,60-70,"Rs 35,000/year",10/31,https://scholarships.gov.in,1
Rural Student Scholarship 4285,State Education Board,Management,West Bengal,Male,SC,Buddhist,PhD,Upto 2.5L,50-60,"Rs 15,000/year",11/28,https://scholarships.gov.in,1
Women in STEM Scholarship 4286,State Education Board,Law,Andhra Pradesh,Male,ST,Buddhist,Diploma,Upto 5L,80-90,"Rs 2,500/year",9/28,https://scholarships.gov.in,1
Sports & Academics Scholarship 4287,NGO Foundation,Science,Gujarat,Male,SC,Jain,PhD,Upto 2.5L,70-80,"Rs 3,000/year",10/28,https://scholarships.gov.in,1
Women in STEM Scholarship 4288,Trust Fund,Computer Science,Sikkim,Female,All,Muslim,Class 12,Upto 2.5L,50-60,"Rs 20,000/year",9/29,https://scholarships.gov.in,1
Women in STEM Scholarship 4289,Trust Fund,Biotechnology,Manipur,Female,SC,Christian,Undergraduate,Upto 8L,70-80,"Rs 1,500/year",10/29,https://scholarships.gov.in,1
District Topper Scholarship 4290,NGO Foundation,Engineering,Punjab,Male,OBC,Christian,Undergraduate,Upto 2.5L,70-80,"Rs 3,000/year",9/28,https://scholarships.gov.in,1
Backward Class Merit Award 4291,Zilla Parishad,All,Jammu & Kashmir,All,OBC,Christian,Diploma,No Limit,70-80,"Rs 3,000/year",12/28,https://scholarships.gov.in,1
Single Parent Child Scholarship 4292,Zilla Parishad,Arts/Commerce,Meghalaya,Female,ST,Sikh,Postgraduate,No Limit,60-70,"Rs 2,000/year",10/29,https://scholarships.gov.in,1
Best Student Award Scholarship 4293,Zilla Parishad,Management,Madhya Pradesh,Female,EWS,Hindu,Undergraduate,Upto 5L,60-70,"Rs 6,000/year",9/29,https://scholarships.gov.in,1
Best Student Award Scholarship 4294,NGO Foundation,Agriculture,Telangana,Female,EWS,Muslim,Undergraduate,Upto 1L,70-80,"Rs 75,000/year",12/29,https://scholarships.gov.in,1
Best Student Award Scholarship 4295,District Collector Office,Management,Rajasthan,All,OBC,Sikh,Class 12,No Limit,Above 60,"Rs 1,500/year",12/29,https://scholarships.gov.in,1
First Generation Learner Award 4296,Zilla Parishad,Pharmacy,Sikkim,All,Minority,All,PhD,No Limit,50-60,"Rs 3,000/year",12/31,https://scholarships.gov.in,1
Best Student Award Scholarship 4297,State Education Board,Medical,Assam,All,SC,Buddhist,Undergraduate,No Limit,90-100,"Rs 60,000/year",12/29,https://scholarships.gov.in,1
Single Parent Child Scholarship 4298,Trust Fund,Journalism,Delhi,Male,SC,Hindu,Diploma,Upto 5L,Above 60,"Rs 3,000/year",9/30,https://scholarships.gov.in,1
Rural Student Scholarship 4299,State Education Board,Management,Tripura,Female,SC,Jain,Class 10,Upto 2.5L,80-90,"Rs 40,000/year",11/31,https://scholarships.gov.in,1
District Topper Scholarship 4300,NGO Foundation,Architecture,Manipur,All,All,Jain,Class 12,Upto 8L,Above 75,"Rs 6,000/year",11/29,https://scholarships.gov.in,1
Women in STEM Scholarship 4301,District Collector Office,All,Punjab,Male,OBC,All,Class 12,No Limit,Above 75,"Rs 2,500/year",9/28,https://scholarships.gov.in,1
District Topper Scholarship 4302,Trust Fund,Design,Odisha,Male,ST,Muslim,PhD,Upto 3.5L,80-90,"Rs 12,000/year",12/30,https://scholarships.gov.in,1
District Topper Scholarship 4303,District Collector Office,Journalism,Gujarat,All,All,Buddhist,PhD,No Limit,Above 75,"Rs 3,000/year",11/29,https://scholarships.gov.in,1
First Generation Learner Award 4304,State Education Board,Pharmacy,Maharashtra,All,EWS,Muslim,Class 12,Upto 1L,50-60,"Rs 8,000/year",12/31,https://scholarships.gov.in,1
Backward Class Merit Award 4305,District Collector Office,Management,Nagaland,All,EWS,Hindu,Class 10,Upto 3.5L,50-60,"Rs 2,500/year",10/31,https://scholarships.gov.in,1
Women in STEM Scholarship 4306,NGO Foundation,Architecture,Delhi,Male,Minority,All,Class 12,Upto 1L,50-60,"Rs 5,000/year",9/31,https://scholarships.gov.in,1
District Topper Scholarship 4307,Trust Fund,Engineering,Mizoram,Female,SC,All,Class 10,Upto 1L,50-60,"Rs 1,000/year",9/29,https://scholarships.gov.in,1
Single Parent Child Scholarship 4308,State Education Board,Law,West Bengal,Male,All,Jain,Diploma,Upto 5L,90-100,"Rs 30,000/year",11/28,https://scholarships.gov.in,1
District Topper Scholarship 4309,District Collector Office,Journalism,Sikkim,Male,All,All,Class 10,Upto 1L,50-60,"Rs 5,000/year",10/28,https://scholarships.gov.in,1
Academic Excellence Grant 4310,Trust Fund,Engineering,Delhi,Male,EWS,Jain,Diploma,Upto 5L,90-100,"Rs 40,000/year",10/28,https://scholarships.gov.in,1
Backward Class Merit Award 4311,NGO Foundation,All,Telangana,Female,SC,Jain,Postgraduate,Upto 3.5L,90-100,"Rs 1,500/year",11/28,https://scholarships.gov.in,1
Single Parent Child Scholarship 4312,Trust Fund,All,Rajasthan,Female,All,Sikh,Undergraduate,Upto 8L,Above 60,"Rs 3,000/year",9/28,https://scholarships.gov.in,1
Single Parent Child Scholarship 4313,Trust Fund,Journalism,Uttar Pradesh,All,General,Buddhist,Undergraduate,Upto 5L,60-70,"Rs 5,000/year",9/31,https://scholarships.gov.in,1
District Topper Scholarship 4314,Zilla Parishad,Computer Science,Himachal Pradesh,Female,EWS,Jain,Class 12,Upto 3.5L,90-100,"Rs 1,500/year",9/28,https://scholarships.gov.in,1
Sports & Academics Scholarship 4315,NGO Foundation,Agriculture,Telangana,Male,SC,Sikh,Undergraduate,Upto 8L,Above 75,"Rs 75,000/year",12/29,https://scholarships.gov.in,1
Sports & Academics Scholarship 4316,Zilla Parishad,Pharmacy,Maharashtra,All,OBC,Christian,Class 10,Upto 2.5L,Above 60,"Rs 2,000/year",10/31,https://scholarships.gov.in,1
Rural Student Scholarship 4317,Zilla Parishad,Design,Maharashtra,Female,Minority,Sikh,Class 12,Upto 2.5L,60-70,"Rs 10,000/year",9/28,https://scholarships.gov.in,1
Women in STEM Scholarship 4318,District Collector Office,Education,Maharashtra,All,EWS,Christian,Undergraduate,No Limit,80-90,"Rs 1,500/year",12/28,https://scholarships.gov.in,1
Sports & Academics Scholarship 4319,NGO Foundation,All,Jammu & Kashmir,Male,EWS,All,Diploma,Upto 5L,70-80,"Rs 50,000/year",11/30,https://scholarships.gov.in,1
Single Parent Child Scholarship 4320,Trust Fund,Law,Madhya Pradesh,Female,General,All,Diploma,Upto 3.5L,50-60,"Rs 2,500/year",9/31,https://scholarships.gov.in,1
Sports & Academics Scholarship 4321,Zilla Parishad,Science,Arunachal Pradesh,Male,Minority,Sikh,Class 10,No Limit,60-70,"Rs 40,000/year",12/28,https://scholarships.gov.in,1
Backward Class Merit Award 4322,NGO Foundation,Computer Science,Delhi,All,OBC,Sikh,Undergraduate,Upto 5L,Above 75,"Rs 8,000/year",12/29,https://scholarships.gov.in,1
Best Student Award Scholarship 4323,State Education Board,Education,Maharashtra,All,OBC,Muslim,Class 10,Upto 2.5L,90-100,"Rs 1,000/year",12/29,https://scholarships.gov.in,1
Sports & Academics Scholarship 4324,Zilla Parishad,Agriculture,Tripura,Male,Minority,All,Class 10,Upto 8L,80-90,"Rs 15,000/year",10/29,https://scholarships.gov.in,1
Backward Class Merit Award 4325,NGO Foundation,Medical,Maharashtra,Male,All,Muslim,Undergraduate,No Limit,Above 75,"Rs 50,000/year",9/31,https://scholarships.gov.in,1
Single Parent Child Scholarship 4326,Zilla Parishad,Journalism,Jammu & Kashmir,Male,OBC,Muslim,Postgraduate,Upto 5L,80-90,"Rs 1,500/year",12/31,https://scholarships.gov.in,1
District Topper Scholarship 4327,NGO Foundation,Education,Uttar Pradesh,All,SC,All,Postgraduate,Upto 2.5L,50-60,"Rs 12,000/year",10/28,https://scholarships.gov.in,1
Backward Class Merit Award 4328,Trust Fund,Science,Bihar,All,Minority,Jain,Class 10,Upto 1L,90-100,"Rs 20,000/year",12/30,https://scholarships.gov.in,1
Single Parent Child Scholarship 4329,NGO Foundation,Law,Andhra Pradesh,Female,EWS,Muslim,Class 10,Upto 8L,50-60,"Rs 75,000/year",11/28,https://scholarships.gov.in,1
Backward Class Merit Award 4330,Trust Fund,Science,Goa,Male,ST,Hindu,Postgraduate,Upto 5L,Above 60,"Rs 8,000/year",12/30,https://scholarships.gov.in,1
First Generation Learner Award 4331,NGO Foundation,Biotechnology,Goa,Female,Minority,Hindu,Class 10,Upto 3.5L,70-80,"Rs 75,000/year",10/28,https://scholarships.gov.in,1
Academic Excellence Grant 4332,District Collector Office,All,Arunachal Pradesh,All,All,Sikh,Undergraduate,Upto 3.5L,Above 75,"Rs 60,000/year",10/29,https://scholarships.gov.in,1
Sports & Academics Scholarship 4333,NGO Foundation,Management,Tripura,Female,EWS,Buddhist,Class 10,Upto 5L,50-60,"Rs 50,000/year",11/30,https://scholarships.gov.in,1
District Topper Scholarship 4334,Trust Fund,Arts/Commerce,Karnataka,Female,SC,Sikh,Class 12,Upto 1L,Above 60,"Rs 18,000/year",10/30,https://scholarships.gov.in,1
Best Student Award Scholarship 4335,Trust Fund,Computer Science,Telangana,Female,ST,All,Postgraduate,Upto 5L,70-80,"Rs 30,000/year",11/28,https://scholarships.gov.in,1
Sports & Academics Scholarship 4336,District Collector Office,Arts/Commerce,Gujarat,All,EWS,Muslim,Diploma,No Limit,50-60,"Rs 35,000/year",12/31,https://scholarships.gov.in,1
First Generation Learner Award 4337,Zilla Parishad,Biotechnology,Jammu & Kashmir,Male,ST,Christian,Postgraduate,Upto 3.5L,50-60,"Rs 6,000/year",9/28,https://scholarships.gov.in,1
Rural Student Scholarship 4338,NGO Foundation,Computer Science,Sikkim,All,SC,Muslim,Diploma,Upto 5L,50-60,"Rs 12,000/year",10/31,https://scholarships.gov.in,1
District Topper Scholarship 4339,NGO Foundation,Arts/Commerce,Maharashtra,Male,ST,Buddhist,Diploma,No Limit,Above 75,"Rs 3,000/year",12/30,https://scholarships.gov.in,1
Academic Excellence Grant 4340,State Education Board,Management,Uttarakhand,Female,General,Hindu,Class 10,No Limit,90-100,"Rs 18,000/year",9/28,https://scholarships.gov.in,1
First Generation Learner Award 4341,State Education Board,All,Madhya Pradesh,Male,Minority,All,Class 10,Upto 1L,50-60,"Rs 18,000/year",11/28,https://scholarships.gov.in,1
District Topper Scholarship 4342,State Education Board,Architecture,Haryana,Female,EWS,Buddhist,Postgraduate,No Limit,80-90,"Rs 10,000/year",12/29,https://scholarships.gov.in,1
District Topper Scholarship 4343,NGO Foundation,All,Assam,All,EWS,Christian,PhD,Upto 8L,50-60,"Rs 8,000/year",10/30,https://scholarships.gov.in,1
Women in STEM Scholarship 4344,State Education Board,Architecture,Telangana,Male,All,Jain,Undergraduate,Upto 3.5L,80-90,"Rs 2,000/year",12/29,https://scholarships.gov.in,1
Women in STEM Scholarship 4345,NGO Foundation,Arts/Commerce,Jammu & Kashmir,All,ST,All,Postgraduate,Upto 1L,Above 60,"Rs 30,000/year",12/30,https://scholarships.gov.in,1
Best Student Award Scholarship 4346,Trust Fund,Science,Maharashtra,Female,OBC,Jain,Diploma,Upto 3.5L,60-70,"Rs 1,500/year",12/31,https://scholarships.gov.in,1
BPL Student Aid 4347,Zilla Parishad,Journalism,Punjab,Female,Minority,Sikh,Postgraduate,Upto 3.5L,90-100,"Rs 2,000/year",10/28,https://scholarships.gov.in,1
District Topper Scholarship 4348,District Collector Office,Architecture,Assam,All,Minority,Hindu,PhD,Upto 1L,90-100,"Rs 12,000/year",11/30,https://scholarships.gov.in,1
District Topper Scholarship 4349,District Collector Office,Engineering,Kerala,All,General,Muslim,Undergraduate,Upto 2.5L,70-80,"Rs 10,000/year",11/30,https://scholarships.gov.in,1
Rural Student Scholarship 4350,Trust Fund,Education,Manipur,Male,OBC,Jain,Class 10,Upto 8L,90-100,"Rs 25,000/year",9/28,https://scholarships.gov.in,1
Rural Student Scholarship 4351,District Collector Office,Education,Arunachal Pradesh,Female,OBC,Muslim,Diploma,Upto 5L,60-70,"Rs 1,500/year",12/28,https://scholarships.gov.in,1
Best Student Award Scholarship 4352,State Education Board,Design,Mizoram,Male,OBC,Jain,Undergraduate,Upto 8L,90-100,"Rs 1,500/year",9/28,https://scholarships.gov.in,1
Rural Student Scholarship 4353,NGO Foundation,Design,Jammu & Kashmir,All,OBC,Christian,Diploma,Upto 5L,60-70,"Rs 40,000/year",11/30,https://scholarships.gov.in,1
First Generation Learner Award 4354,NGO Foundation,Journalism,Rajasthan,Female,General,All,PhD,No Limit,60-70,"Rs 3,000/year",9/28,https://scholarships.gov.in,1
District Topper Scholarship 4355,District Collector Office,Arts/Commerce,Telangana,All,SC,All,PhD,Upto 1L,Above 75,"Rs 10,000/year",10/28,https://scholarships.gov.in,1
Backward Class Merit Award 4356,State Education Board,Science,Rajasthan,Female,General,Jain,PhD,No Limit,Above 75,"Rs 2,000/year",12/28,https://scholarships.gov.in,1
Backward Class Merit Award 4357,State Education Board,Engineering,Gujarat,Female,SC,Jain,PhD,Upto 3.5L,80-90,"Rs 75,000/year",11/31,https://scholarships.gov.in,1
Single Parent Child Scholarship 4358,NGO Foundation,Education,Jharkhand,Female,General,Muslim,PhD,Upto 1L,60-70,"Rs 5,000/year",9/30,https://scholarships.gov.in,1
Sports & Academics Scholarship 4359,Trust Fund,All,Madhya Pradesh,Male,ST,Muslim,PhD,Upto 8L,60-70,"Rs 40,000/year",12/31,https://scholarships.gov.in,1
Sports & Academics Scholarship 4360,Zilla Parishad,Computer Science,Mizoram,Female,ST,Jain,Undergraduate,Upto 8L,70-80,"Rs 1,000/year",10/30,https://scholarships.gov.in,1
Backward Class Merit Award 4361,District Collector Office,Pharmacy,Assam,Male,OBC,Sikh,Class 10,Upto 3.5L,90-100,"Rs 75,000/year",10/31,https://scholarships.gov.in,1
Rural Student Scholarship 4362,NGO Foundation,Science,Goa,Female,All,Muslim,Postgraduate,Upto 5L,Above 75,"Rs 25,000/year",10/29,https://scholarships.gov.in,1
Academic Excellence Grant 4363,Zilla Parishad,Computer Science,Jammu & Kashmir,Female,EWS,All,Class 10,Upto 5L,90-100,"Rs 8,000/year",12/28,https://scholarships.gov.in,1
Women in STEM Scholarship 4364,Trust Fund,Architecture,Arunachal Pradesh,All,SC,Buddhist,Postgraduate,Upto 5L,60-70,"Rs 75,000/year",12/28,https://scholarships.gov.in,1
Sports & Academics Scholarship 4365,NGO Foundation,Agriculture,Uttar Pradesh,Female,Minority,Christian,Undergraduate,Upto 1L,Above 75,"Rs 1,500/year",10/29,https://scholarships.gov.in,1
Women in STEM Scholarship 4366,District Collector Office,Design,Madhya Pradesh,All,EWS,Hindu,Class 12,Upto 8L,60-70,"Rs 12,000/year",12/28,https://scholarships.gov.in,1
Rural Student Scholarship 4367,State Education Board,Pharmacy,Maharashtra,All,EWS,Buddhist,Undergraduate,No Limit,70-80,"Rs 18,000/year",12/30,https://scholarships.gov.in,1
Backward Class Merit Award 4368,Trust Fund,Pharmacy,Gujarat,Female,All,Buddhist,PhD,No Limit,60-70,"Rs 20,000/year",10/29,https://scholarships.gov.in,1
Women in STEM Scholarship 4369,District Collector Office,Engineering,Punjab,Male,SC,Sikh,Class 10,Upto 1L,70-80,"Rs 1,000/year",11/31,https://scholarships.gov.in,1
Women in STEM Scholarship 4370,District Collector Office,Biotechnology,Tripura,All,General,All,PhD,No Limit,80-90,"Rs 3,000/year",12/30,https://scholarships.gov.in,1
Academic Excellence Grant 4371,State Education Board,Journalism,Andhra Pradesh,All,OBC,Hindu,Class 12,Upto 1L,Above 75,"Rs 3,000/year",10/30,https://scholarships.gov.in,1
Sports & Academics Scholarship 4372,Trust Fund,Science,Maharashtra,Male,SC,Hindu,PhD,Upto 1L,70-80,"Rs 75,000/year",9/30,https://scholarships.gov.in,1
Single Parent Child Scholarship 4373,District Collector Office,Management,Tamil Nadu,Female,EWS,Muslim,PhD,Upto 8L,70-80,"Rs 25,000/year",11/29,https://scholarships.gov.in,1
Sports & Academics Scholarship 4374,District Collector Office,Education,Kerala,Male,ST,Hindu,Postgraduate,Upto 5L,Above 75,"Rs 10,000/year",12/28,https://scholarships.gov.in,1
Backward Class Merit Award 4375,District Collector Office,Management,Haryana,Female,SC,All,Diploma,Upto 8L,80-90,"Rs 15,000/year",11/31,https://scholarships.gov.in,1
BPL Student Aid 4376,District Collector Office,Management,Chhattisgarh,All,All,Buddhist,Diploma,Upto 2.5L,90-100,"Rs 12,000/year",11/28,https://scholarships.gov.in,1
Best Student Award Scholarship 4377,District Collector Office,Arts/Commerce,Delhi,Female,EWS,Muslim,Class 12,Upto 5L,90-100,"Rs 75,000/year",11/28,https://scholarships.gov.in,1
First Generation Learner Award 4378,NGO Foundation,All,Gujarat,Male,SC,All,Postgraduate,Upto 5L,80-90,"Rs 2,500/year",10/30,https://scholarships.gov.in,1
Backward Class Merit Award 4379,District Collector Office,All,Telangana,Female,ST,Buddhist,Postgraduate,Upto 5L,60-70,"Rs 25,000/year",11/28,https://scholarships.gov.in,1
Best Student Award Scholarship 4380,Zilla Parishad,Arts/Commerce,Telangana,Female,EWS,Muslim,Undergraduate,Upto 5L,Above 75,"Rs 15,000/year",10/31,https://scholarships.gov.in,1
Backward Class Merit Award 4381,Trust Fund,All,Arunachal Pradesh,All,All,Buddhist,Diploma,No Limit,90-100,"Rs 5,000/year",9/30,https://scholarships.gov.in,1
Best Student Award Scholarship 4382,Zilla Parishad,Law,Meghalaya,All,EWS,Sikh,Class 10,Upto 3.5L,90-100,"Rs 3,000/year",10/31,https://scholarships.gov.in,1
Sports & Academics Scholarship 4383,State Education Board,Medical,Punjab,All,Minority,Muslim,PhD,Upto 5L,90-100,"Rs 30,000/year",12/29,https://scholarships.gov.in,1
Sports & Academics Scholarship 4384,Trust Fund,Design,Gujarat,All,ST,Hindu,PhD,Upto 2.5L,80-90,"Rs 1,000/year",9/31,https://scholarships.gov.in,1
Best Student Award Scholarship 4385,State Education Board,Law,Telangana,Male,OBC,Muslim,Class 12,Upto 3.5L,90-100,"Rs 2,000/year",10/31,https://scholarships.gov.in,1
Women in STEM Scholarship 4386,Trust Fund,Agriculture,Maharashtra,All,SC,Sikh,Diploma,Upto 8L,60-70,"Rs 1,500/year",10/29,https://scholarships.gov.in,1
BPL Student Aid 4387,Trust Fund,Engineering,Rajasthan,Male,SC,Sikh,Class 10,Upto 8L,90-100,"Rs 2,500/year",9/30,https://scholarships.gov.in,1
District Topper Scholarship 4388,Trust Fund,Computer Science,Punjab,Male,ST,Christian,Postgraduate,Upto 8L,90-100,"Rs 5,000/year",10/30,https://scholarships.gov.in,1
Rural Student Scholarship 4389,District Collector Office,Management,Manipur,Male,ST,Christian,Class 10,Upto 1L,60-70,"Rs 60,000/year",9/31,https://scholarships.gov.in,1
BPL Student Aid 4390,Trust Fund,All,Arunachal Pradesh,Male,All,Christian,PhD,Upto 8L,Above 60,"Rs 60,000/year",12/29,https://scholarships.gov.in,1
Sports & Academics Scholarship 4391,Zilla Parishad,Medical,Gujarat,Female,ST,Buddhist,Class 10,Upto 8L,90-100,"Rs 75,000/year",10/31,https://scholarships.gov.in,1
First Generation Learner Award 4392,State Education Board,Journalism,Tamil Nadu,Female,ST,All,Class 12,No Limit,50-60,"Rs 1,500/year",9/30,https://scholarships.gov.in,1
Backward Class Merit Award 4393,Zilla Parishad,Journalism,Kerala,All,Minority,Christian,Undergraduate,Upto 2.5L,80-90,"Rs 60,000/year",9/31,https://scholarships.gov.in,1
Backward Class Merit Award 4394,State Education Board,Engineering,Chhattisgarh,All,ST,Hindu,Diploma,Upto 3.5L,50-60,"Rs 6,000/year",11/30,https://scholarships.gov.in,1
BPL Student Aid 4395,State Education Board,Law,Odisha,Female,OBC,Christian,Postgraduate,Upto 1L,80-90,"Rs 2,000/year",9/28,https://scholarships.gov.in,1
Rural Student Scholarship 4396,Trust Fund,Design,Tripura,Male,Minority,All,Postgraduate,Upto 3.5L,Above 60,"Rs 2,000/year",10/28,https://scholarships.gov.in,1
District Topper Scholarship 4397,NGO Foundation,Agriculture,Tripura,Female,EWS,All,Undergraduate,Upto 5L,Above 60,"Rs 15,000/year",10/28,https://scholarships.gov.in,1
Backward Class Merit Award 4398,District Collector Office,Architecture,Punjab,Female,SC,Sikh,Postgraduate,Upto 2.5L,90-100,"Rs 10,000/year",12/28,https://scholarships.gov.in,1
Academic Excellence Grant 4399,NGO Foundation,Science,Gujarat,Male,EWS,Christian,Class 10,No Limit,Above 60,"Rs 2,000/year",10/30,https://scholarships.gov.in,1
Best Student Award Scholarship 4400,District Collector Office,Arts/Commerce,Uttarakhand,Male,All,Jain,Undergraduate,Upto 5L,90-100,"Rs 18,000/year",11/28,https://scholarships.gov.in,1
Backward Class Merit Award 4401,Trust Fund,Medical,Mizoram,Male,Minority,Jain,Class 10,Upto 8L,Above 60,"Rs 50,000/year",9/29,https://scholarships.gov.in,1
Backward Class Merit Award 4402,NGO Foundation,Engineering,Jharkhand,All,General,Sikh,PhD,Upto 8L,50-60,"Rs 75,000/year",10/29,https://scholarships.gov.in,1
Backward Class Merit Award 4403,District Collector Office,Science,Assam,Male,Minority,Buddhist,Diploma,Upto 8L,90-100,"Rs 1,500/year",12/31,https://scholarships.gov.in,1
First Generation Learner Award 4404,District Collector Office,Management,West Bengal,Female,General,Sikh,Postgraduate,Upto 3.5L,80-90,"Rs 25,000/year",9/31,https://scholarships.gov.in,1
Backward Class Merit Award 4405,Trust Fund,Engineering,Himachal Pradesh,Female,SC,Hindu,Class 12,Upto 3.5L,80-90,"Rs 1,000/year",10/31,https://scholarships.gov.in,1
BPL Student Aid 4406,Zilla Parishad,All,Manipur,Male,Minority,Sikh,Undergraduate,Upto 8L,70-80,"Rs 1,000/year",12/31,https://scholarships.gov.in,1
Women in STEM Scholarship 4407,District Collector Office,Science,Punjab,All,EWS,Buddhist,Diploma,Upto 3.5L,70-80,"Rs 5,000/year",10/31,https://scholarships.gov.in,1
Best Student Award Scholarship 4408,District Collector Office,Management,Haryana,Male,General,All,Undergraduate,Upto 1L,60-70,"Rs 1,000/year",10/28,https://scholarships.gov.in,1
First Generation Learner Award 4409,NGO Foundation,Engineering,Maharashtra,All,EWS,All,Postgraduate,Upto 8L,50-60,"Rs 1,000/year",11/28,https://scholarships.gov.in,1
First Generation Learner Award 4410,Zilla Parishad,Science,Himachal Pradesh,Male,OBC,Christian,Diploma,Upto 3.5L,Above 75,"Rs 50,000/year",11/28,https://scholarships.gov.in,1
Women in STEM Scholarship 4411,Zilla Parishad,Medical,Odisha,Female,EWS,Muslim,Postgraduate,Upto 5L,60-70,"Rs 2,500/year",12/29,https://scholarships.gov.in,1
Sports & Academics Scholarship 4412,District Collector Office,All,Meghalaya,All,OBC,Hindu,Postgraduate,Upto 1L,Above 60,"Rs 18,000/year",12/30,https://scholarships.gov.in,1
BPL Student Aid 4413,State Education Board,Biotechnology,Meghalaya,Female,SC,Muslim,Postgraduate,Upto 2.5L,Above 75,"Rs 2,000/year",9/29,https://scholarships.gov.in,1
Backward Class Merit Award 4414,Trust Fund,Medical,Uttar Pradesh,Female,Minority,Muslim,Class 12,No Limit,Above 75,"Rs 1,500/year",10/31,https://scholarships.gov.in,1
Rural Student Scholarship 4415,NGO Foundation,Science,Telangana,All,General,Jain,Class 12,Upto 1L,60-70,"Rs 18,000/year",12/28,https://scholarships.gov.in,1
Rural Student Scholarship 4416,NGO Foundation,Arts/Commerce,Gujarat,Female,SC,Christian,Undergraduate,Upto 1L,60-70,"Rs 20,000/year",9/29,https://scholarships.gov.in,1
Academic Excellence Grant 4417,NGO Foundation,Journalism,Tamil Nadu,All,EWS,Sikh,Diploma,Upto 1L,70-80,"Rs 60,000/year",10/30,https://scholarships.gov.in,1
Sports & Academics Scholarship 4418,District Collector Office,Medical,Tamil Nadu,Male,General,Muslim,Class 12,Upto 2.5L,Above 75,"Rs 75,000/year",10/28,https://scholarships.gov.in,1
BPL Student Aid 4419,District Collector Office,Science,Jammu & Kashmir,Male,SC,Buddhist,PhD,Upto 1L,Above 60,"Rs 3,000/year",10/29,https://scholarships.gov.in,1
Academic Excellence Grant 4420,Zilla Parishad,Journalism,Odisha,Male,OBC,Jain,Class 10,Upto 5L,90-100,"Rs 1,000/year",11/31,https://scholarships.gov.in,1
BPL Student Aid 4421,District Collector Office,Management,Odisha,Male,EWS,Buddhist,PhD,Upto 8L,90-100,"Rs 10,000/year",11/29,https://scholarships.gov.in,1
Academic Excellence Grant 4422,NGO Foundation,Biotechnology,Delhi,All,General,Christian,Postgraduate,Upto 2.5L,70-80,"Rs 2,500/year",11/28,https://scholarships.gov.in,1
Rural Student Scholarship 4423,Zilla Parishad,Architecture,Sikkim,Female,EWS,Buddhist,PhD,Upto 8L,80-90,"Rs 30,000/year",11/29,https://scholarships.gov.in,1
District Topper Scholarship 4424,District Collector Office,Education,Goa,All,ST,Sikh,Diploma,Upto 8L,80-90,"Rs 75,000/year",12/29,https://scholarships.gov.in,1
District Topper Scholarship 4425,Trust Fund,Management,Nagaland,Female,OBC,Sikh,Class 10,No Limit,50-60,"Rs 12,000/year",10/29,https://scholarships.gov.in,1
Best Student Award Scholarship 4426,NGO Foundation,Design,Himachal Pradesh,Female,SC,Jain,Undergraduate,Upto 1L,60-70,"Rs 1,000/year",10/31,https://scholarships.gov.in,1
Best Student Award Scholarship 4427,Zilla Parishad,Agriculture,Punjab,All,SC,Muslim,Diploma,No Limit,90-100,"Rs 10,000/year",12/30,https://scholarships.gov.in,1
Backward Class Merit Award 4428,Zilla Parishad,Agriculture,Mizoram,Female,EWS,Christian,Class 10,Upto 1L,70-80,"Rs 75,000/year",9/31,https://scholarships.gov.in,1
Women in STEM Scholarship 4429,NGO Foundation,Agriculture,Manipur,Male,EWS,Jain,Undergraduate,Upto 2.5L,50-60,"Rs 1,500/year",9/29,https://scholarships.gov.in,1
Best Student Award Scholarship 4430,District Collector Office,Arts/Commerce,Manipur,Male,ST,Sikh,Postgraduate,Upto 5L,90-100,"Rs 1,500/year",10/29,https://scholarships.gov.in,1
First Generation Learner Award 4431,Trust Fund,Law,Jharkhand,Male,General,Jain,Postgraduate,Upto 3.5L,Above 75,"Rs 8,000/year",10/31,https://scholarships.gov.in,1
First Generation Learner Award 4432,Zilla Parishad,Arts/Commerce,Nagaland,All,ST,Jain,Postgraduate,Upto 2.5L,50-60,"Rs 35,000/year",12/31,https://scholarships.gov.in,1
Rural Student Scholarship 4433,Zilla Parishad,Journalism,Arunachal Pradesh,Male,ST,Buddhist,Undergraduate,Upto 5L,Above 75,"Rs 1,500/year",10/30,https://scholarships.gov.in,1
Rural Student Scholarship 4434,District Collector Office,Agriculture,Chhattisgarh,All,SC,Jain,Class 12,Upto 8L,50-60,"Rs 35,000/year",11/29,https://scholarships.gov.in,1
Best Student Award Scholarship 4435,State Education Board,Medical,Karnataka,All,All,Muslim,Undergraduate,Upto 1L,80-90,"Rs 75,000/year",10/29,https://scholarships.gov.in,1
Academic Excellence Grant 4436,Trust Fund,Design,Jharkhand,All,EWS,Hindu,Class 10,Upto 5L,80-90,"Rs 3,000/year",9/28,https://scholarships.gov.in,1
Best Student Award Scholarship 4437,NGO Foundation,Engineering,Punjab,Female,ST,Jain,Diploma,Upto 8L,Above 75,"Rs 10,000/year",10/30,https://scholarships.gov.in,1
First Generation Learner Award 4438,Zilla Parishad,Agriculture,Tripura,Female,SC,Sikh,Class 12,Upto 1L,60-70,"Rs 75,000/year",11/30,https://scholarships.gov.in,1
Backward Class Merit Award 4439,Zilla Parishad,Computer Science,Meghalaya,Male,EWS,Jain,Undergraduate,Upto 8L,50-60,"Rs 10,000/year",11/29,https://scholarships.gov.in,1
Backward Class Merit Award 4440,NGO Foundation,Computer Science,Arunachal Pradesh,All,EWS,Buddhist,Class 12,Upto 5L,90-100,"Rs 25,000/year",10/30,https://scholarships.gov.in,1
District Topper Scholarship 4441,District Collector Office,Pharmacy,West Bengal,All,ST,Christian,PhD,Upto 2.5L,90-100,"Rs 35,000/year",12/29,https://scholarships.gov.in,1
BPL Student Aid 4442,Zilla Parishad,Law,Delhi,All,All,Hindu,Class 10,Upto 1L,Above 75,"Rs 3,000/year",9/31,https://scholarships.gov.in,1
First Generation Learner Award 4443,Trust Fund,All,Chhattisgarh,All,Minority,Buddhist,Diploma,Upto 5L,70-80,"Rs 40,000/year",12/31,https://scholarships.gov.in,1
Sports & Academics Scholarship 4444,District Collector Office,Law,Bihar,Female,Minority,Sikh,Class 10,Upto 8L,60-70,"Rs 50,000/year",10/31,https://scholarships.gov.in,1
Best Student Award Scholarship 4445,State Education Board,Computer Science,Kerala,Male,EWS,All,Postgraduate,No Limit,70-80,"Rs 25,000/year",10/31,https://scholarships.gov.in,1
Sports & Academics Scholarship 4446,State Education Board,Arts/Commerce,Rajasthan,All,Minority,All,PhD,Upto 8L,50-60,"Rs 40,000/year",12/29,https://scholarships.gov.in,1
BPL Student Aid 4447,Zilla Parishad,All,Odisha,All,Minority,Muslim,Undergraduate,Upto 5L,80-90,"Rs 2,500/year",9/29,https://scholarships.gov.in,1
District Topper Scholarship 4448,Zilla Parishad,All,Haryana,Female,OBC,Buddhist,Postgraduate,Upto 8L,60-70,"Rs 1,500/year",10/29,https://scholarships.gov.in,1
Best Student Award Scholarship 4449,Trust Fund,Agriculture,Nagaland,Female,SC,Jain,Diploma,Upto 1L,80-90,"Rs 50,000/year",12/31,https://scholarships.gov.in,1
Rural Student Scholarship 4450,District Collector Office,Management,Karnataka,Female,Minority,Buddhist,Class 12,Upto 8L,Above 60,"Rs 20,000/year",10/31,https://scholarships.gov.in,1
BPL Student Aid 4451,District Collector Office,Education,Bihar,All,OBC,All,Class 12,Upto 8L,70-80,"Rs 1,500/year",11/28,https://scholarships.gov.in,1
Best Student Award Scholarship 4452,Zilla Parishad,All,Karnataka,Female,ST,Jain,Class 10,Upto 3.5L,70-80,"Rs 20,000/year",9/29,https://scholarships.gov.in,1
BPL Student Aid 4453,Zilla Parishad,Management,Tripura,Male,General,Sikh,Postgraduate,Upto 2.5L,50-60,"Rs 1,500/year",12/28,https://scholarships.gov.in,1
Single Parent Child Scholarship 4454,Trust Fund,Law,Uttar Pradesh,Male,All,Christian,PhD,Upto 5L,80-90,"Rs 35,000/year",12/28,https://scholarships.gov.in,1
District Topper Scholarship 4455,Trust Fund,Science,Maharashtra,All,All,Hindu,PhD,Upto 3.5L,80-90,"Rs 50,000/year",11/30,https://scholarships.gov.in,1
Single Parent Child Scholarship 4456,NGO Foundation,Arts/Commerce,Meghalaya,Female,SC,All,Class 10,Upto 3.5L,Above 60,"Rs 3,000/year",11/30,https://scholarships.gov.in,1
First Generation Learner Award 4457,Trust Fund,Biotechnology,Jharkhand,Male,General,Buddhist,Undergraduate,Upto 1L,Above 75,"Rs 20,000/year",9/29,https://scholarships.gov.in,1
BPL Student Aid 4458,District Collector Office,Education,West Bengal,Male,EWS,Muslim,Class 12,Upto 2.5L,60-70,"Rs 3,000/year",9/28,https://scholarships.gov.in,1
Backward Class Merit Award 4459,State Education Board,Biotechnology,Telangana,All,OBC,Muslim,Diploma,Upto 8L,70-80,"Rs 18,000/year",12/31,https://scholarships.gov.in,1
Backward Class Merit Award 4460,Zilla Parishad,Agriculture,Gujarat,All,General,All,Undergraduate,Upto 2.5L,90-100,"Rs 2,500/year",11/30,https://scholarships.gov.in,1
Backward Class Merit Award 4461,Trust Fund,Computer Science,Punjab,Male,ST,Christian,Undergraduate,Upto 2.5L,70-80,"Rs 12,000/year",12/31,https://scholarships.gov.in,1
Backward Class Merit Award 4462,Zilla Parishad,All,Uttar Pradesh,All,All,Christian,PhD,Upto 3.5L,Above 60,"Rs 6,000/year",10/30,https://scholarships.gov.in,1
Women in STEM Scholarship 4463,State Education Board,Engineering,Jharkhand,Male,EWS,Buddhist,Postgraduate,Upto 1L,Above 60,"Rs 15,000/year",11/30,https://scholarships.gov.in,1
BPL Student Aid 4464,NGO Foundation,All,Haryana,Male,General,Jain,Class 12,Upto 1L,80-90,"Rs 8,000/year",12/31,https://scholarships.gov.in,1
Academic Excellence Grant 4465,State Education Board,Agriculture,Karnataka,Male,ST,Hindu,Class 12,Upto 3.5L,50-60,"Rs 75,000/year",11/31,https://scholarships.gov.in,1
First Generation Learner Award 4466,District Collector Office,Architecture,Meghalaya,Female,SC,All,Class 12,Upto 3.5L,Above 75,"Rs 75,000/year",10/30,https://scholarships.gov.in,1
First Generation Learner Award 4467,State Education Board,Management,Haryana,Male,Minority,Jain,Class 10,Upto 2.5L,70-80,"Rs 5,000/year",10/30,https://scholarships.gov.in,1
District Topper Scholarship 4468,Zilla Parishad,Agriculture,Andhra Pradesh,Male,All,Christian,Undergraduate,Upto 1L,Above 60,"Rs 18,000/year",11/31,https://scholarships.gov.in,1
Women in STEM Scholarship 4469,State Education Board,Education,Andhra Pradesh,All,All,Christian,PhD,Upto 3.5L,Above 75,"Rs 6,000/year",10/31,https://scholarships.gov.in,1
First Generation Learner Award 4470,District Collector Office,Design,Assam,Male,SC,Hindu,Undergraduate,No Limit,70-80,"Rs 8,000/year",9/31,https://scholarships.gov.in,1
BPL Student Aid 4471,District Collector Office,Arts/Commerce,Telangana,All,SC,Sikh,PhD,Upto 2.5L,90-100,"Rs 1,000/year",9/29,https://scholarships.gov.in,1
BPL Student Aid 4472,District Collector Office,Biotechnology,Maharashtra,Male,ST,All,Undergraduate,Upto 3.5L,Above 75,"Rs 8,000/year",10/30,https://scholarships.gov.in,1
Women in STEM Scholarship 4473,Trust Fund,Computer Science,Jammu & Kashmir,All,General,Sikh,Class 10,Upto 8L,70-80,"Rs 3,000/year",12/28,https://scholarships.gov.in,1
District Topper Scholarship 4474,NGO Foundation,Arts/Commerce,Andhra Pradesh,Female,EWS,Sikh,Diploma,Upto 8L,80-90,"Rs 10,000/year",9/31,https://scholarships.gov.in,1
District Topper Scholarship 4475,Zilla Parishad,Computer Science,Uttar Pradesh,Male,General,All,Postgraduate,Upto 2.5L,90-100,"Rs 75,000/year",11/31,https://scholarships.gov.in,1
District Topper Scholarship 4476,District Collector Office,Education,Haryana,Female,OBC,Sikh,Postgraduate,Upto 2.5L,80-90,"Rs 75,000/year",10/31,https://scholarships.gov.in,1
BPL Student Aid 4477,State Education Board,Management,Uttar Pradesh,All,All,Muslim,Class 10,Upto 3.5L,Above 60,"Rs 8,000/year",9/30,https://scholarships.gov.in,1
BPL Student Aid 4478,NGO Foundation,Engineering,Jharkhand,Male,All,Buddhist,Undergraduate,Upto 3.5L,70-80,"Rs 25,000/year",11/30,https://scholarships.gov.in,1
Backward Class Merit Award 4479,NGO Foundation,All,Assam,Male,SC,Hindu,Undergraduate,No Limit,Above 75,"Rs 50,000/year",10/30,https://scholarships.gov.in,1
Rural Student Scholarship 4480,State Education Board,Management,Assam,Male,All,Christian,Undergraduate,Upto 8L,70-80,"Rs 6,000/year",9/30,https://scholarships.gov.in,1
Backward Class Merit Award 4481,Trust Fund,Education,Nagaland,Male,SC,Buddhist,Class 12,Upto 1L,50-60,"Rs 2,500/year",9/28,https://scholarships.gov.in,1
Single Parent Child Scholarship 4482,Zilla Parishad,Science,Uttar Pradesh,Male,EWS,Christian,Class 12,Upto 5L,50-60,"Rs 5,000/year",10/31,https://scholarships.gov.in,1
Sports & Academics Scholarship 4483,State Education Board,Education,Rajasthan,Female,OBC,All,Class 10,Upto 5L,Above 60,"Rs 12,000/year",12/30,https://scholarships.gov.in,1
Backward Class Merit Award 4484,Zilla Parishad,Biotechnology,Bihar,Female,ST,All,Undergraduate,Upto 2.5L,90-100,"Rs 2,500/year",9/29,https://scholarships.gov.in,1
Backward Class Merit Award 4485,Trust Fund,Journalism,Chhattisgarh,Female,General,Jain,PhD,Upto 5L,80-90,"Rs 15,000/year",11/29,https://scholarships.gov.in,1
Single Parent Child Scholarship 4486,District Collector Office,Law,Uttarakhand,Female,All,Jain,Undergraduate,Upto 1L,Above 60,"Rs 30,000/year",12/29,https://scholarships.gov.in,1
Backward Class Merit Award 4487,Zilla Parishad,Arts/Commerce,Telangana,All,ST,Buddhist,Postgraduate,Upto 3.5L,60-70,"Rs 10,000/year",11/29,https://scholarships.gov.in,1
First Generation Learner Award 4488,District Collector Office,Design,Odisha,Female,ST,Hindu,Undergraduate,Upto 8L,Above 60,"Rs 60,000/year",11/29,https://scholarships.gov.in,1
Single Parent Child Scholarship 4489,Trust Fund,Journalism,Meghalaya,All,SC,Buddhist,PhD,No Limit,Above 60,"Rs 6,000/year",12/31,https://scholarships.gov.in,1
Women in STEM Scholarship 4490,State Education Board,Arts/Commerce,Karnataka,Male,OBC,Hindu,Postgraduate,Upto 3.5L,80-90,"Rs 35,000/year",9/28,https://scholarships.gov.in,1
Best Student Award Scholarship 4491,District Collector Office,Architecture,Maharashtra,All,ST,Jain,Diploma,No Limit,70-80,"Rs 8,000/year",10/29,https://scholarships.gov.in,1
Backward Class Merit Award 4492,Trust Fund,Biotechnology,Kerala,Male,ST,Christian,Class 12,Upto 1L,90-100,"Rs 1,500/year",10/28,https://scholarships.gov.in,1
Backward Class Merit Award 4493,District Collector Office,Journalism,Manipur,Female,All,Hindu,Diploma,Upto 8L,Above 60,"Rs 40,000/year",11/28,https://scholarships.gov.in,1
BPL Student Aid 4494,District Collector Office,All,Jharkhand,Female,ST,Buddhist,Diploma,Upto 5L,Above 75,"Rs 60,000/year",12/31,https://scholarships.gov.in,1
Sports & Academics Scholarship 4495,NGO Foundation,Design,Telangana,Female,ST,Buddhist,Class 12,Upto 2.5L,60-70,"Rs 3,000/year",9/31,https://scholarships.gov.in,1
District Topper Scholarship 4496,Zilla Parishad,Medical,Goa,Male,SC,Hindu,Diploma,Upto 2.5L,70-80,"Rs 5,000/year",9/28,https://scholarships.gov.in,1
Sports & Academics Scholarship 4497,NGO Foundation,Design,Himachal Pradesh,Male,General,Jain,Class 10,Upto 5L,50-60,"Rs 3,000/year",12/28,https://scholarships.gov.in,1
Women in STEM Scholarship 4498,Zilla Parishad,Computer Science,Delhi,Female,All,Muslim,Postgraduate,Upto 3.5L,80-90,"Rs 5,000/year",9/30,https://scholarships.gov.in,1
Women in STEM Scholarship 4499,State Education Board,Engineering,Manipur,Female,OBC,Muslim,Postgraduate,Upto 3.5L,Above 75,"Rs 15,000/year",12/31,https://scholarships.gov.in,1
Academic Excellence Grant 4500,NGO Foundation,Engineering,Tamil Nadu,All,All,All,PhD,Upto 3.5L,Above 60,"Rs 30,000/year",9/31,https://scholarships.gov.in,1
Best Student Award Scholarship 4501,Trust Fund,Science,Tamil Nadu,Male,OBC,All,PhD,Upto 3.5L,50-60,"Rs 75,000/year",12/30,https://scholarships.gov.in,1
Backward Class Merit Award 4502,NGO Foundation,Law,Kerala,Female,Minority,Buddhist,PhD,Upto 8L,Above 75,"Rs 50,000/year",12/30,https://scholarships.gov.in,1
BPL Student Aid 4503,Trust Fund,Agriculture,Tamil Nadu,Female,ST,Jain,Undergraduate,Upto 1L,50-60,"Rs 30,000/year",9/30,https://scholarships.gov.in,1
Sports & Academics Scholarship 4504,Zilla Parishad,Management,Assam,Female,SC,All,Class 10,Upto 8L,Above 60,"Rs 60,000/year",9/29,https://scholarships.gov.in,1
Backward Class Merit Award 4505,State Education Board,Law,Sikkim,All,Minority,Sikh,Class 10,Upto 5L,60-70,"Rs 75,000/year",11/28,https://scholarships.gov.in,1
Backward Class Merit Award 4506,Trust Fund,Science,Gujarat,Male,All,Muslim,Diploma,Upto 3.5L,90-100,"Rs 10,000/year",11/29,https://scholarships.gov.in,1
Backward Class Merit Award 4507,NGO Foundation,All,Telangana,All,SC,Jain,Postgraduate,No Limit,80-90,"Rs 18,000/year",12/29,https://scholarships.gov.in,1
Rural Student Scholarship 4508,District Collector Office,Law,Andhra Pradesh,All,OBC,All,Diploma,No Limit,70-80,"Rs 60,000/year",9/31,https://scholarships.gov.in,1
First Generation Learner Award 4509,Zilla Parishad,Law,Sikkim,Female,Minority,All,Undergraduate,Upto 5L,Above 75,"Rs 6,000/year",9/31,https://scholarships.gov.in,1
First Generation Learner Award 4510,Zilla Parishad,Computer Science,Jammu & Kashmir,Male,EWS,Hindu,Class 12,Upto 2.5L,50-60,"Rs 8,000/year",11/29,https://scholarships.gov.in,1
First Generation Learner Award 4511,Zilla Parishad,Science,Rajasthan,Male,General,All,Undergraduate,Upto 5L,90-100,"Rs 25,000/year",11/30,https://scholarships.gov.in,1
Best Student Award Scholarship 4512,District Collector Office,Arts/Commerce,Uttar Pradesh,Male,General,Buddhist,PhD,Upto 1L,70-80,"Rs 5,000/year",11/30,https://scholarships.gov.in,1
First Generation Learner Award 4513,District Collector Office,Computer Science,Mizoram,All,All,Muslim,PhD,Upto 1L,70-80,"Rs 12,000/year",11/31,https://scholarships.gov.in,1
Academic Excellence Grant 4514,District Collector Office,Biotechnology,Gujarat,Male,All,All,Class 12,Upto 1L,50-60,"Rs 35,000/year",12/29,https://scholarships.gov.in,1
District Topper Scholarship 4515,NGO Foundation,Law,Kerala,Female,Minority,Hindu,Undergraduate,No Limit,60-70,"Rs 8,000/year",11/29,https://scholarships.gov.in,1
District Topper Scholarship 4516,Zilla Parishad,Law,Andhra Pradesh,Male,EWS,Sikh,PhD,No Limit,90-100,"Rs 12,000/year",10/31,https://scholarships.gov.in,1
Backward Class Merit Award 4517,Zilla Parishad,Biotechnology,Uttar Pradesh,Female,EWS,Jain,Diploma,Upto 3.5L,90-100,"Rs 5,000/year",10/30,https://scholarships.gov.in,1
First Generation Learner Award 4518,Zilla Parishad,Management,Rajasthan,Female,EWS,All,PhD,No Limit,80-90,"Rs 2,500/year",12/28,https://scholarships.gov.in,1
First Generation Learner Award 4519,Zilla Parishad,Architecture,Delhi,Male,Minority,Buddhist,Class 10,No Limit,Above 60,"Rs 2,500/year",11/31,https://scholarships.gov.in,1
Rural Student Scholarship 4520,NGO Foundation,All,Madhya Pradesh,Male,Minority,Jain,Diploma,Upto 1L,Above 75,"Rs 5,000/year",9/30,https://scholarships.gov.in,1
District Topper Scholarship 4521,Zilla Parishad,Engineering,Nagaland,All,Minority,All,Class 10,Upto 8L,Above 60,"Rs 12,000/year",11/29,https://scholarships.gov.in,1
Single Parent Child Scholarship 4522,NGO Foundation,Design,Karnataka,Female,EWS,All,Class 10,Upto 1L,70-80,"Rs 35,000/year",11/31,https://scholarships.gov.in,1
Academic Excellence Grant 4523,District Collector Office,Education,Tamil Nadu,All,ST,Buddhist,Class 10,Upto 8L,50-60,"Rs 6,000/year",10/30,https://scholarships.gov.in,1
First Generation Learner Award 4524,NGO Foundation,Arts/Commerce,Goa,Male,Minority,Hindu,Class 10,Upto 2.5L,90-100,"Rs 35,000/year",10/29,https://scholarships.gov.in,1
Academic Excellence Grant 4525,NGO Foundation,Education,Madhya Pradesh,Male,OBC,Christian,Class 10,Upto 2.5L,80-90,"Rs 1,500/year",10/29,https://scholarships.gov.in,1
Single Parent Child Scholarship 4526,District Collector Office,Arts/Commerce,Mizoram,Male,SC,All,Diploma,Upto 2.5L,90-100,"Rs 50,000/year",10/30,https://scholarships.gov.in,1
Women in STEM Scholarship 4527,Zilla Parishad,Architecture,Uttar Pradesh,Female,SC,All,Postgraduate,Upto 8L,60-70,"Rs 5,000/year",11/30,https://scholarships.gov.in,1
BPL Student Aid 4528,State Education Board,Science,Assam,All,OBC,Muslim,Undergraduate,Upto 3.5L,70-80,"Rs 15,000/year",10/31,https://scholarships.gov.in,1
Backward Class Merit Award 4529,NGO Foundation,Architecture,West Bengal,All,EWS,Buddhist,Class 12,Upto 1L,80-90,"Rs 35,000/year",11/31,https://scholarships.gov.in,1
Best Student Award Scholarship 4530,Trust Fund,Management,West Bengal,Male,SC,Sikh,Class 10,Upto 1L,50-60,"Rs 1,500/year",12/29,https://scholarships.gov.in,1
Women in STEM Scholarship 4531,State Education Board,Medical,Andhra Pradesh,Male,ST,Jain,Postgraduate,Upto 2.5L,90-100,"Rs 20,000/year",11/29,https://scholarships.gov.in,1
Academic Excellence Grant 4532,State Education Board,Architecture,Tripura,All,EWS,Hindu,PhD,No Limit,80-90,"Rs 35,000/year",10/29,https://scholarships.gov.in,1
Best Student Award Scholarship 4533,Zilla Parishad,Engineering,Jharkhand,Male,ST,Christian,Diploma,Upto 2.5L,60-70,"Rs 10,000/year",9/31,https://scholarships.gov.in,1
First Generation Learner Award 4534,Zilla Parishad,Science,Gujarat,Male,General,Jain,Class 12,Upto 1L,Above 60,"Rs 40,000/year",9/30,https://scholarships.gov.in,1
Rural Student Scholarship 4535,Trust Fund,Medical,Madhya Pradesh,Male,General,Buddhist,Class 12,Upto 2.5L,50-60,"Rs 18,000/year",11/31,https://scholarships.gov.in,1
Single Parent Child Scholarship 4536,Zilla Parishad,Design,Haryana,Female,ST,Muslim,PhD,Upto 2.5L,90-100,"Rs 1,500/year",12/29,https://scholarships.gov.in,1
Rural Student Scholarship 4537,District Collector Office,Management,Punjab,Female,Minority,Hindu,Diploma,Upto 8L,Above 75,"Rs 6,000/year",11/30,https://scholarships.gov.in,1
Women in STEM Scholarship 4538,NGO Foundation,Arts/Commerce,Uttarakhand,All,General,Sikh,PhD,Upto 8L,60-70,"Rs 20,000/year",10/28,https://scholarships.gov.in,1
District Topper Scholarship 4539,District Collector Office,All,Assam,All,ST,Hindu,Diploma,Upto 1L,90-100,"Rs 1,500/year",12/29,https://scholarships.gov.in,1
Academic Excellence Grant 4540,Trust Fund,All,Assam,Female,EWS,Buddhist,Undergraduate,Upto 8L,Above 75,"Rs 20,000/year",12/28,https://scholarships.gov.in,1
Women in STEM Scholarship 4541,Zilla Parishad,Science,Uttarakhand,Male,All,Buddhist,Diploma,Upto 1L,60-70,"Rs 12,000/year",9/31,https://scholarships.gov.in,1
Single Parent Child Scholarship 4542,NGO Foundation,Design,Karnataka,All,EWS,Christian,Class 10,Upto 2.5L,90-100,"Rs 2,500/year",12/30,https://scholarships.gov.in,1
Backward Class Merit Award 4543,State Education Board,Journalism,Himachal Pradesh,Male,SC,All,Diploma,Upto 1L,Above 75,"Rs 60,000/year",12/28,https://scholarships.gov.in,1
District Topper Scholarship 4544,Zilla Parishad,All,Odisha,All,General,Jain,PhD,Upto 3.5L,Above 75,"Rs 20,000/year",11/30,https://scholarships.gov.in,1
BPL Student Aid 4545,District Collector Office,Arts/Commerce,Gujarat,All,SC,All,PhD,Upto 8L,Above 75,"Rs 20,000/year",9/28,https://scholarships.gov.in,1
Sports & Academics Scholarship 4546,Zilla Parishad,Science,Telangana,All,SC,All,Diploma,Upto 5L,70-80,"Rs 60,000/year",10/30,https://scholarships.gov.in,1
Sports & Academics Scholarship 4547,District Collector Office,Design,Gujarat,Male,OBC,Buddhist,Diploma,Upto 8L,70-80,"Rs 12,000/year",12/28,https://scholarships.gov.in,1
Sports & Academics Scholarship 4548,Trust Fund,Computer Science,West Bengal,Female,OBC,Christian,Postgraduate,Upto 2.5L,70-80,"Rs 8,000/year",9/28,https://scholarships.gov.in,1
First Generation Learner Award 4549,Trust Fund,All,Nagaland,Female,EWS,Hindu,Undergraduate,Upto 8L,60-70,"Rs 12,000/year",10/30,https://scholarships.gov.in,1
First Generation Learner Award 4550,District Collector Office,Education,Punjab,Female,All,Jain,Postgraduate,Upto 8L,80-90,"Rs 12,000/year",11/29,https://scholarships.gov.in,1
Best Student Award Scholarship 4551,Trust Fund,Engineering,Punjab,All,ST,Hindu,Class 12,Upto 1L,60-70,"Rs 8,000/year",11/29,https://scholarships.gov.in,1
BPL Student Aid 4552,District Collector Office,Management,Jammu & Kashmir,Male,General,Christian,Undergraduate,Upto 1L,80-90,"Rs 1,500/year",11/30,https://scholarships.gov.in,1
Sports & Academics Scholarship 4553,District Collector Office,Arts/Commerce,Tripura,Male,ST,Buddhist,Class 12,No Limit,70-80,"Rs 6,000/year",10/30,https://scholarships.gov.in,1
BPL Student Aid 4554,Zilla Parishad,Science,Sikkim,All,EWS,Christian,Undergraduate,Upto 3.5L,50-60,"Rs 15,000/year",10/28,https://scholarships.gov.in,1
Best Student Award Scholarship 4555,State Education Board,Engineering,Punjab,Male,All,Sikh,Class 10,Upto 8L,90-100,"Rs 10,000/year",12/29,https://scholarships.gov.in,1
Sports & Academics Scholarship 4556,District Collector Office,Medical,Telangana,Male,Minority,Muslim,Class 10,Upto 1L,70-80,"Rs 5,000/year",11/31,https://scholarships.gov.in,1
BPL Student Aid 4557,State Education Board,Agriculture,Telangana,Male,OBC,Hindu,Undergraduate,No Limit,50-60,"Rs 15,000/year",11/30,https://scholarships.gov.in,1
Backward Class Merit Award 4558,State Education Board,Design,Kerala,Female,General,Jain,Undergraduate,Upto 3.5L,70-80,"Rs 12,000/year",12/30,https://scholarships.gov.in,1
Backward Class Merit Award 4559,Zilla Parishad,Science,Karnataka,Male,General,Sikh,Class 10,Upto 2.5L,60-70,"Rs 1,000/year",11/31,https://scholarships.gov.in,1
Backward Class Merit Award 4560,Zilla Parishad,Medical,West Bengal,Female,EWS,Hindu,Postgraduate,Upto 1L,Above 75,"Rs 60,000/year",10/30,https://scholarships.gov.in,1
Backward Class Merit Award 4561,NGO Foundation,Law,Delhi,All,SC,Buddhist,Postgraduate,Upto 3.5L,Above 75,"Rs 75,000/year",12/29,https://scholarships.gov.in,1
Sports & Academics Scholarship 4562,NGO Foundation,Pharmacy,Delhi,Male,All,Jain,PhD,Upto 3.5L,60-70,"Rs 75,000/year",9/30,https://scholarships.gov.in,1
Best Student Award Scholarship 4563,Zilla Parishad,Computer Science,Madhya Pradesh,Male,EWS,Hindu,Diploma,Upto 1L,Above 75,"Rs 12,000/year",12/28,https://scholarships.gov.in,1
District Topper Scholarship 4564,Trust Fund,Engineering,Delhi,Male,OBC,Sikh,Class 10,Upto 8L,90-100,"Rs 2,000/year",11/31,https://scholarships.gov.in,1
Academic Excellence Grant 4565,District Collector Office,Biotechnology,Assam,Male,General,Hindu,PhD,Upto 1L,80-90,"Rs 1,500/year",10/28,https://scholarships.gov.in,1
Academic Excellence Grant 4566,Trust Fund,Medical,Bihar,Female,OBC,Jain,Undergraduate,Upto 8L,70-80,"Rs 60,000/year",9/31,https://scholarships.gov.in,1
Single Parent Child Scholarship 4567,State Education Board,Law,Karnataka,Female,All,Hindu,Undergraduate,Upto 2.5L,50-60,"Rs 30,000/year",12/28,https://scholarships.gov.in,1
BPL Student Aid 4568,State Education Board,Journalism,Uttar Pradesh,Male,EWS,Sikh,Undergraduate,Upto 2.5L,90-100,"Rs 75,000/year",10/28,https://scholarships.gov.in,1
Rural Student Scholarship 4569,Trust Fund,Pharmacy,Uttar Pradesh,Male,EWS,All,Postgraduate,Upto 3.5L,80-90,"Rs 5,000/year",9/31,https://scholarships.gov.in,1
Rural Student Scholarship 4570,Zilla Parishad,All,Arunachal Pradesh,All,All,Hindu,Undergraduate,Upto 3.5L,80-90,"Rs 50,000/year",9/29,https://scholarships.gov.in,1
Sports & Academics Scholarship 4571,State Education Board,Management,Mizoram,Male,OBC,Muslim,Class 12,Upto 8L,Above 60,"Rs 25,000/year",10/31,https://scholarships.gov.in,1
District Topper Scholarship 4572,Trust Fund,Biotechnology,Odisha,Male,ST,All,Diploma,Upto 3.5L,70-80,"Rs 3,000/year",11/29,https://scholarships.gov.in,1
Sports & Academics Scholarship 4573,District Collector Office,Law,Punjab,Female,EWS,Christian,Diploma,Upto 1L,80-90,"Rs 30,000/year",12/31,https://scholarships.gov.in,1
Single Parent Child Scholarship 4574,Trust Fund,Medical,Chhattisgarh,Male,SC,Jain,Diploma,No Limit,Above 75,"Rs 50,000/year",10/31,https://scholarships.gov.in,1
First Generation Learner Award 4575,Trust Fund,Pharmacy,Uttarakhand,Female,General,All,Diploma,Upto 2.5L,Above 60,"Rs 15,000/year",10/28,https://scholarships.gov.in,1
Rural Student Scholarship 4576,NGO Foundation,Pharmacy,Bihar,Female,All,All,Undergraduate,Upto 3.5L,Above 60,"Rs 1,000/year",12/28,https://scholarships.gov.in,1
BPL Student Aid 4577,District Collector Office,Journalism,Maharashtra,All,OBC,Buddhist,Diploma,Upto 3.5L,60-70,"Rs 2,000/year",10/28,https://scholarships.gov.in,1
Sports & Academics Scholarship 4578,NGO Foundation,Pharmacy,Odisha,Female,General,Buddhist,Postgraduate,Upto 5L,90-100,"Rs 30,000/year",12/30,https://scholarships.gov.in,1
Backward Class Merit Award 4579,State Education Board,Journalism,Jammu & Kashmir,Male,EWS,Buddhist,Diploma,Upto 8L,90-100,"Rs 8,000/year",11/29,https://scholarships.gov.in,1
Backward Class Merit Award 4580,State Education Board,Arts/Commerce,Gujarat,Female,Minority,Christian,Class 12,Upto 8L,Above 60,"Rs 8,000/year",11/30,https://scholarships.gov.in,1
Best Student Award Scholarship 4581,Trust Fund,Medical,Gujarat,Male,EWS,Sikh,Diploma,Upto 8L,60-70,"Rs 30,000/year",9/28,https://scholarships.gov.in,1
BPL Student Aid 4582,Trust Fund,Medical,Haryana,Female,SC,All,Class 10,Upto 5L,Above 75,"Rs 8,000/year",12/31,https://scholarships.gov.in,1
Single Parent Child Scholarship 4583,Zilla Parishad,Science,Himachal Pradesh,Male,Minority,Sikh,Class 12,Upto 5L,90-100,"Rs 18,000/year",11/31,https://scholarships.gov.in,1
Best Student Award Scholarship 4584,State Education Board,Architecture,Maharashtra,Female,EWS,Sikh,PhD,No Limit,Above 60,"Rs 1,500/year",11/28,https://scholarships.gov.in,1
Academic Excellence Grant 4585,NGO Foundation,Law,Delhi,All,General,Christian,Undergraduate,Upto 5L,Above 75,"Rs 50,000/year",10/31,https://scholarships.gov.in,1
BPL Student Aid 4586,NGO Foundation,Biotechnology,Nagaland,Male,General,All,Postgraduate,Upto 3.5L,Above 75,"Rs 15,000/year",11/29,https://scholarships.gov.in,1
Sports & Academics Scholarship 4587,State Education Board,Design,West Bengal,All,General,All,Diploma,Upto 5L,Above 60,"Rs 2,500/year",10/29,https://scholarships.gov.in,1
Single Parent Child Scholarship 4588,State Education Board,Arts/Commerce,Madhya Pradesh,Female,Minority,Buddhist,Undergraduate,Upto 2.5L,60-70,"Rs 20,000/year",9/30,https://scholarships.gov.in,1
Sports & Academics Scholarship 4589,NGO Foundation,Journalism,Jharkhand,Female,SC,Hindu,Undergraduate,Upto 2.5L,Above 60,"Rs 40,000/year",10/30,https://scholarships.gov.in,1
District Topper Scholarship 4590,State Education Board,Law,Tamil Nadu,All,Minority,All,Class 10,No Limit,50-60,"Rs 15,000/year",9/28,https://scholarships.gov.in,1
Sports & Academics Scholarship 4591,District Collector Office,Journalism,Meghalaya,Male,SC,Jain,Class 12,Upto 8L,70-80,"Rs 35,000/year",11/31,https://scholarships.gov.in,1
Sports & Academics Scholarship 4592,State Education Board,Architecture,Himachal Pradesh,All,All,Jain,Class 10,Upto 8L,70-80,"Rs 12,000/year",11/28,https://scholarships.gov.in,1
First Generation Learner Award 4593,NGO Foundation,Journalism,Bihar,Male,All,All,Class 12,Upto 1L,50-60,"Rs 8,000/year",9/30,https://scholarships.gov.in,1
Best Student Award Scholarship 4594,NGO Foundation,Pharmacy,Assam,Female,General,Christian,Postgraduate,Upto 2.5L,70-80,"Rs 2,000/year",11/28,https://scholarships.gov.in,1
District Topper Scholarship 4595,State Education Board,Education,Bihar,All,ST,Jain,Class 12,Upto 5L,80-90,"Rs 25,000/year",11/31,https://scholarships.gov.in,1
Backward Class Merit Award 4596,Zilla Parishad,Design,Punjab,All,ST,Buddhist,Postgraduate,Upto 8L,80-90,"Rs 35,000/year",11/31,https://scholarships.gov.in,1
BPL Student Aid 4597,Zilla Parishad,Science,Sikkim,Female,General,Hindu,Class 12,Upto 3.5L,Above 75,"Rs 75,000/year",12/30,https://scholarships.gov.in,1
BPL Student Aid 4598,NGO Foundation,Agriculture,Chhattisgarh,Male,EWS,Hindu,PhD,Upto 8L,60-70,"Rs 35,000/year",10/31,https://scholarships.gov.in,1
Academic Excellence Grant 4599,State Education Board,Science,Nagaland,Male,ST,Christian,Diploma,Upto 5L,90-100,"Rs 12,000/year",12/31,https://scholarships.gov.in,1
Backward Class Merit Award 4600,District Collector Office,Journalism,Jammu & Kashmir,Female,ST,Hindu,Undergraduate,Upto 5L,80-90,"Rs 3,000/year",9/31,https://scholarships.gov.in,1
Backward Class Merit Award 4601,Zilla Parishad,Journalism,Punjab,All,OBC,Jain,Postgraduate,No Limit,80-90,"Rs 25,000/year",12/29,https://scholarships.gov.in,1
Best Student Award Scholarship 4602,District Collector Office,Arts/Commerce,Rajasthan,Female,ST,Jain,Postgraduate,No Limit,Above 75,"Rs 25,000/year",11/30,https://scholarships.gov.in,1
Single Parent Child Scholarship 4603,Zilla Parishad,Journalism,Haryana,Male,EWS,Muslim,PhD,No Limit,90-100,"Rs 60,000/year",11/29,https://scholarships.gov.in,1
Sports & Academics Scholarship 4604,State Education Board,Pharmacy,Jammu & Kashmir,Male,OBC,Muslim,Undergraduate,Upto 2.5L,80-90,"Rs 50,000/year",9/28,https://scholarships.gov.in,1
First Generation Learner Award 4605,Zilla Parishad,Education,Uttar Pradesh,All,EWS,Buddhist,Class 10,Upto 8L,Above 75,"Rs 12,000/year",9/31,https://scholarships.gov.in,1
Best Student Award Scholarship 4606,District Collector Office,Management,Jharkhand,Female,EWS,Sikh,Undergraduate,Upto 8L,70-80,"Rs 2,500/year",10/30,https://scholarships.gov.in,1
Academic Excellence Grant 4607,Zilla Parishad,Biotechnology,Mizoram,Male,All,Jain,Class 12,Upto 3.5L,Above 75,"Rs 5,000/year",9/31,https://scholarships.gov.in,1
BPL Student Aid 4608,NGO Foundation,Science,Maharashtra,All,All,All,Undergraduate,No Limit,80-90,"Rs 75,000/year",12/29,https://scholarships.gov.in,1
Women in STEM Scholarship 4609,State Education Board,Arts/Commerce,Delhi,Female,OBC,Christian,Diploma,Upto 1L,60-70,"Rs 20,000/year",10/31,https://scholarships.gov.in,1
Rural Student Scholarship 4610,Zilla Parishad,Pharmacy,Uttar Pradesh,Male,EWS,Christian,Class 12,Upto 8L,Above 60,"Rs 20,000/year",10/30,https://scholarships.gov.in,1
Sports & Academics Scholarship 4611,NGO Foundation,Journalism,Karnataka,All,EWS,All,Diploma,Upto 5L,90-100,"Rs 20,000/year",9/28,https://scholarships.gov.in,1
Sports & Academics Scholarship 4612,State Education Board,Engineering,Karnataka,Male,Minority,Muslim,Undergraduate,Upto 1L,80-90,"Rs 20,000/year",11/30,https://scholarships.gov.in,1
District Topper Scholarship 4613,District Collector Office,Biotechnology,Rajasthan,Male,OBC,Christian,PhD,Upto 5L,90-100,"Rs 20,000/year",12/29,https://scholarships.gov.in,1
Academic Excellence Grant 4614,NGO Foundation,Biotechnology,Kerala,Female,EWS,Muslim,PhD,Upto 5L,80-90,"Rs 40,000/year",10/29,https://scholarships.gov.in,1
First Generation Learner Award 4615,District Collector Office,Medical,Telangana,All,Minority,All,Postgraduate,Upto 1L,60-70,"Rs 2,000/year",10/28,https://scholarships.gov.in,1
Women in STEM Scholarship 4616,NGO Foundation,Science,Haryana,All,ST,All,Class 12,Upto 3.5L,90-100,"Rs 2,500/year",10/29,https://scholarships.gov.in,1
Backward Class Merit Award 4617,District Collector Office,Agriculture,Nagaland,Male,OBC,Christian,Class 10,Upto 3.5L,50-60,"Rs 12,000/year",10/29,https://scholarships.gov.in,1
Backward Class Merit Award 4618,State Education Board,Journalism,Mizoram,Female,Minority,Jain,Class 12,Upto 5L,Above 75,"Rs 1,500/year",10/30,https://scholarships.gov.in,1
Backward Class Merit Award 4619,Trust Fund,Arts/Commerce,Maharashtra,All,General,Hindu,Undergraduate,Upto 3.5L,60-70,"Rs 60,000/year",10/30,https://scholarships.gov.in,1
BPL Student Aid 4620,Zilla Parishad,Journalism,Mizoram,Female,General,Hindu,Diploma,Upto 3.5L,60-70,"Rs 18,000/year",10/29,https://scholarships.gov.in,1
First Generation Learner Award 4621,State Education Board,All,Manipur,Female,All,Jain,Undergraduate,Upto 1L,50-60,"Rs 8,000/year",12/28,https://scholarships.gov.in,1
Backward Class Merit Award 4622,Zilla Parishad,Medical,Uttar Pradesh,Female,General,Sikh,Class 12,No Limit,80-90,"Rs 20,000/year",12/29,https://scholarships.gov.in,1
District Topper Scholarship 4623,NGO Foundation,Journalism,West Bengal,All,Minority,Muslim,Class 10,Upto 1L,60-70,"Rs 60,000/year",10/31,https://scholarships.gov.in,1
Rural Student Scholarship 4624,Trust Fund,Pharmacy,Punjab,Male,ST,All,Diploma,Upto 3.5L,90-100,"Rs 50,000/year",12/31,https://scholarships.gov.in,1
Best Student Award Scholarship 4625,Zilla Parishad,Law,Telangana,All,EWS,Jain,Postgraduate,Upto 1L,50-60,"Rs 1,000/year",11/29,https://scholarships.gov.in,1
Single Parent Child Scholarship 4626,NGO Foundation,Architecture,Telangana,Male,General,Hindu,Undergraduate,Upto 3.5L,90-100,"Rs 60,000/year",12/29,https://scholarships.gov.in,1
Sports & Academics Scholarship 4627,Zilla Parishad,Management,Assam,Male,All,Hindu,Class 12,Upto 8L,70-80,"Rs 30,000/year",11/28,https://scholarships.gov.in,1
BPL Student Aid 4628,Zilla Parishad,Journalism,Haryana,Female,Minority,Jain,Diploma,Upto 3.5L,70-80,"Rs 25,000/year",12/30,https://scholarships.gov.in,1
Academic Excellence Grant 4629,Zilla Parishad,Agriculture,Bihar,Female,Minority,Muslim,Undergraduate,Upto 1L,60-70,"Rs 50,000/year",10/28,https://scholarships.gov.in,1
Single Parent Child Scholarship 4630,Zilla Parishad,Pharmacy,Madhya Pradesh,Female,All,Jain,PhD,Upto 5L,80-90,"Rs 60,000/year",10/31,https://scholarships.gov.in,1
Academic Excellence Grant 4631,Trust Fund,Design,Delhi,Female,ST,Christian,Undergraduate,No Limit,Above 75,"Rs 15,000/year",12/28,https://scholarships.gov.in,1
Women in STEM Scholarship 4632,Zilla Parishad,Architecture,Jammu & Kashmir,Female,ST,Hindu,Class 12,No Limit,80-90,"Rs 75,000/year",10/29,https://scholarships.gov.in,1
District Topper Scholarship 4633,NGO Foundation,All,Mizoram,Female,Minority,Sikh,Class 12,Upto 2.5L,60-70,"Rs 2,000/year",11/29,https://scholarships.gov.in,1
Single Parent Child Scholarship 4634,State Education Board,Management,Punjab,Female,SC,Buddhist,Diploma,Upto 2.5L,60-70,"Rs 6,000/year",11/30,https://scholarships.gov.in,1
District Topper Scholarship 4635,District Collector Office,Biotechnology,Jammu & Kashmir,All,Minority,Muslim,Diploma,Upto 5L,60-70,"Rs 3,000/year",9/28,https://scholarships.gov.in,1
BPL Student Aid 4636,NGO Foundation,Science,Andhra Pradesh,All,General,Hindu,Undergraduate,Upto 1L,90-100,"Rs 1,000/year",11/28,https://scholarships.gov.in,1
Women in STEM Scholarship 4637,Trust Fund,Medical,Sikkim,All,EWS,Hindu,Class 12,Upto 8L,50-60,"Rs 3,000/year",11/30,https://scholarships.gov.in,1
Single Parent Child Scholarship 4638,NGO Foundation,Architecture,Uttar Pradesh,Female,Minority,All,PhD,Upto 5L,90-100,"Rs 15,000/year",10/30,https://scholarships.gov.in,1
First Generation Learner Award 4639,NGO Foundation,Architecture,Bihar,Female,Minority,All,PhD,Upto 3.5L,70-80,"Rs 15,000/year",9/31,https://scholarships.gov.in,1
Rural Student Scholarship 4640,District Collector Office,Computer Science,Kerala,Male,EWS,Sikh,Postgraduate,Upto 1L,60-70,"Rs 3,000/year",12/29,https://scholarships.gov.in,1
BPL Student Aid 4641,Trust Fund,Law,Maharashtra,All,EWS,Christian,PhD,Upto 2.5L,80-90,"Rs 20,000/year",12/28,https://scholarships.gov.in,1
First Generation Learner Award 4642,Zilla Parishad,Medical,Chhattisgarh,Female,General,Hindu,Class 10,Upto 1L,Above 60,"Rs 2,500/year",10/30,https://scholarships.gov.in,1
Best Student Award Scholarship 4643,NGO Foundation,Computer Science,Tamil Nadu,Female,ST,Jain,PhD,No Limit,80-90,"Rs 3,000/year",9/28,https://scholarships.gov.in,1
Best Student Award Scholarship 4644,Zilla Parishad,Education,Odisha,All,All,All,PhD,No Limit,Above 60,"Rs 6,000/year",12/29,https://scholarships.gov.in,1
Best Student Award Scholarship 4645,Zilla Parishad,Biotechnology,Manipur,All,General,Christian,Class 10,Upto 3.5L,70-80,"Rs 35,000/year",9/28,https://scholarships.gov.in,1
First Generation Learner Award 4646,Zilla Parishad,Pharmacy,Gujarat,Male,EWS,Buddhist,Postgraduate,Upto 3.5L,Above 60,"Rs 8,000/year",10/28,https://scholarships.gov.in,1
First Generation Learner Award 4647,Zilla Parishad,All,Sikkim,Female,OBC,Sikh,PhD,Upto 3.5L,60-70,"Rs 12,000/year",10/31,https://scholarships.gov.in,1
Backward Class Merit Award 4648,NGO Foundation,Computer Science,Chhattisgarh,Female,EWS,Christian,PhD,Upto 8L,Above 60,"Rs 6,000/year",9/29,https://scholarships.gov.in,1
District Topper Scholarship 4649,Zilla Parishad,Medical,Odisha,All,All,All,Undergraduate,Upto 1L,Above 75,"Rs 2,500/year",10/31,https://scholarships.gov.in,1
District Topper Scholarship 4650,District Collector Office,Medical,Uttar Pradesh,Female,All,Muslim,Diploma,No Limit,Above 60,"Rs 18,000/year",11/29,https://scholarships.gov.in,1
BPL Student Aid 4651,NGO Foundation,Design,Kerala,Male,ST,Jain,Class 12,Upto 2.5L,50-60,"Rs 18,000/year",11/31,https://scholarships.gov.in,1
Sports & Academics Scholarship 4652,State Education Board,All,Arunachal Pradesh,All,ST,Hindu,Class 10,No Limit,Above 60,"Rs 6,000/year",11/28,https://scholarships.gov.in,1
BPL Student Aid 4653,Zilla Parishad,Computer Science,Odisha,All,General,All,Class 10,Upto 3.5L,90-100,"Rs 5,000/year",9/31,https://scholarships.gov.in,1
Academic Excellence Grant 4654,Zilla Parishad,Engineering,Gujarat,Male,Minority,Muslim,Class 10,Upto 3.5L,Above 75,"Rs 2,000/year",12/29,https://scholarships.gov.in,1
District Topper Scholarship 4655,District Collector Office,Arts/Commerce,Gujarat,Female,ST,Muslim,Class 12,Upto 1L,80-90,"Rs 12,000/year",12/30,https://scholarships.gov.in,1
District Topper Scholarship 4656,NGO Foundation,Management,Arunachal Pradesh,All,SC,All,Class 12,Upto 3.5L,70-80,"Rs 6,000/year",9/31,https://scholarships.gov.in,1
Sports & Academics Scholarship 4657,Trust Fund,Pharmacy,Mizoram,Male,General,Jain,Postgraduate,Upto 1L,Above 75,"Rs 50,000/year",11/31,https://scholarships.gov.in,1
Women in STEM Scholarship 4658,State Education Board,Engineering,Madhya Pradesh,Female,OBC,Sikh,Diploma,Upto 8L,60-70,"Rs 3,000/year",9/31,https://scholarships.gov.in,1
BPL Student Aid 4659,District Collector Office,Science,West Bengal,All,Minority,Muslim,Diploma,Upto 1L,Above 75,"Rs 1,000/year",12/31,https://scholarships.gov.in,1
Sports & Academics Scholarship 4660,Trust Fund,All,Bihar,Female,ST,Buddhist,Diploma,Upto 3.5L,70-80,"Rs 30,000/year",10/28,https://scholarships.gov.in,1
Sports & Academics Scholarship 4661,Trust Fund,Design,Goa,Female,All,All,Undergraduate,Upto 3.5L,50-60,"Rs 5,000/year",12/28,https://scholarships.gov.in,1
District Topper Scholarship 4662,District Collector Office,Design,Nagaland,Male,Minority,Muslim,Class 12,Upto 3.5L,Above 60,"Rs 60,000/year",12/31,https://scholarships.gov.in,1
BPL Student Aid 4663,Trust Fund,Medical,Odisha,Female,Minority,Jain,Postgraduate,Upto 8L,70-80,"Rs 12,000/year",11/31,https://scholarships.gov.in,1
Academic Excellence Grant 4664,Trust Fund,Computer Science,Punjab,Male,All,Hindu,Class 12,Upto 8L,50-60,"Rs 2,000/year",12/29,https://scholarships.gov.in,1
Academic Excellence Grant 4665,NGO Foundation,Pharmacy,Bihar,Male,OBC,Hindu,Postgraduate,Upto 5L,50-60,"Rs 15,000/year",12/30,https://scholarships.gov.in,1
Backward Class Merit Award 4666,District Collector Office,All,Chhattisgarh,All,EWS,Jain,Undergraduate,Upto 5L,50-60,"Rs 2,500/year",9/30,https://scholarships.gov.in,1
Academic Excellence Grant 4667,District Collector Office,Pharmacy,Mizoram,All,ST,Muslim,Diploma,Upto 5L,60-70,"Rs 3,000/year",10/29,https://scholarships.gov.in,1
First Generation Learner Award 4668,Trust Fund,Management,Arunachal Pradesh,Female,SC,Buddhist,Postgraduate,Upto 5L,80-90,"Rs 1,500/year",11/30,https://scholarships.gov.in,1
BPL Student Aid 4669,Zilla Parishad,Design,Bihar,All,All,Buddhist,Class 10,Upto 2.5L,50-60,"Rs 30,000/year",12/31,https://scholarships.gov.in,1
Sports & Academics Scholarship 4670,Trust Fund,Pharmacy,Telangana,Female,EWS,All,Class 12,No Limit,Above 60,"Rs 25,000/year",11/31,https://scholarships.gov.in,1
Backward Class Merit Award 4671,Zilla Parishad,All,Jammu & Kashmir,All,SC,Sikh,Undergraduate,Upto 1L,70-80,"Rs 8,000/year",9/31,https://scholarships.gov.in,1
Rural Student Scholarship 4672,NGO Foundation,All,Odisha,Female,General,Hindu,Diploma,Upto 5L,60-70,"Rs 30,000/year",12/28,https://scholarships.gov.in,1
Single Parent Child Scholarship 4673,State Education Board,Biotechnology,Rajasthan,Male,Minority,Jain,Postgraduate,Upto 1L,80-90,"Rs 35,000/year",10/29,https://scholarships.gov.in,1
Sports & Academics Scholarship 4674,NGO Foundation,Journalism,Odisha,All,OBC,Jain,Undergraduate,Upto 3.5L,Above 75,"Rs 6,000/year",11/28,https://scholarships.gov.in,1
First Generation Learner Award 4675,Trust Fund,Computer Science,Goa,All,OBC,All,PhD,Upto 5L,Above 60,"Rs 12,000/year",11/28,https://scholarships.gov.in,1
District Topper Scholarship 4676,NGO Foundation,All,Madhya Pradesh,All,General,Christian,Postgraduate,Upto 1L,Above 60,"Rs 10,000/year",11/30,https://scholarships.gov.in,1
Rural Student Scholarship 4677,Trust Fund,Pharmacy,Telangana,All,General,Sikh,Postgraduate,Upto 5L,60-70,"Rs 3,000/year",12/31,https://scholarships.gov.in,1
BPL Student Aid 4678,State Education Board,All,Tripura,All,OBC,All,PhD,Upto 2.5L,60-70,"Rs 6,000/year",9/28,https://scholarships.gov.in,1
Sports & Academics Scholarship 4679,State Education Board,Architecture,Assam,All,EWS,Christian,Class 10,Upto 2.5L,80-90,"Rs 1,000/year",9/30,https://scholarships.gov.in,1
Women in STEM Scholarship 4680,Zilla Parishad,Management,Odisha,Female,General,Jain,Postgraduate,Upto 1L,60-70,"Rs 6,000/year",10/28,https://scholarships.gov.in,1
First Generation Learner Award 4681,Zilla Parishad,Medical,Sikkim,All,EWS,Hindu,Undergraduate,No Limit,50-60,"Rs 60,000/year",11/31,https://scholarships.gov.in,1
Rural Student Scholarship 4682,Trust Fund,Pharmacy,Uttarakhand,Male,General,Hindu,Class 12,Upto 3.5L,70-80,"Rs 18,000/year",9/28,https://scholarships.gov.in,1
Sports & Academics Scholarship 4683,Trust Fund,Education,Andhra Pradesh,Male,General,Hindu,Diploma,Upto 2.5L,Above 75,"Rs 1,000/year",9/30,https://scholarships.gov.in,1
District Topper Scholarship 4684,NGO Foundation,Journalism,Andhra Pradesh,Female,SC,Muslim,Undergraduate,No Limit,60-70,"Rs 75,000/year",11/31,https://scholarships.gov.in,1
Women in STEM Scholarship 4685,NGO Foundation,Biotechnology,Jharkhand,All,General,Sikh,Class 12,Upto 3.5L,60-70,"Rs 40,000/year",10/31,https://scholarships.gov.in,1
Academic Excellence Grant 4686,District Collector Office,Agriculture,Mizoram,Female,OBC,All,Class 12,Upto 2.5L,50-60,"Rs 3,000/year",10/28,https://scholarships.gov.in,1
BPL Student Aid 4687,State Education Board,Agriculture,Odisha,Female,All,All,Class 12,Upto 3.5L,Above 75,"Rs 60,000/year",11/29,https://scholarships.gov.in,1
Sports & Academics Scholarship 4688,Trust Fund,Agriculture,Delhi,Female,OBC,Jain,Class 10,Upto 1L,90-100,"Rs 18,000/year",11/30,https://scholarships.gov.in,1
Women in STEM Scholarship 4689,Zilla Parishad,Pharmacy,Uttar Pradesh,All,Minority,Muslim,Class 10,Upto 1L,70-80,"Rs 3,000/year",9/30,https://scholarships.gov.in,1
District Topper Scholarship 4690,Zilla Parishad,Pharmacy,Mizoram,Male,SC,Buddhist,Postgraduate,Upto 8L,Above 75,"Rs 2,000/year",12/28,https://scholarships.gov.in,1
Rural Student Scholarship 4691,NGO Foundation,All,Assam,All,Minority,All,Diploma,Upto 1L,Above 60,"Rs 2,000/year",9/31,https://scholarships.gov.in,1
Academic Excellence Grant 4692,NGO Foundation,All,Uttar Pradesh,Male,Minority,Christian,Diploma,No Limit,Above 60,"Rs 2,000/year",12/30,https://scholarships.gov.in,1
Women in STEM Scholarship 4693,Trust Fund,Arts/Commerce,Gujarat,Female,SC,All,PhD,Upto 3.5L,90-100,"Rs 75,000/year",9/29,https://scholarships.gov.in,1
BPL Student Aid 4694,Trust Fund,Management,Uttar Pradesh,Female,SC,Christian,PhD,Upto 1L,90-100,"Rs 35,000/year",10/30,https://scholarships.gov.in,1
BPL Student Aid 4695,NGO Foundation,Medical,Tamil Nadu,Male,SC,Sikh,Class 10,Upto 8L,50-60,"Rs 35,000/year",12/29,https://scholarships.gov.in,1
Sports & Academics Scholarship 4696,Trust Fund,All,Meghalaya,Male,OBC,Hindu,Postgraduate,No Limit,80-90,"Rs 35,000/year",10/28,https://scholarships.gov.in,1
BPL Student Aid 4697,District Collector Office,Biotechnology,Uttarakhand,Female,All,Christian,Class 10,Upto 1L,90-100,"Rs 10,000/year",10/28,https://scholarships.gov.in,1
District Topper Scholarship 4698,Trust Fund,Design,Delhi,Female,Minority,Buddhist,Class 10,Upto 5L,50-60,"Rs 60,000/year",9/30,https://scholarships.gov.in,1
Backward Class Merit Award 4699,District Collector Office,Journalism,Nagaland,Male,OBC,Jain,Postgraduate,Upto 1L,60-70,"Rs 10,000/year",12/29,https://scholarships.gov.in,1
District Topper Scholarship 4700,NGO Foundation,Computer Science,Mizoram,Male,EWS,Muslim,Class 10,Upto 3.5L,70-80,"Rs 8,000/year",9/29,https://scholarships.gov.in,1
Academic Excellence Grant 4701,State Education Board,Education,Nagaland,Male,EWS,Sikh,Class 12,Upto 5L,90-100,"Rs 40,000/year",12/30,https://scholarships.gov.in,1
Single Parent Child Scholarship 4702,NGO Foundation,Engineering,Manipur,Male,All,Buddhist,PhD,Upto 2.5L,60-70,"Rs 20,000/year",11/30,https://scholarships.gov.in,1
Best Student Award Scholarship 4703,NGO Foundation,Architecture,Uttarakhand,Female,Minority,All,Diploma,Upto 5L,60-70,"Rs 35,000/year",10/28,https://scholarships.gov.in,1
Rural Student Scholarship 4704,Zilla Parishad,Law,Tripura,Male,General,Jain,Undergraduate,No Limit,Above 60,"Rs 10,000/year",9/30,https://scholarships.gov.in,1
District Topper Scholarship 4705,Trust Fund,Biotechnology,Assam,All,General,Jain,PhD,Upto 8L,70-80,"Rs 3,000/year",11/28,https://scholarships.gov.in,1
First Generation Learner Award 4706,District Collector Office,Engineering,Nagaland,Female,General,Jain,Undergraduate,Upto 3.5L,90-100,"Rs 6,000/year",10/31,https://scholarships.gov.in,1
Single Parent Child Scholarship 4707,District Collector Office,All,Odisha,Female,General,Buddhist,Postgraduate,Upto 5L,70-80,"Rs 2,500/year",11/31,https://scholarships.gov.in,1
Academic Excellence Grant 4708,Trust Fund,Pharmacy,Tamil Nadu,Male,OBC,Buddhist,Postgraduate,Upto 2.5L,Above 60,"Rs 15,000/year",9/31,https://scholarships.gov.in,1
Best Student Award Scholarship 4709,Zilla Parishad,Education,Goa,All,ST,Jain,Class 10,Upto 8L,Above 75,"Rs 75,000/year",11/30,https://scholarships.gov.in,1
Academic Excellence Grant 4710,Trust Fund,Science,Uttar Pradesh,Female,EWS,Jain,Diploma,Upto 1L,50-60,"Rs 3,000/year",9/30,https://scholarships.gov.in,1
District Topper Scholarship 4711,Trust Fund,Engineering,Haryana,Female,All,Hindu,Class 10,Upto 8L,Above 75,"Rs 40,000/year",10/28,https://scholarships.gov.in,1
First Generation Learner Award 4712,District Collector Office,Pharmacy,Jharkhand,Female,Minority,Muslim,Diploma,Upto 2.5L,70-80,"Rs 2,500/year",12/30,https://scholarships.gov.in,1
First Generation Learner Award 4713,District Collector Office,Education,Arunachal Pradesh,Male,General,Christian,Class 10,Upto 1L,60-70,"Rs 10,000/year",9/29,https://scholarships.gov.in,1
Single Parent Child Scholarship 4714,Trust Fund,Agriculture,Tamil Nadu,Male,All,All,Undergraduate,Upto 3.5L,Above 60,"Rs 8,000/year",12/29,https://scholarships.gov.in,1
Rural Student Scholarship 4715,NGO Foundation,Biotechnology,Maharashtra,Male,SC,Buddhist,Undergraduate,Upto 3.5L,50-60,"Rs 5,000/year",10/28,https://scholarships.gov.in,1
Sports & Academics Scholarship 4716,Trust Fund,Design,Maharashtra,Female,SC,Buddhist,Diploma,Upto 1L,Above 75,"Rs 60,000/year",9/31,https://scholarships.gov.in,1
Academic Excellence Grant 4717,Zilla Parishad,Law,Assam,Male,All,Jain,Undergraduate,No Limit,70-80,"Rs 12,000/year",12/30,https://scholarships.gov.in,1
Academic Excellence Grant 4718,NGO Foundation,Architecture,Assam,Female,ST,Hindu,Class 12,Upto 5L,70-80,"Rs 30,000/year",11/30,https://scholarships.gov.in,1
Backward Class Merit Award 4719,District Collector Office,Management,Maharashtra,Male,ST,Buddhist,Diploma,Upto 2.5L,Above 75,"Rs 3,000/year",9/31,https://scholarships.gov.in,1
Best Student Award Scholarship 4720,District Collector Office,Journalism,Madhya Pradesh,Male,Minority,Sikh,Undergraduate,Upto 5L,90-100,"Rs 40,000/year",11/28,https://scholarships.gov.in,1
Rural Student Scholarship 4721,District Collector Office,All,Punjab,Male,ST,Sikh,Class 10,Upto 1L,Above 75,"Rs 60,000/year",12/28,https://scholarships.gov.in,1
Backward Class Merit Award 4722,Zilla Parishad,All,Manipur,Male,ST,Sikh,PhD,Upto 2.5L,90-100,"Rs 75,000/year",10/29,https://scholarships.gov.in,1
Women in STEM Scholarship 4723,Zilla Parishad,Biotechnology,Manipur,Male,Minority,All,PhD,Upto 2.5L,60-70,"Rs 2,000/year",12/29,https://scholarships.gov.in,1
Rural Student Scholarship 4724,District Collector Office,Design,Arunachal Pradesh,Female,General,Hindu,Class 10,Upto 1L,Above 60,"Rs 5,000/year",10/29,https://scholarships.gov.in,1
Sports & Academics Scholarship 4725,Trust Fund,Education,Nagaland,Male,ST,Buddhist,Class 12,Upto 2.5L,50-60,"Rs 60,000/year",12/28,https://scholarships.gov.in,1
Best Student Award Scholarship 4726,Zilla Parishad,Biotechnology,Goa,All,All,Jain,Diploma,Upto 2.5L,80-90,"Rs 60,000/year",10/28,https://scholarships.gov.in,1
Backward Class Merit Award 4727,State Education Board,Pharmacy,Manipur,All,General,Hindu,Class 12,Upto 2.5L,Above 60,"Rs 20,000/year",11/28,https://scholarships.gov.in,1
Rural Student Scholarship 4728,State Education Board,Agriculture,Telangana,All,Minority,Buddhist,Undergraduate,Upto 5L,70-80,"Rs 2,500/year",9/29,https://scholarships.gov.in,1
District Topper Scholarship 4729,Zilla Parishad,Architecture,Goa,Male,SC,Hindu,PhD,Upto 1L,60-70,"Rs 30,000/year",12/28,https://scholarships.gov.in,1
First Generation Learner Award 4730,NGO Foundation,Architecture,Himachal Pradesh,All,OBC,Muslim,PhD,Upto 1L,60-70,"Rs 1,500/year",10/31,https://scholarships.gov.in,1
Best Student Award Scholarship 4731,State Education Board,Architecture,Andhra Pradesh,Female,General,Jain,PhD,Upto 1L,Above 75,"Rs 3,000/year",9/28,https://scholarships.gov.in,1
BPL Student Aid 4732,Trust Fund,Pharmacy,Meghalaya,Female,Minority,Buddhist,Class 12,Upto 5L,90-100,"Rs 1,500/year",9/30,https://scholarships.gov.in,1
Single Parent Child Scholarship 4733,State Education Board,Science,Goa,Female,EWS,Sikh,Undergraduate,Upto 3.5L,70-80,"Rs 30,000/year",11/30,https://scholarships.gov.in,1
Rural Student Scholarship 4734,Trust Fund,Architecture,Kerala,Female,General,Hindu,Class 12,Upto 2.5L,80-90,"Rs 75,000/year",9/31,https://scholarships.gov.in,1
Women in STEM Scholarship 4735,District Collector Office,Biotechnology,Tripura,Female,All,Jain,Class 12,Upto 8L,90-100,"Rs 3,000/year",9/29,https://scholarships.gov.in,1
Single Parent Child Scholarship 4736,State Education Board,Architecture,Madhya Pradesh,Male,ST,Jain,Postgraduate,Upto 2.5L,Above 60,"Rs 3,000/year",9/30,https://scholarships.gov.in,1
Backward Class Merit Award 4737,Trust Fund,Computer Science,Tripura,All,SC,All,Undergraduate,Upto 2.5L,60-70,"Rs 1,000/year",12/30,https://scholarships.gov.in,1
Best Student Award Scholarship 4738,State Education Board,Law,Haryana,Male,OBC,Jain,Postgraduate,No Limit,60-70,"Rs 75,000/year",9/28,https://scholarships.gov.in,1
Women in STEM Scholarship 4739,District Collector Office,Medical,West Bengal,Male,Minority,Jain,Undergraduate,Upto 1L,90-100,"Rs 1,000/year",11/29,https://scholarships.gov.in,1
District Topper Scholarship 4740,Trust Fund,Computer Science,Tripura,Female,Minority,Christian,PhD,Upto 3.5L,50-60,"Rs 20,000/year",11/28,https://scholarships.gov.in,1
Backward Class Merit Award 4741,Trust Fund,Education,Andhra Pradesh,Female,OBC,Christian,PhD,Upto 1L,60-70,"Rs 1,500/year",10/29,https://scholarships.gov.in,1
District Topper Scholarship 4742,Zilla Parishad,Computer Science,Jharkhand,All,ST,Hindu,PhD,No Limit,50-60,"Rs 6,000/year",10/28,https://scholarships.gov.in,1
BPL Student Aid 4743,Zilla Parishad,Arts/Commerce,Mizoram,Female,ST,Jain,Undergraduate,Upto 5L,90-100,"Rs 1,000/year",11/28,https://scholarships.gov.in,1
Academic Excellence Grant 4744,District Collector Office,Education,Meghalaya,Female,All,Hindu,Undergraduate,Upto 3.5L,Above 75,"Rs 6,000/year",12/29,https://scholarships.gov.in,1
Best Student Award Scholarship 4745,Trust Fund,Law,West Bengal,Female,OBC,Hindu,Diploma,Upto 1L,Above 75,"Rs 75,000/year",12/31,https://scholarships.gov.in,1
Best Student Award Scholarship 4746,State Education Board,Computer Science,Jammu & Kashmir,Male,General,Sikh,Diploma,Upto 3.5L,50-60,"Rs 50,000/year",9/30,https://scholarships.gov.in,1
Backward Class Merit Award 4747,District Collector Office,Computer Science,Andhra Pradesh,Female,ST,Buddhist,PhD,No Limit,80-90,"Rs 6,000/year",9/30,https://scholarships.gov.in,1
Rural Student Scholarship 4748,Zilla Parishad,Pharmacy,Maharashtra,All,ST,Buddhist,Class 10,Upto 1L,70-80,"Rs 10,000/year",11/28,https://scholarships.gov.in,1
Rural Student Scholarship 4749,Trust Fund,Biotechnology,Jammu & Kashmir,Female,EWS,Jain,Class 10,Upto 1L,90-100,"Rs 30,000/year",9/29,https://scholarships.gov.in,1
Sports & Academics Scholarship 4750,State Education Board,Science,Himachal Pradesh,Female,OBC,Jain,Class 12,Upto 2.5L,90-100,"Rs 2,500/year",11/28,https://scholarships.gov.in,1
Academic Excellence Grant 4751,State Education Board,Architecture,Meghalaya,All,EWS,Hindu,Class 12,Upto 5L,90-100,"Rs 35,000/year",10/29,https://scholarships.gov.in,1
First Generation Learner Award 4752,Trust Fund,Computer Science,Jammu & Kashmir,All,OBC,Hindu,Diploma,No Limit,70-80,"Rs 40,000/year",9/30,https://scholarships.gov.in,1
Backward Class Merit Award 4753,District Collector Office,All,Manipur,Male,OBC,Christian,Class 10,Upto 5L,90-100,"Rs 35,000/year",9/28,https://scholarships.gov.in,1
Women in STEM Scholarship 4754,NGO Foundation,Engineering,Chhattisgarh,Male,All,All,Diploma,Upto 2.5L,70-80,"Rs 5,000/year",9/31,https://scholarships.gov.in,1
Backward Class Merit Award 4755,Trust Fund,Engineering,Jammu & Kashmir,Female,All,Hindu,Class 10,Upto 5L,90-100,"Rs 20,000/year",10/31,https://scholarships.gov.in,1
Academic Excellence Grant 4756,Zilla Parishad,Management,Jammu & Kashmir,Female,All,Muslim,Postgraduate,Upto 1L,Above 75,"Rs 50,000/year",11/29,https://scholarships.gov.in,1
Backward Class Merit Award 4757,Zilla Parishad,Biotechnology,Manipur,All,ST,Muslim,Class 10,Upto 1L,50-60,"Rs 15,000/year",10/30,https://scholarships.gov.in,1
Women in STEM Scholarship 4758,NGO Foundation,Management,Manipur,Male,SC,All,Postgraduate,Upto 5L,60-70,"Rs 18,000/year",12/28,https://scholarships.gov.in,1
Backward Class Merit Award 4759,NGO Foundation,Design,Andhra Pradesh,Female,OBC,All,Diploma,Upto 5L,Above 60,"Rs 60,000/year",10/30,https://scholarships.gov.in,1
District Topper Scholarship 4760,District Collector Office,Arts/Commerce,Jharkhand,Male,All,Muslim,Diploma,Upto 8L,90-100,"Rs 12,000/year",9/28,https://scholarships.gov.in,1
Rural Student Scholarship 4761,Trust Fund,Arts/Commerce,Jammu & Kashmir,Female,SC,Jain,Diploma,Upto 3.5L,Above 75,"Rs 5,000/year",11/30,https://scholarships.gov.in,1
BPL Student Aid 4762,NGO Foundation,Pharmacy,Goa,Female,General,All,Diploma,Upto 2.5L,60-70,"Rs 20,000/year",11/31,https://scholarships.gov.in,1
Rural Student Scholarship 4763,District Collector Office,All,Tripura,All,Minority,Jain,Class 12,Upto 5L,Above 60,"Rs 40,000/year",11/28,https://scholarships.gov.in,1
Backward Class Merit Award 4764,District Collector Office,Biotechnology,Manipur,All,EWS,Buddhist,PhD,Upto 2.5L,60-70,"Rs 6,000/year",10/30,https://scholarships.gov.in,1
Single Parent Child Scholarship 4765,Trust Fund,Agriculture,Delhi,Female,SC,Jain,Diploma,Upto 8L,80-90,"Rs 30,000/year",10/30,https://scholarships.gov.in,1
First Generation Learner Award 4766,Zilla Parishad,Pharmacy,Telangana,All,OBC,Buddhist,Diploma,Upto 5L,80-90,"Rs 5,000/year",11/28,https://scholarships.gov.in,1
District Topper Scholarship 4767,Trust Fund,All,Telangana,Male,SC,Sikh,Class 12,No Limit,80-90,"Rs 2,500/year",9/28,https://scholarships.gov.in,1
Academic Excellence Grant 4768,NGO Foundation,Medical,Maharashtra,Male,Minority,Sikh,Diploma,No Limit,50-60,"Rs 75,000/year",11/30,https://scholarships.gov.in,1
Academic Excellence Grant 4769,NGO Foundation,Arts/Commerce,Andhra Pradesh,Female,General,Sikh,Undergraduate,No Limit,80-90,"Rs 2,000/year",10/31,https://scholarships.gov.in,1
Rural Student Scholarship 4770,Zilla Parishad,Pharmacy,Meghalaya,Male,OBC,All,Diploma,No Limit,Above 75,"Rs 8,000/year",12/31,https://scholarships.gov.in,1
Best Student Award Scholarship 4771,State Education Board,Agriculture,Goa,All,Minority,Muslim,Diploma,Upto 1L,80-90,"Rs 30,000/year",10/29,https://scholarships.gov.in,1
Women in STEM Scholarship 4772,Trust Fund,Design,Tripura,All,OBC,Jain,Class 12,Upto 3.5L,90-100,"Rs 6,000/year",12/29,https://scholarships.gov.in,1
Backward Class Merit Award 4773,Zilla Parishad,Management,Madhya Pradesh,Female,Minority,Buddhist,Class 10,Upto 3.5L,80-90,"Rs 5,000/year",11/29,https://scholarships.gov.in,1
Women in STEM Scholarship 4774,NGO Foundation,Education,Nagaland,Female,EWS,All,Class 10,No Limit,60-70,"Rs 8,000/year",10/28,https://scholarships.gov.in,1
Sports & Academics Scholarship 4775,NGO Foundation,Education,Punjab,Male,All,Muslim,PhD,Upto 8L,90-100,"Rs 5,000/year",9/28,https://scholarships.gov.in,1
Academic Excellence Grant 4776,State Education Board,Medical,Punjab,Female,SC,Muslim,Diploma,No Limit,80-90,"Rs 6,000/year",10/31,https://scholarships.gov.in,1
Women in STEM Scholarship 4777,State Education Board,Biotechnology,Maharashtra,All,EWS,Sikh,Postgraduate,Upto 2.5L,50-60,"Rs 15,000/year",10/28,https://scholarships.gov.in,1
Sports & Academics Scholarship 4778,Zilla Parishad,Management,Jammu & Kashmir,All,All,Sikh,PhD,Upto 3.5L,70-80,"Rs 18,000/year",10/29,https://scholarships.gov.in,1
District Topper Scholarship 4779,Zilla Parishad,Architecture,Chhattisgarh,All,General,Muslim,Class 12,Upto 3.5L,Above 60,"Rs 75,000/year",10/30,https://scholarships.gov.in,1
Backward Class Merit Award 4780,Zilla Parishad,Architecture,Bihar,All,General,All,Undergraduate,Upto 5L,70-80,"Rs 75,000/year",12/29,https://scholarships.gov.in,1
BPL Student Aid 4781,NGO Foundation,Biotechnology,Bihar,All,ST,Christian,Class 10,Upto 1L,80-90,"Rs 25,000/year",10/28,https://scholarships.gov.in,1
Sports & Academics Scholarship 4782,District Collector Office,Arts/Commerce,Odisha,Male,All,Muslim,Diploma,Upto 2.5L,70-80,"Rs 25,000/year",12/29,https://scholarships.gov.in,1
District Topper Scholarship 4783,NGO Foundation,Management,Chhattisgarh,All,OBC,Christian,Postgraduate,No Limit,60-70,"Rs 75,000/year",10/28,https://scholarships.gov.in,1
District Topper Scholarship 4784,State Education Board,Architecture,Arunachal Pradesh,All,SC,Hindu,Undergraduate,Upto 3.5L,70-80,"Rs 35,000/year",12/31,https://scholarships.gov.in,1
Rural Student Scholarship 4785,Trust Fund,Management,Assam,All,EWS,All,Undergraduate,Upto 8L,Above 75,"Rs 40,000/year",9/29,https://scholarships.gov.in,1
BPL Student Aid 4786,Trust Fund,Architecture,Himachal Pradesh,All,Minority,Jain,Undergraduate,No Limit,50-60,"Rs 60,000/year",10/30,https://scholarships.gov.in,1
District Topper Scholarship 4787,NGO Foundation,Pharmacy,Himachal Pradesh,Female,EWS,Sikh,Diploma,No Limit,80-90,"Rs 5,000/year",9/28,https://scholarships.gov.in,1
First Generation Learner Award 4788,NGO Foundation,Education,Jammu & Kashmir,All,General,All,Undergraduate,Upto 8L,Above 60,"Rs 1,000/year",12/28,https://scholarships.gov.in,1
District Topper Scholarship 4789,Trust Fund,Engineering,Himachal Pradesh,Female,SC,Jain,Class 10,Upto 5L,60-70,"Rs 2,500/year",12/28,https://scholarships.gov.in,1
District Topper Scholarship 4790,Trust Fund,Science,Kerala,All,SC,Christian,PhD,Upto 5L,80-90,"Rs 6,000/year",9/31,https://scholarships.gov.in,1
Rural Student Scholarship 4791,State Education Board,Journalism,Assam,All,OBC,Buddhist,Diploma,Upto 1L,Above 75,"Rs 60,000/year",12/31,https://scholarships.gov.in,1
Sports & Academics Scholarship 4792,District Collector Office,Science,Jharkhand,Male,General,Sikh,PhD,Upto 8L,80-90,"Rs 5,000/year",10/28,https://scholarships.gov.in,1
Best Student Award Scholarship 4793,District Collector Office,Medical,Tamil Nadu,Male,OBC,Christian,Postgraduate,Upto 1L,70-80,"Rs 10,000/year",12/29,https://scholarships.gov.in,1
District Topper Scholarship 4794,District Collector Office,Journalism,West Bengal,All,All,Christian,Diploma,Upto 3.5L,60-70,"Rs 10,000/year",12/28,https://scholarships.gov.in,1
Best Student Award Scholarship 4795,NGO Foundation,Computer Science,Maharashtra,All,General,All,PhD,Upto 5L,Above 60,"Rs 6,000/year",10/31,https://scholarships.gov.in,1
Rural Student Scholarship 4796,District Collector Office,Arts/Commerce,Arunachal Pradesh,All,SC,Muslim,Class 12,No Limit,70-80,"Rs 1,500/year",11/28,https://scholarships.gov.in,1
Sports & Academics Scholarship 4797,State Education Board,Science,Tamil Nadu,All,ST,All,Postgraduate,Upto 5L,90-100,"Rs 25,000/year",9/31,https://scholarships.gov.in,1
Best Student Award Scholarship 4798,District Collector Office,Engineering,Tamil Nadu,All,General,Jain,Class 10,No Limit,60-70,"Rs 50,000/year",12/31,https://scholarships.gov.in,1
Women in STEM Scholarship 4799,State Education Board,Science,Tripura,Female,ST,Jain,Class 10,Upto 8L,60-70,"Rs 15,000/year",10/28,https://scholarships.gov.in,1
Best Student Award Scholarship 4800,NGO Foundation,Arts/Commerce,Jharkhand,Female,ST,Christian,Undergraduate,Upto 2.5L,80-90,"Rs 6,000/year",12/31,https://scholarships.gov.in,1
Sports & Academics Scholarship 4801,Zilla Parishad,All,Uttar Pradesh,All,ST,Buddhist,Postgraduate,Upto 1L,Above 60,"Rs 2,000/year",11/29,https://scholarships.gov.in,1
First Generation Learner Award 4802,District Collector Office,Science,Goa,Male,Minority,Hindu,Postgraduate,Upto 1L,Above 60,"Rs 12,000/year",12/30,https://scholarships.gov.in,1
Backward Class Merit Award 4803,State Education Board,All,Delhi,All,SC,Hindu,Postgraduate,Upto 1L,Above 60,"Rs 12,000/year",9/30,https://scholarships.gov.in,1
Backward Class Merit Award 4804,District Collector Office,Architecture,Madhya Pradesh,Male,All,Buddhist,Diploma,No Limit,70-80,"Rs 50,000/year",12/31,https://scholarships.gov.in,1
Backward Class Merit Award 4805,State Education Board,Pharmacy,Andhra Pradesh,All,SC,Buddhist,Diploma,Upto 2.5L,80-90,"Rs 8,000/year",11/29,https://scholarships.gov.in,1
Rural Student Scholarship 4806,State Education Board,Management,Punjab,All,Minority,Jain,Postgraduate,No Limit,50-60,"Rs 2,000/year",10/28,https://scholarships.gov.in,1
Academic Excellence Grant 4807,District Collector Office,Computer Science,Madhya Pradesh,Female,ST,All,Postgraduate,Upto 1L,80-90,"Rs 5,000/year",12/29,https://scholarships.gov.in,1
First Generation Learner Award 4808,District Collector Office,Journalism,Himachal Pradesh,All,All,Jain,PhD,Upto 2.5L,Above 60,"Rs 1,000/year",11/29,https://scholarships.gov.in,1
District Topper Scholarship 4809,Zilla Parishad,Biotechnology,Odisha,Male,EWS,Hindu,Diploma,Upto 1L,80-90,"Rs 8,000/year",11/31,https://scholarships.gov.in,1
First Generation Learner Award 4810,District Collector Office,Medical,Karnataka,Female,All,Jain,PhD,Upto 3.5L,Above 75,"Rs 2,000/year",12/28,https://scholarships.gov.in,1
District Topper Scholarship 4811,District Collector Office,Agriculture,Bihar,Female,Minority,Sikh,Class 10,Upto 8L,Above 75,"Rs 3,000/year",10/30,https://scholarships.gov.in,1
Single Parent Child Scholarship 4812,Zilla Parishad,Journalism,Odisha,Female,General,Sikh,Class 12,Upto 2.5L,50-60,"Rs 5,000/year",11/29,https://scholarships.gov.in,1
Best Student Award Scholarship 4813,NGO Foundation,All,Sikkim,Female,SC,Hindu,Class 10,Upto 5L,50-60,"Rs 3,000/year",9/31,https://scholarships.gov.in,1
Rural Student Scholarship 4814,District Collector Office,Architecture,Uttar Pradesh,Female,General,Muslim,PhD,Upto 8L,50-60,"Rs 3,000/year",11/31,https://scholarships.gov.in,1
Sports & Academics Scholarship 4815,Trust Fund,All,Uttar Pradesh,All,Minority,Jain,Undergraduate,Upto 5L,50-60,"Rs 5,000/year",9/30,https://scholarships.gov.in,1
Best Student Award Scholarship 4816,District Collector Office,Journalism,Uttarakhand,Male,OBC,Hindu,PhD,Upto 1L,90-100,"Rs 6,000/year",11/29,https://scholarships.gov.in,1
Academic Excellence Grant 4817,NGO Foundation,Science,Tamil Nadu,Male,ST,Sikh,Class 10,Upto 8L,70-80,"Rs 15,000/year",11/29,https://scholarships.gov.in,1
Rural Student Scholarship 4818,Zilla Parishad,Pharmacy,West Bengal,Female,EWS,Muslim,Postgraduate,No Limit,80-90,"Rs 20,000/year",11/29,https://scholarships.gov.in,1
District Topper Scholarship 4819,District Collector Office,Pharmacy,Uttar Pradesh,Male,All,Christian,Diploma,Upto 2.5L,Above 60,"Rs 12,000/year",12/29,https://scholarships.gov.in,1
Women in STEM Scholarship 4820,Trust Fund,Education,Tamil Nadu,All,OBC,Hindu,Undergraduate,No Limit,80-90,"Rs 3,000/year",9/28,https://scholarships.gov.in,1
Single Parent Child Scholarship 4821,Zilla Parishad,All,Tamil Nadu,Male,Minority,All,PhD,Upto 3.5L,Above 75,"Rs 50,000/year",9/30,https://scholarships.gov.in,1
Single Parent Child Scholarship 4822,NGO Foundation,Education,Jammu & Kashmir,Male,OBC,Sikh,Undergraduate,No Limit,90-100,"Rs 25,000/year",10/31,https://scholarships.gov.in,1
BPL Student Aid 4823,Trust Fund,Science,Tamil Nadu,Female,OBC,Buddhist,Undergraduate,Upto 3.5L,50-60,"Rs 15,000/year",12/29,https://scholarships.gov.in,1
Women in STEM Scholarship 4824,State Education Board,Law,Uttar Pradesh,Female,All,All,PhD,Upto 3.5L,70-80,"Rs 2,000/year",12/31,https://scholarships.gov.in,1
District Topper Scholarship 4825,Zilla Parishad,Pharmacy,Tamil Nadu,All,OBC,Buddhist,Class 10,Upto 5L,70-80,"Rs 8,000/year",12/29,https://scholarships.gov.in,1
District Topper Scholarship 4826,District Collector Office,Biotechnology,Gujarat,Female,All,Sikh,Diploma,Upto 8L,60-70,"Rs 25,000/year",11/31,https://scholarships.gov.in,1
BPL Student Aid 4827,District Collector Office,Engineering,Karnataka,Female,Minority,All,Class 10,Upto 1L,50-60,"Rs 1,000/year",11/31,https://scholarships.gov.in,1
Best Student Award Scholarship 4828,Trust Fund,All,Tripura,All,EWS,Jain,Class 12,Upto 5L,80-90,"Rs 30,000/year",10/29,https://scholarships.gov.in,1
Backward Class Merit Award 4829,District Collector Office,Biotechnology,Sikkim,Male,OBC,All,Diploma,No Limit,Above 75,"Rs 8,000/year",9/29,https://scholarships.gov.in,1
Single Parent Child Scholarship 4830,Trust Fund,Biotechnology,West Bengal,All,SC,Muslim,Postgraduate,Upto 5L,70-80,"Rs 6,000/year",12/28,https://scholarships.gov.in,1
Best Student Award Scholarship 4831,State Education Board,Computer Science,Assam,Female,ST,Buddhist,PhD,Upto 1L,Above 60,"Rs 15,000/year",11/29,https://scholarships.gov.in,1
Best Student Award Scholarship 4832,State Education Board,Medical,Himachal Pradesh,All,Minority,Hindu,Class 10,Upto 5L,60-70,"Rs 1,500/year",12/31,https://scholarships.gov.in,1
Sports & Academics Scholarship 4833,State Education Board,Journalism,Mizoram,Male,General,Muslim,Postgraduate,Upto 1L,Above 75,"Rs 5,000/year",11/30,https://scholarships.gov.in,1
Women in STEM Scholarship 4834,Trust Fund,Agriculture,Manipur,Female,All,Christian,Diploma,No Limit,70-80,"Rs 1,000/year",11/30,https://scholarships.gov.in,1
District Topper Scholarship 4835,Zilla Parishad,All,Gujarat,Female,EWS,Jain,Postgraduate,Upto 2.5L,Above 60,"Rs 50,000/year",9/28,https://scholarships.gov.in,1
First Generation Learner Award 4836,State Education Board,Engineering,Kerala,All,EWS,Christian,Diploma,Upto 8L,50-60,"Rs 30,000/year",12/28,https://scholarships.gov.in,1
BPL Student Aid 4837,Trust Fund,Law,Tripura,Female,General,Hindu,PhD,Upto 5L,80-90,"Rs 60,000/year",11/29,https://scholarships.gov.in,1
First Generation Learner Award 4838,Zilla Parishad,Engineering,Haryana,Male,EWS,Christian,PhD,Upto 5L,80-90,"Rs 3,000/year",12/28,https://scholarships.gov.in,1
BPL Student Aid 4839,Zilla Parishad,Biotechnology,Himachal Pradesh,All,Minority,Jain,Class 12,Upto 5L,90-100,"Rs 15,000/year",11/28,https://scholarships.gov.in,1
Best Student Award Scholarship 4840,State Education Board,Medical,Gujarat,Male,SC,Buddhist,Diploma,Upto 5L,Above 60,"Rs 15,000/year",12/31,https://scholarships.gov.in,1
Single Parent Child Scholarship 4841,District Collector Office,Education,Chhattisgarh,All,SC,Jain,Postgraduate,Upto 1L,90-100,"Rs 5,000/year",9/29,https://scholarships.gov.in,1
Sports & Academics Scholarship 4842,Zilla Parishad,Science,Andhra Pradesh,Female,Minority,Christian,Undergraduate,Upto 5L,90-100,"Rs 1,000/year",12/29,https://scholarships.gov.in,1
Best Student Award Scholarship 4843,Trust Fund,Management,Tamil Nadu,Male,EWS,Sikh,Undergraduate,Upto 1L,70-80,"Rs 2,500/year",10/29,https://scholarships.gov.in,1
Rural Student Scholarship 4844,District Collector Office,Medical,Karnataka,Female,OBC,All,PhD,No Limit,Above 75,"Rs 1,000/year",11/29,https://scholarships.gov.in,1
Best Student Award Scholarship 4845,State Education Board,Education,Assam,Male,SC,Sikh,PhD,Upto 5L,90-100,"Rs 10,000/year",9/29,https://scholarships.gov.in,1
Sports & Academics Scholarship 4846,Zilla Parishad,Management,Rajasthan,Female,General,Hindu,Undergraduate,No Limit,90-100,"Rs 1,500/year",11/30,https://scholarships.gov.in,1
BPL Student Aid 4847,Trust Fund,All,Nagaland,Female,Minority,All,PhD,Upto 8L,60-70,"Rs 1,500/year",9/28,https://scholarships.gov.in,1
Best Student Award Scholarship 4848,District Collector Office,Science,Kerala,Female,All,Buddhist,Undergraduate,Upto 1L,70-80,"Rs 3,000/year",11/31,https://scholarships.gov.in,1
Single Parent Child Scholarship 4849,State Education Board,Medical,Odisha,Female,ST,Muslim,Class 12,Upto 2.5L,60-70,"Rs 40,000/year",11/31,https://scholarships.gov.in,1
Backward Class Merit Award 4850,State Education Board,Engineering,Uttar Pradesh,Female,All,Sikh,Class 10,Upto 3.5L,Above 75,"Rs 3,000/year",10/29,https://scholarships.gov.in,1
Women in STEM Scholarship 4851,District Collector Office,Agriculture,Meghalaya,Female,All,Hindu,PhD,Upto 5L,90-100,"Rs 5,000/year",12/31,https://scholarships.gov.in,1
Sports & Academics Scholarship 4852,NGO Foundation,Computer Science,Tripura,Male,Minority,Jain,Diploma,Upto 5L,80-90,"Rs 60,000/year",10/30,https://scholarships.gov.in,1
Single Parent Child Scholarship 4853,District Collector Office,Education,Kerala,All,SC,Jain,Class 10,Upto 8L,70-80,"Rs 12,000/year",10/30,https://scholarships.gov.in,1
BPL Student Aid 4854,NGO Foundation,Arts/Commerce,West Bengal,All,SC,Sikh,Diploma,Upto 1L,Above 75,"Rs 35,000/year",12/30,https://scholarships.gov.in,1
Single Parent Child Scholarship 4855,District Collector Office,Agriculture,Arunachal Pradesh,All,SC,Sikh,Undergraduate,Upto 1L,Above 60,"Rs 30,000/year",12/30,https://scholarships.gov.in,1
BPL Student Aid 4856,Zilla Parishad,Pharmacy,Haryana,Female,SC,Jain,Undergraduate,No Limit,Above 60,"Rs 50,000/year",9/28,https://scholarships.gov.in,1
Academic Excellence Grant 4857,State Education Board,Arts/Commerce,Sikkim,Female,SC,Hindu,Class 12,Upto 2.5L,70-80,"Rs 12,000/year",9/29,https://scholarships.gov.in,1
First Generation Learner Award 4858,District Collector Office,Architecture,Assam,Female,All,Buddhist,Class 10,Upto 8L,60-70,"Rs 1,500/year",10/31,https://scholarships.gov.in,1
Backward Class Merit Award 4859,Trust Fund,Pharmacy,Jammu & Kashmir,All,ST,Jain,Diploma,Upto 1L,50-60,"Rs 15,000/year",10/31,https://scholarships.gov.in,1
Rural Student Scholarship 4860,District Collector Office,Science,Punjab,Male,OBC,Christian,PhD,Upto 1L,Above 60,"Rs 35,000/year",11/28,https://scholarships.gov.in,1
First Generation Learner Award 4861,NGO Foundation,Design,Sikkim,Female,ST,Jain,Class 12,Upto 8L,Above 75,"Rs 15,000/year",11/30,https://scholarships.gov.in,1
Academic Excellence Grant 4862,District Collector Office,Agriculture,West Bengal,All,All,Buddhist,Postgraduate,Upto 3.5L,Above 60,"Rs 3,000/year",12/29,https://scholarships.gov.in,1
Academic Excellence Grant 4863,State Education Board,Education,Karnataka,All,EWS,Muslim,Undergraduate,Upto 5L,90-100,"Rs 2,000/year",11/31,https://scholarships.gov.in,1
Rural Student Scholarship 4864,Trust Fund,Education,Mizoram,All,All,All,Diploma,Upto 8L,50-60,"Rs 50,000/year",12/28,https://scholarships.gov.in,1
First Generation Learner Award 4865,State Education Board,Architecture,Tamil Nadu,Male,All,Christian,Class 12,Upto 8L,60-70,"Rs 25,000/year",10/31,https://scholarships.gov.in,1
Academic Excellence Grant 4866,State Education Board,All,Madhya Pradesh,Male,EWS,Hindu,Class 12,Upto 3.5L,80-90,"Rs 2,000/year",10/31,https://scholarships.gov.in,1
Rural Student Scholarship 4867,Trust Fund,Agriculture,Tamil Nadu,All,EWS,Jain,Postgraduate,Upto 3.5L,60-70,"Rs 60,000/year",11/28,https://scholarships.gov.in,1
Rural Student Scholarship 4868,State Education Board,Arts/Commerce,Jharkhand,Male,OBC,Jain,Class 12,Upto 5L,Above 75,"Rs 5,000/year",12/28,https://scholarships.gov.in,1
Academic Excellence Grant 4869,Zilla Parishad,Science,Assam,Female,General,Jain,Class 10,Upto 1L,Above 60,"Rs 20,000/year",10/30,https://scholarships.gov.in,1
District Topper Scholarship 4870,NGO Foundation,Science,Goa,Female,OBC,Hindu,PhD,Upto 1L,Above 60,"Rs 25,000/year",11/29,https://scholarships.gov.in,1
BPL Student Aid 4871,State Education Board,Biotechnology,Kerala,Female,General,Christian,Undergraduate,Upto 8L,80-90,"Rs 40,000/year",10/28,https://scholarships.gov.in,1
Backward Class Merit Award 4872,Trust Fund,Law,Sikkim,Male,OBC,Jain,Class 12,Upto 2.5L,90-100,"Rs 25,000/year",11/28,https://scholarships.gov.in,1
Women in STEM Scholarship 4873,Trust Fund,Architecture,Meghalaya,Male,EWS,All,Undergraduate,Upto 5L,Above 75,"Rs 18,000/year",11/30,https://scholarships.gov.in,1
BPL Student Aid 4874,NGO Foundation,Arts/Commerce,Jharkhand,All,Minority,All,Undergraduate,Upto 3.5L,Above 60,"Rs 6,000/year",11/28,https://scholarships.gov.in,1
BPL Student Aid 4875,District Collector Office,Architecture,Odisha,Female,General,Jain,Undergraduate,Upto 1L,Above 75,"Rs 5,000/year",9/29,https://scholarships.gov.in,1
Sports & Academics Scholarship 4876,Zilla Parishad,All,Punjab,Male,General,Muslim,Postgraduate,Upto 3.5L,Above 75,"Rs 25,000/year",11/28,https://scholarships.gov.in,1
BPL Student Aid 4877,State Education Board,Pharmacy,Rajasthan,Female,ST,Jain,Diploma,Upto 8L,Above 75,"Rs 10,000/year",12/30,https://scholarships.gov.in,1
Single Parent Child Scholarship 4878,NGO Foundation,Pharmacy,Delhi,Male,All,All,Undergraduate,Upto 1L,50-60,"Rs 2,000/year",10/31,https://scholarships.gov.in,1
Best Student Award Scholarship 4879,NGO Foundation,Pharmacy,Jammu & Kashmir,All,ST,All,PhD,No Limit,50-60,"Rs 30,000/year",12/30,https://scholarships.gov.in,1
District Topper Scholarship 4880,State Education Board,Law,West Bengal,Female,EWS,All,Undergraduate,Upto 2.5L,Above 75,"Rs 20,000/year",10/30,https://scholarships.gov.in,1
Backward Class Merit Award 4881,Trust Fund,Architecture,Assam,Male,SC,Buddhist,Undergraduate,No Limit,70-80,"Rs 6,000/year",10/30,https://scholarships.gov.in,1
BPL Student Aid 4882,Zilla Parishad,Pharmacy,Sikkim,Female,SC,All,Diploma,Upto 5L,90-100,"Rs 12,000/year",12/30,https://scholarships.gov.in,1
BPL Student Aid 4883,District Collector Office,Design,Karnataka,Male,Minority,Jain,Postgraduate,Upto 3.5L,50-60,"Rs 12,000/year",9/30,https://scholarships.gov.in,1
Rural Student Scholarship 4884,Zilla Parishad,Design,Nagaland,Male,OBC,Sikh,Undergraduate,Upto 8L,60-70,"Rs 75,000/year",10/30,https://scholarships.gov.in,1
First Generation Learner Award 4885,NGO Foundation,Pharmacy,Madhya Pradesh,Female,Minority,Christian,Class 12,Upto 2.5L,Above 75,"Rs 30,000/year",10/28,https://scholarships.gov.in,1
Sports & Academics Scholarship 4886,State Education Board,Management,Goa,All,Minority,Christian,Undergraduate,Upto 5L,70-80,"Rs 15,000/year",11/31,https://scholarships.gov.in,1
BPL Student Aid 4887,State Education Board,Design,Maharashtra,Male,General,Buddhist,Class 12,Upto 3.5L,70-80,"Rs 75,000/year",10/28,https://scholarships.gov.in,1
Best Student Award Scholarship 4888,Zilla Parishad,Pharmacy,Assam,Female,All,Jain,PhD,No Limit,50-60,"Rs 35,000/year",12/30,https://scholarships.gov.in,1
First Generation Learner Award 4889,Trust Fund,Computer Science,Jharkhand,Male,OBC,Hindu,Diploma,No Limit,60-70,"Rs 75,000/year",9/31,https://scholarships.gov.in,1
Sports & Academics Scholarship 4890,Zilla Parishad,Journalism,Sikkim,All,Minority,Christian,Postgraduate,No Limit,90-100,"Rs 75,000/year",12/29,https://scholarships.gov.in,1
Backward Class Merit Award 4891,NGO Foundation,Education,Jharkhand,Female,EWS,Hindu,Postgraduate,Upto 2.5L,90-100,"Rs 2,500/year",10/29,https://scholarships.gov.in,1
First Generation Learner Award 4892,Trust Fund,Pharmacy,Haryana,Male,EWS,Hindu,Class 10,Upto 8L,60-70,"Rs 75,000/year",11/30,https://scholarships.gov.in,1
Rural Student Scholarship 4893,NGO Foundation,Agriculture,Delhi,Female,SC,Hindu,Class 12,Upto 5L,50-60,"Rs 35,000/year",9/28,https://scholarships.gov.in,1
Sports & Academics Scholarship 4894,State Education Board,Law,Assam,All,ST,Muslim,Class 10,Upto 8L,70-80,"Rs 60,000/year",10/29,https://scholarships.gov.in,1
Single Parent Child Scholarship 4895,Zilla Parishad,All,Goa,Female,All,All,Postgraduate,Upto 1L,70-80,"Rs 75,000/year",9/28,https://scholarships.gov.in,1
Backward Class Merit Award 4896,Trust Fund,Biotechnology,Assam,Female,ST,All,Class 12,Upto 8L,80-90,"Rs 1,000/year",9/31,https://scholarships.gov.in,1
Academic Excellence Grant 4897,NGO Foundation,Design,Jammu & Kashmir,All,OBC,Buddhist,Diploma,Upto 5L,Above 75,"Rs 30,000/year",9/30,https://scholarships.gov.in,1
Rural Student Scholarship 4898,Zilla Parishad,Law,Manipur,Male,SC,Buddhist,Undergraduate,Upto 3.5L,60-70,"Rs 1,500/year",10/28,https://scholarships.gov.in,1
District Topper Scholarship 4899,Zilla Parishad,Design,Karnataka,Female,General,Buddhist,PhD,Upto 1L,Above 75,"Rs 35,000/year",11/28,https://scholarships.gov.in,1
Backward Class Merit Award 4900,State Education Board,Pharmacy,Tamil Nadu,Male,General,Sikh,Diploma,Upto 8L,90-100,"Rs 40,000/year",9/28,https://scholarships.gov.in,1
BPL Student Aid 4901,Zilla Parishad,Journalism,Jharkhand,Female,ST,Muslim,Class 12,Upto 8L,90-100,"Rs 35,000/year",12/29,https://scholarships.gov.in,1
First Generation Learner Award 4902,District Collector Office,Law,Haryana,Female,SC,Christian,Class 12,Upto 5L,90-100,"Rs 25,000/year",12/31,https://scholarships.gov.in,1
Best Student Award Scholarship 4903,State Education Board,Arts/Commerce,Andhra Pradesh,All,SC,Buddhist,Class 12,Upto 5L,50-60,"Rs 1,500/year",10/29,https://scholarships.gov.in,1
First Generation Learner Award 4904,State Education Board,All,Jammu & Kashmir,Male,OBC,Jain,PhD,Upto 5L,70-80,"Rs 50,000/year",9/28,https://scholarships.gov.in,1
Backward Class Merit Award 4905,NGO Foundation,Agriculture,Odisha,All,ST,Buddhist,Postgraduate,Upto 8L,Above 75,"Rs 3,000/year",10/29,https://scholarships.gov.in,1
First Generation Learner Award 4906,Trust Fund,All,Tripura,All,EWS,Christian,Undergraduate,Upto 8L,Above 60,"Rs 18,000/year",12/29,https://scholarships.gov.in,1
Best Student Award Scholarship 4907,District Collector Office,Biotechnology,Himachal Pradesh,All,ST,Christian,Undergraduate,Upto 3.5L,Above 60,"Rs 18,000/year",9/28,https://scholarships.gov.in,1
Sports & Academics Scholarship 4908,Zilla Parishad,Management,Gujarat,All,OBC,Sikh,PhD,Upto 3.5L,90-100,"Rs 25,000/year",9/29,https://scholarships.gov.in,1
Backward Class Merit Award 4909,State Education Board,Education,Punjab,Male,EWS,Muslim,Diploma,Upto 2.5L,70-80,"Rs 35,000/year",11/31,https://scholarships.gov.in,1
Single Parent Child Scholarship 4910,Trust Fund,Biotechnology,Jharkhand,Female,Minority,Hindu,Class 12,Upto 8L,Above 60,"Rs 12,000/year",12/29,https://scholarships.gov.in,1
First Generation Learner Award 4911,Zilla Parishad,Design,Goa,Female,General,All,Postgraduate,Upto 8L,70-80,"Rs 10,000/year",10/28,https://scholarships.gov.in,1
Backward Class Merit Award 4912,District Collector Office,Design,Andhra Pradesh,All,EWS,Muslim,PhD,Upto 1L,Above 60,"Rs 5,000/year",9/30,https://scholarships.gov.in,1
Academic Excellence Grant 4913,State Education Board,Biotechnology,Rajasthan,Female,OBC,Hindu,Diploma,No Limit,50-60,"Rs 50,000/year",9/28,https://scholarships.gov.in,1
Single Parent Child Scholarship 4914,Trust Fund,Engineering,Maharashtra,Male,All,All,Diploma,Upto 3.5L,Above 60,"Rs 2,500/year",12/30,https://scholarships.gov.in,1
Single Parent Child Scholarship 4915,Trust Fund,Pharmacy,Uttarakhand,Male,ST,Jain,PhD,No Limit,50-60,"Rs 18,000/year",11/28,https://scholarships.gov.in,1
District Topper Scholarship 4916,State Education Board,Biotechnology,Sikkim,Female,Minority,Jain,Class 12,Upto 8L,90-100,"Rs 10,000/year",12/28,https://scholarships.gov.in,1
BPL Student Aid 4917,NGO Foundation,Management,West Bengal,Female,General,Buddhist,Class 12,Upto 1L,60-70,"Rs 50,000/year",12/29,https://scholarships.gov.in,1
Best Student Award Scholarship 4918,Trust Fund,All,Kerala,All,ST,Jain,Undergraduate,Upto 2.5L,60-70,"Rs 3,000/year",12/30,https://scholarships.gov.in,1
Academic Excellence Grant 4919,Zilla Parishad,Agriculture,Gujarat,Female,All,Jain,PhD,Upto 2.5L,60-70,"Rs 2,500/year",9/29,https://scholarships.gov.in,1
Rural Student Scholarship 4920,State Education Board,Law,Tripura,All,EWS,Muslim,PhD,No Limit,50-60,"Rs 3,000/year",12/30,https://scholarships.gov.in,1
Academic Excellence Grant 4921,NGO Foundation,Agriculture,Andhra Pradesh,All,EWS,Muslim,Class 10,Upto 8L,60-70,"Rs 1,000/year",9/29,https://scholarships.gov.in,1
Best Student Award Scholarship 4922,Zilla Parishad,Medical,Arunachal Pradesh,Female,EWS,Sikh,Diploma,Upto 1L,90-100,"Rs 50,000/year",10/29,https://scholarships.gov.in,1
Backward Class Merit Award 4923,Zilla Parishad,Engineering,Maharashtra,Female,Minority,Hindu,PhD,Upto 8L,70-80,"Rs 1,000/year",10/31,https://scholarships.gov.in,1
Rural Student Scholarship 4924,State Education Board,All,Arunachal Pradesh,Female,SC,Jain,Diploma,Upto 2.5L,70-80,"Rs 18,000/year",12/31,https://scholarships.gov.in,1
Sports & Academics Scholarship 4925,District Collector Office,Science,Goa,Male,All,Hindu,Class 12,No Limit,50-60,"Rs 60,000/year",12/28,https://scholarships.gov.in,1
Single Parent Child Scholarship 4926,District Collector Office,Medical,Uttarakhand,Male,SC,Sikh,PhD,Upto 5L,Above 75,"Rs 10,000/year",9/30,https://scholarships.gov.in,1
Single Parent Child Scholarship 4927,District Collector Office,Law,Bihar,Female,Minority,Muslim,Class 10,Upto 5L,Above 75,"Rs 1,500/year",9/31,https://scholarships.gov.in,1
Backward Class Merit Award 4928,Zilla Parishad,Biotechnology,Kerala,Female,SC,Buddhist,Class 10,No Limit,Above 60,"Rs 5,000/year",9/29,https://scholarships.gov.in,1
Backward Class Merit Award 4929,Trust Fund,Science,Meghalaya,Female,All,Buddhist,Postgraduate,Upto 5L,50-60,"Rs 25,000/year",12/31,https://scholarships.gov.in,1
Best Student Award Scholarship 4930,NGO Foundation,Law,Uttarakhand,Female,Minority,Christian,Undergraduate,No Limit,Above 75,"Rs 6,000/year",12/29,https://scholarships.gov.in,1
Academic Excellence Grant 4931,Zilla Parishad,Law,Andhra Pradesh,Male,Minority,Jain,Undergraduate,Upto 2.5L,Above 60,"Rs 60,000/year",10/31,https://scholarships.gov.in,1
First Generation Learner Award 4932,NGO Foundation,Architecture,Punjab,All,All,Sikh,Postgraduate,Upto 8L,80-90,"Rs 2,000/year",9/30,https://scholarships.gov.in,1
Backward Class Merit Award 4933,State Education Board,Computer Science,Manipur,All,Minority,Muslim,Diploma,Upto 1L,60-70,"Rs 20,000/year",10/28,https://scholarships.gov.in,1
District Topper Scholarship 4934,Zilla Parishad,Architecture,Karnataka,Male,OBC,All,Undergraduate,Upto 1L,80-90,"Rs 12,000/year",12/30,https://scholarships.gov.in,1
Sports & Academics Scholarship 4935,State Education Board,Education,Jharkhand,All,EWS,Christian,Diploma,Upto 1L,70-80,"Rs 2,000/year",9/31,https://scholarships.gov.in,1
Best Student Award Scholarship 4936,Trust Fund,Biotechnology,Manipur,Female,Minority,Jain,Postgraduate,No Limit,50-60,"Rs 50,000/year",11/29,https://scholarships.gov.in,1
Women in STEM Scholarship 4937,Trust Fund,Medical,Gujarat,Male,ST,Buddhist,Diploma,Upto 1L,60-70,"Rs 40,000/year",12/31,https://scholarships.gov.in,1
Rural Student Scholarship 4938,Zilla Parishad,Agriculture,Chhattisgarh,Female,All,Sikh,Diploma,Upto 1L,80-90,"Rs 5,000/year",9/31,https://scholarships.gov.in,1
District Topper Scholarship 4939,District Collector Office,Computer Science,Haryana,All,General,Buddhist,Diploma,Upto 8L,Above 60,"Rs 75,000/year",11/29,https://scholarships.gov.in,1
Academic Excellence Grant 4940,District Collector Office,Biotechnology,Madhya Pradesh,All,All,Jain,Undergraduate,Upto 2.5L,70-80,"Rs 35,000/year",10/31,https://scholarships.gov.in,1
Backward Class Merit Award 4941,Zilla Parishad,Journalism,Haryana,Male,All,Jain,PhD,Upto 2.5L,90-100,"Rs 5,000/year",11/30,https://scholarships.gov.in,1
Single Parent Child Scholarship 4942,District Collector Office,Design,West Bengal,Male,SC,Sikh,Class 10,Upto 1L,50-60,"Rs 25,000/year",11/28,https://scholarships.gov.in,1
Backward Class Merit Award 4943,District Collector Office,Management,Sikkim,Male,Minority,Muslim,Class 12,Upto 1L,50-60,"Rs 6,000/year",9/30,https://scholarships.gov.in,1
Single Parent Child Scholarship 4944,NGO Foundation,Biotechnology,Kerala,Male,All,Buddhist,Class 12,Upto 5L,60-70,"Rs 35,000/year",10/29,https://scholarships.gov.in,1
Sports & Academics Scholarship 4945,NGO Foundation,Biotechnology,Odisha,Male,SC,Sikh,Postgraduate,Upto 8L,Above 75,"Rs 1,000/year",10/28,https://scholarships.gov.in,1
Sports & Academics Scholarship 4946,NGO Foundation,Education,Chhattisgarh,Male,SC,All,Postgraduate,Upto 2.5L,Above 60,"Rs 3,000/year",12/29,https://scholarships.gov.in,1
First Generation Learner Award 4947,District Collector Office,Pharmacy,Madhya Pradesh,All,OBC,Sikh,Postgraduate,Upto 1L,60-70,"Rs 40,000/year",10/28,https://scholarships.gov.in,1
Women in STEM Scholarship 4948,Trust Fund,Design,Goa,All,EWS,All,Undergraduate,Upto 2.5L,70-80,"Rs 5,000/year",10/30,https://scholarships.gov.in,1
Best Student Award Scholarship 4949,State Education Board,Computer Science,Nagaland,Male,General,Jain,Class 10,Upto 3.5L,50-60,"Rs 40,000/year",11/30,https://scholarships.gov.in,1
Single Parent Child Scholarship 4950,District Collector Office,Management,Odisha,All,Minority,Buddhist,PhD,Upto 3.5L,80-90,"Rs 40,000/year",9/28,https://scholarships.gov.in,1
Best Student Award Scholarship 4951,Zilla Parishad,Journalism,Jharkhand,Female,All,Buddhist,Class 12,Upto 5L,Above 75,"Rs 20,000/year",12/30,https://scholarships.gov.in,1
Academic Excellence Grant 4952,NGO Foundation,Engineering,Jammu & Kashmir,Male,SC,Jain,PhD,Upto 2.5L,Above 60,"Rs 10,000/year",11/31,https://scholarships.gov.in,1
Sports & Academics Scholarship 4953,District Collector Office,Computer Science,Sikkim,Male,ST,Buddhist,Class 12,Upto 5L,Above 75,"Rs 60,000/year",12/31,https://scholarships.gov.in,1
Women in STEM Scholarship 4954,State Education Board,Arts/Commerce,Uttarakhand,Female,OBC,All,PhD,Upto 3.5L,Above 60,"Rs 40,000/year",10/31,https://scholarships.gov.in,1
Best Student Award Scholarship 4955,District Collector Office,Journalism,Goa,Male,General,Jain,Postgraduate,Upto 2.5L,Above 75,"Rs 1,500/year",10/29,https://scholarships.gov.in,1
Backward Class Merit Award 4956,Trust Fund,Science,Chhattisgarh,Male,General,All,Class 12,Upto 8L,50-60,"Rs 75,000/year",10/31,https://scholarships.gov.in,1
Rural Student Scholarship 4957,District Collector Office,Architecture,Telangana,Female,Minority,Christian,Undergraduate,No Limit,90-100,"Rs 60,000/year",9/28,https://scholarships.gov.in,1
Women in STEM Scholarship 4958,NGO Foundation,Medical,Manipur,Female,General,All,Undergraduate,Upto 2.5L,Above 60,"Rs 1,000/year",11/30,https://scholarships.gov.in,1
Single Parent Child Scholarship 4959,Zilla Parishad,Pharmacy,Uttarakhand,Male,OBC,All,PhD,Upto 1L,50-60,"Rs 1,000/year",11/31,https://scholarships.gov.in,1
Best Student Award Scholarship 4960,District Collector Office,Computer Science,Uttar Pradesh,All,Minority,All,Diploma,No Limit,70-80,"Rs 12,000/year",10/30,https://scholarships.gov.in,1
District Topper Scholarship 4961,NGO Foundation,Law,Uttar Pradesh,All,ST,Muslim,Postgraduate,Upto 3.5L,50-60,"Rs 6,000/year",12/31,https://scholarships.gov.in,1
Backward Class Merit Award 4962,District Collector Office,Management,Tamil Nadu,All,General,All,Class 10,Upto 8L,70-80,"Rs 30,000/year",10/29,https://scholarships.gov.in,1
BPL Student Aid 4963,NGO Foundation,Architecture,Maharashtra,Male,General,Buddhist,Diploma,Upto 1L,50-60,"Rs 60,000/year",11/29,https://scholarships.gov.in,1
First Generation Learner Award 4964,District Collector Office,Computer Science,Chhattisgarh,Male,ST,Muslim,Undergraduate,No Limit,90-100,"Rs 5,000/year",10/29,https://scholarships.gov.in,1
Academic Excellence Grant 4965,Trust Fund,Design,Kerala,Male,EWS,Buddhist,Undergraduate,No Limit,50-60,"Rs 2,500/year",11/28,https://scholarships.gov.in,1
Best Student Award Scholarship 4966,District Collector Office,Journalism,Jharkhand,Male,SC,All,Class 10,No Limit,50-60,"Rs 40,000/year",9/30,https://scholarships.gov.in,1
Women in STEM Scholarship 4967,District Collector Office,Engineering,Meghalaya,Female,Minority,Jain,Postgraduate,Upto 8L,Above 60,"Rs 60,000/year",12/30,https://scholarships.gov.in,1
First Generation Learner Award 4968,District Collector Office,Engineering,Bihar,All,EWS,Buddhist,Postgraduate,Upto 1L,Above 60,"Rs 2,500/year",9/30,https://scholarships.gov.in,1
BPL Student Aid 4969,State Education Board,Management,West Bengal,Male,SC,Muslim,Diploma,Upto 1L,Above 75,"Rs 18,000/year",12/29,https://scholarships.gov.in,1
Rural Student Scholarship 4970,NGO Foundation,Architecture,Jharkhand,Male,General,Muslim,Diploma,Upto 8L,90-100,"Rs 15,000/year",12/30,https://scholarships.gov.in,1
Women in STEM Scholarship 4971,NGO Foundation,Biotechnology,Jharkhand,All,SC,Muslim,Class 10,Upto 5L,80-90,"Rs 1,500/year",11/30,https://scholarships.gov.in,1
BPL Student Aid 4972,Trust Fund,All,Kerala,Female,Minority,Christian,Undergraduate,Upto 1L,60-70,"Rs 50,000/year",10/31,https://scholarships.gov.in,1
Academic Excellence Grant 4973,District Collector Office,Management,Tripura,Female,OBC,Christian,Class 12,No Limit,Above 60,"Rs 5,000/year",11/28,https://scholarships.gov.in,1
Backward Class Merit Award 4974,Zilla Parishad,Engineering,Uttar Pradesh,Male,SC,Hindu,Undergraduate,Upto 8L,80-90,"Rs 40,000/year",9/30,https://scholarships.gov.in,1
Best Student Award Scholarship 4975,NGO Foundation,All,Jammu & Kashmir,All,Minority,Jain,PhD,Upto 3.5L,90-100,"Rs 75,000/year",11/30,https://scholarships.gov.in,1
Backward Class Merit Award 4976,District Collector Office,Management,Telangana,Female,ST,Jain,Postgraduate,Upto 8L,Above 60,"Rs 2,000/year",12/29,https://scholarships.gov.in,1
BPL Student Aid 4977,District Collector Office,Computer Science,Uttar Pradesh,Male,Minority,Christian,Class 12,Upto 3.5L,90-100,"Rs 3,000/year",11/29,https://scholarships.gov.in,1
Women in STEM Scholarship 4978,Zilla Parishad,Journalism,Assam,Male,EWS,All,Diploma,Upto 8L,Above 60,"Rs 8,000/year",9/29,https://scholarships.gov.in,1
BPL Student Aid 4979,NGO Foundation,Education,Jharkhand,Male,General,Hindu,Diploma,Upto 1L,50-60,"Rs 25,000/year",9/28,https://scholarships.gov.in,1
Rural Student Scholarship 4980,State Education Board,Biotechnology,Telangana,Male,All,Buddhist,Diploma,Upto 5L,90-100,"Rs 50,000/year",12/31,https://scholarships.gov.in,1
Rural Student Scholarship 4981,State Education Board,Law,Manipur,Female,ST,Christian,Class 10,Upto 5L,50-60,"Rs 15,000/year",10/29,https://scholarships.gov.in,1
District Topper Scholarship 4982,State Education Board,Journalism,Mizoram,Female,SC,Christian,Undergraduate,Upto 2.5L,Above 75,"Rs 18,000/year",9/29,https://scholarships.gov.in,1
District Topper Scholarship 4983,Trust Fund,Pharmacy,Tripura,All,OBC,Sikh,Diploma,Upto 8L,80-90,"Rs 8,000/year",10/31,https://scholarships.gov.in,1
Single Parent Child Scholarship 4984,NGO Foundation,Arts/Commerce,Haryana,All,ST,Sikh,Class 12,Upto 5L,90-100,"Rs 12,000/year",11/30,https://scholarships.gov.in,1
Best Student Award Scholarship 4985,NGO Foundation,Arts/Commerce,Himachal Pradesh,Male,General,Jain,Postgraduate,Upto 5L,70-80,"Rs 8,000/year",10/31,https://scholarships.gov.in,1
Single Parent Child Scholarship 4986,NGO Foundation,Science,Himachal Pradesh,All,SC,Muslim,PhD,Upto 1L,60-70,"Rs 5,000/year",10/31,https://scholarships.gov.in,1
Single Parent Child Scholarship 4987,Zilla Parishad,Agriculture,Uttar Pradesh,Female,Minority,Jain,Class 12,No Limit,Above 60,"Rs 30,000/year",10/29,https://scholarships.gov.in,1
BPL Student Aid 4988,NGO Foundation,Journalism,Chhattisgarh,Male,All,Hindu,Undergraduate,Upto 1L,70-80,"Rs 2,000/year",12/30,https://scholarships.gov.in,1
Sports & Academics Scholarship 4989,State Education Board,Design,Sikkim,All,OBC,Christian,Postgraduate,Upto 5L,70-80,"Rs 20,000/year",11/29,https://scholarships.gov.in,1
Women in STEM Scholarship 4990,Trust Fund,Science,Arunachal Pradesh,Male,Minority,Buddhist,Diploma,No Limit,Above 60,"Rs 40,000/year",12/30,https://scholarships.gov.in,1
Women in STEM Scholarship 4991,State Education Board,Education,Sikkim,All,ST,Jain,Diploma,No Limit,90-100,"Rs 10,000/year",9/30,https://scholarships.gov.in,1
Rural Student Scholarship 4992,Zilla Parishad,Engineering,Madhya Pradesh,Female,ST,Christian,Postgraduate,Upto 3.5L,70-80,"Rs 15,000/year",12/28,https://scholarships.gov.in,1
Single Parent Child Scholarship 4993,District Collector Office,Arts/Commerce,West Bengal,Female,OBC,Christian,Class 12,Upto 5L,80-90,"Rs 35,000/year",10/28,https://scholarships.gov.in,1
Single Parent Child Scholarship 4994,NGO Foundation,Design,Jammu & Kashmir,All,Minority,Muslim,Class 10,Upto 8L,90-100,"Rs 2,500/year",10/29,https://scholarships.gov.in,1
Best Student Award Scholarship 4995,State Education Board,All,Goa,All,EWS,Buddhist,Class 12,Upto 8L,80-90,"Rs 1,000/year",12/28,https://scholarships.gov.in,1
Rural Student Scholarship 4996,Zilla Parishad,Computer Science,Haryana,All,OBC,All,PhD,Upto 5L,60-70,"Rs 2,000/year",9/30,https://scholarships.gov.in,1
BPL Student Aid 4997,Trust Fund,Pharmacy,Haryana,All,EWS,Buddhist,Class 12,Upto 8L,Above 75,"Rs 20,000/year",11/29,https://scholarships.gov.in,1
District Topper Scholarship 4998,District Collector Office,Arts/Commerce,Uttar Pradesh,Male,ST,Buddhist,Undergraduate,Upto 3.5L,Above 75,"Rs 2,500/year",11/30,https://scholarships.gov.in,1
Rural Student Scholarship 4999,District Collector Office,Architecture,Maharashtra,All,General,Sikh,PhD,Upto 1L,80-90,"Rs 40,000/year",12/31,https://scholarships.gov.in,1
Academic Excellence Grant 5000,Zilla Parishad,Architecture,Maharashtra,All,All,Jain,PhD,Upto 3.5L,Above 60,"Rs 60,000/year",10/29,https://scholarships.gov.in,1
